{"config_name": "binance_adaupusdt_211days_adg1.36%_bkr99.96%",
 "logging_level": 0,
 "long": {"enabled": true,
          "iprc_MAr_coeffs": [[-0.5436562417975105, -0.27734366571991453],
                              [-0.42611065544688703, 0.020324011066050817],
                              [0.6310681546502472, -0.564562977167473]],
          "iprc_const": 1.0029477743045663,
          "iqty_MAr_coeffs": [[0.6678122321900977, 0.3318144947832172],
                              [0.3005120825321649, -0.5858873149479361],
                              [-0.548789625982165, 0.262065976741057]],
          "iqty_const": 0.02079878791275403,
          "markup_MAr_coeffs": [[-0.2639346821947368, 0.7951064623754812],
                                [-0.8283045025656901, 0.5048627642284672],
                                [0.44778078082969236, 0.030433709879166798]],
          "markup_const": 1.001383336397213,
          "pbr_limit": 0.42636695933775204,
          "pbr_stop_loss": 0.573633040662248,
          "rprc_MAr_coeffs": [[-0.05089213631231929, 0.8630443160877231],
                              [-0.5090549780351351, -0.11255595391481638],
                              [-0.14956615296271916, -0.041813552579108584]],
          "rprc_PBr_coeffs": [[-0.5178354875549431, -0.6711425280810205]],
          "rprc_const": 0.9780036982372586,
          "rqty_MAr_coeffs": [[-0.5353455803508204, -0.6406011357961375],
                              [0.32876266226112805, 0.9424414171392814],
                              [-0.9365028959881743, -0.4383616756008737]],
          "rqty_const": 0.7817361599393832},
 "max_span": 15336.41374221684,
 "min_span": 363.5612259229669,
 "n_spans": 3,
 "shrt": {"enabled": false,
          "iprc_MAr_coeffs": [[0.0, 0.0], [0.0, 0.0], [0.0, 0.0]],
          "iprc_const": 0.0,
          "iqty_MAr_coeffs": [[0.0, 0.0], [0.0, 0.0], [0.0, 0.0]],
          "iqty_const": 0.0,
          "markup_MAr_coeffs": [[0.0, 0.0], [0.0, 0.0], [0.0, 0.0]],
          "markup_const": 0.0,
          "pbr_limit": 0.0,
          "pbr_stop_loss": 0.0,
          "rprc_MAr_coeffs": [[0.0, 0.0], [0.0, 0.0], [0.0, 0.0]],
          "rprc_PBr_coeffs": [[0.0, 0.0]],
          "rprc_const": 0.0,
          "rqty_MAr_coeffs": [[0.0, 0.0], [0.0, 0.0], [0.0, 0.0]],
          "rqty_const": 0.0}}