{"config_name": "binance_ftmbusd_55days_adg0.56%_bkr100.00%",
 "logging_level": 0,
 "long": {"enabled": true,
          "iprc_MAr_coeffs": [[0.6583912804232551, 0.6437161687957434],
                              [0.9, 0.5544614691938451],
                              [-0.3260604033269021, 0.9]],
          "iprc_const": 0.97,
          "iqty_MAr_coeffs": [[-0.31660323059518525, -0.22104782045109236],
                              [0.36336458110907477, 0.16366289730009895],
                              [0.13993845528066068, -0.35139262350259615]],
          "iqty_const": 0.06436496159366938,
          "markup_MAr_coeffs": [[0.2951286208778656, 0.6234548015774075],
                                [-0.230728574598348, 0.7482772877578312],
                                [-0.07737473082194812, 0.9]],
          "markup_const": 1.0103058078819125,
          "pbr_limit": 0.7287542845825967,
          "pbr_stop_loss": 0.2712457154174032,
          "rprc_MAr_coeffs": [[0.008544379260338113, 0.2562908668734477],
                              [-0.6614035100080742, 0.04952250402732432],
                              [0.0573632086673714, 0.5945887247510165]],
          "rprc_PBr_coeffs": [[-0.004112884670835607, -0.5137947633159993]],
          "rprc_const": 0.982334568443823,
          "rqty_MAr_coeffs": [[-0.7514512125399846, -0.6851854210019499],
                              [0.9, -0.8356629737472802],
                              [0.22904874134876665, 0.9]],
          "rqty_const": 1.3807350506967588},
 "max_span": 1665.3024743133449,
 "min_span": 1011.8967701855111,
 "n_spans": 3,
 "shrt": {"enabled": false,
          "iprc_MAr_coeffs": [[0.0, 0.0], [0.0, 0.0], [0.0, 0.0]],
          "iprc_const": 0.0,
          "iqty_MAr_coeffs": [[0.0, 0.0], [0.0, 0.0], [0.0, 0.0]],
          "iqty_const": 0.0,
          "markup_MAr_coeffs": [[0.0, 0.0], [0.0, 0.0], [0.0, 0.0]],
          "markup_const": 0.0,
          "pbr_limit": 0.0,
          "pbr_stop_loss": 0.0,
          "rprc_MAr_coeffs": [[0.0, 0.0], [0.0, 0.0], [0.0, 0.0]],
          "rprc_PBr_coeffs": [[0.0, 0.0]],
          "rprc_const": 0.0,
          "rqty_MAr_coeffs": [[0.0, 0.0], [0.0, 0.0], [0.0, 0.0]],
          "rqty_const": 0.0}}