{"config_name": "binance_kavausdt_211days_adg0.62%_bkr99.97%",
 "logging_level": 0,
 "long": {"enabled": true,
          "iprc_MAr_coeffs": [[-0.33182130176243796, -0.12780570275582354],
                              [0.1594344129156765, -0.2876159430757363],
                              [-0.14958479473815942, 0.18986138524626875]],
          "iprc_const": 0.9737113451168773,
          "iqty_MAr_coeffs": [[0.1342389076142695, 0.1671073947577996],
                              [0.4, -0.3291807682462274],
                              [-0.1781924949423956, 0.11703404012288576]],
          "iqty_const": 0.2636019175793411,
          "markup_MAr_coeffs": [[-0.3121294740392658, 0.32872842277276304],
                                [-0.32333950009530465, 0.14513458937898893],
                                [-0.18255515005950199, -0.10065577771542826]],
          "markup_const": 1.0214637287748884,
          "pbr_limit": 0.7586438371831844,
          "pbr_stop_loss": 0.2413561628168156,
          "rprc_MAr_coeffs": [[-0.1547486744368253, 0.37963081821490735],
                              [-0.026252322306143844, 0.4],
                              [0.31195374227723516, -0.2756749589644822]],
          "rprc_PBr_coeffs": [[-0.0847549349037501, -0.30781673117286096]],
          "rprc_const": 0.977669155539071,
          "rqty_MAr_coeffs": [[0.21417534845013367, 0.06855693600892467],
                              [0.1318816373568, -0.1508422561026901],
                              [-0.04433967125524074, -0.1859619212380556]],
          "rqty_const": 0.17529982745235168},
 "max_span": 996.4159301177037,
 "min_span": 997.8353813536297,
 "n_spans": 3,
 "shrt": {"enabled": false,
          "iprc_MAr_coeffs": [[-0.31505888693918527, 0.35733617629695325],
                              [0.006344051555760631, 0.2568662585797483],
                              [-6.243899052638107e-05, -0.4]],
          "iprc_const": 1.0080424138348074,
          "iqty_MAr_coeffs": [[-0.1123235257100916, -0.008219547556506489],
                              [0.1412752840439212, 0.36276821295889056],
                              [0.4, -0.4]],
          "iqty_const": 0.3207161780809513,
          "markup_MAr_coeffs": [[-0.34838422239869815, -0.09414350783197678],
                                [0.13513189663882358, -0.284134094732319],
                                [-0.1872613375903677, 0.29059189866244617]],
          "markup_const": 0.9772422193097035,
          "pbr_limit": 0.603527648679316,
          "pbr_stop_loss": 0.09989042353049694,
          "rprc_MAr_coeffs": [[-0.009370974880746, 0.17090558751908505],
                              [0.198934591692118, -0.14423954121563845],
                              [0.1681401466446834, -0.09706373709590506]],
          "rprc_PBr_coeffs": [[0.03235048981010195, 0.22055222294335217]],
          "rprc_const": 1.0226771511514177,
          "rqty_MAr_coeffs": [[-0.027110654465513345, 0.03590517815892815],
                              [-0.09905388238247556, -0.14423907140370734],
                              [-0.29777133880644996, 0.19222501486405125]],
          "rqty_const": 1.6482874877990743}}