{"config_name": "binance_maticbusd_211days_adg0.43%_bkr100.00%",
 "logging_level": 0,
 "long": {"enabled": true,
          "iprc_MAr_coeffs": [[-0.384375210288094, -0.34240178805163096],
                              [0.34518980139388705, -0.0873084788722427],
                              [0.39134376393608067, 0.10194914247735319]],
          "iprc_const": 0.9909544643670608,
          "iqty_MAr_coeffs": [[-0.1467297062893402, -0.2475310611796822],
                              [0.09495518169472485, -0.05643494465307614],
                              [0.045351192505523136, 0.03849949021783139]],
          "iqty_const": 0.02327640662184913,
          "markup_MAr_coeffs": [[-0.10409277386331742, 0.0589149542365369],
                                [0.1874699416266135, 0.38243243614268935],
                                [0.08397557493662515, -0.05899593038502625]],
          "markup_const": 1.0054469771510293,
          "pbr_limit": 0.008820515931788602,
          "pbr_stop_loss": 0.6399491239302405,
          "rprc_MAr_coeffs": [[0.08574205611555417, 0.38575312233416764],
                              [-0.026463618927465977, 0.036004401054701596],
                              [-0.0644687837510372, -0.056334045154252534]],
          "rprc_PBr_coeffs": [[-0.15480954549826462, -0.7069945913845724]],
          "rprc_const": 0.9908263187651107,
          "rqty_MAr_coeffs": [[0.16846876696839558, -0.17470526748222695],
                              [0.20230488251180628, 0.035278484197245046],
                              [-0.0923085597434369, 0.1506219269604203]],
          "rqty_const": 1.283448013911336},
 "max_span": 16245.002515555976,
 "min_span": 1292.6096410059174,
 "n_spans": 3,
 "shrt": {"enabled": false,
          "iprc_MAr_coeffs": [[0.0, 0.0], [0.0, 0.0], [0.0, 0.0]],
          "iprc_const": 0.0,
          "iqty_MAr_coeffs": [[0.0, 0.0], [0.0, 0.0], [0.0, 0.0]],
          "iqty_const": 0.0,
          "markup_MAr_coeffs": [[0.0, 0.0], [0.0, 0.0], [0.0, 0.0]],
          "markup_const": 0.0,
          "pbr_limit": 0.0,
          "pbr_stop_loss": 0.0,
          "rprc_MAr_coeffs": [[0.0, 0.0], [0.0, 0.0], [0.0, 0.0]],
          "rprc_PBr_coeffs": [[0.0, 0.0]],
          "rprc_const": 0.0,
          "rqty_MAr_coeffs": [[0.0, 0.0], [0.0, 0.0], [0.0, 0.0]],
          "rqty_const": 0.0}}