{"config_name": "scalp_longonly_binance_yfiupusdt_211days_adg0.35%_bkr13.32%",
 "logging_level": 0,
 "long": {"enabled": true,
          "markup_range": 0.008701820236785654,
          "min_markup": 0.0015094865505008532,
          "n_close_orders": 10,
          "primary_ddown_factor": 0.9648560967049801,
          "primary_grid_spacing": 0.029537257560046985,
          "primary_grid_spacing_pbr_weighting": [0.043524033939395725,
                                                 0.04741156434480349],
          "primary_initial_qty_pct": 0.005932143914279548,
          "primary_pbr_limit": 0.36826144,
          "secondary_ddown_factor": 1.8993933980702749,
          "secondary_grid_spacing": 0.16825985101479118,
          "secondary_pbr_limit_added": 0.63173856},
 "shrt": {"enabled": false,
          "markup_range": 0.004,
          "min_markup": 0.0005,
          "n_close_orders": 10,
          "primary_ddown_factor": 0.3,
          "primary_grid_spacing": 0.001,
          "primary_grid_spacing_pbr_weighting": [0, 0],
          "primary_initial_qty_pct": 0.001,
          "primary_pbr_limit": 0.3,
          "secondary_ddown_factor": 0.3,
          "secondary_grid_spacing": 0.07,
          "secondary_pbr_limit_added": 0.3}}