{"config_name": "scalp_longonly_binance_linkusdt_248days_adg0.00%_bkr5.84%",
 "logging_level": 0,
 "long": {"enabled": true,
          "markup_range": 0.009229555881479076,
          "min_markup": 0.004755121648518529,
          "n_close_orders": 10,
          "primary_ddown_factor": 0.9634923139221254,
          "primary_grid_spacing": 0.0034487840592030018,
          "primary_grid_spacing_pbr_weighting": [0.0037059876176806874,
                                                 0.02685283244113139],
          "primary_initial_qty_pct": 0.10814952916242264,
          "primary_pbr_limit": 1.196904482223518,
          "secondary_ddown_factor": 1.9032480087443286,
          "secondary_grid_spacing": 0.14123308718903957,
          "secondary_pbr_limit_added": 0.35146421876934325},
 "shrt": {"enabled": false,
          "markup_range": 0.004,
          "min_markup": 0.0005,
          "n_close_orders": 10,
          "primary_ddown_factor": 0.3,
          "primary_grid_spacing": 0.001,
          "primary_grid_spacing_pbr_weighting": [0, 0],
          "primary_initial_qty_pct": 0.001,
          "primary_pbr_limit": 0.3,
          "secondary_ddown_factor": 0.3,
          "secondary_grid_spacing": 0.09,
          "secondary_pbr_limit_added": 0.3}}