{"config_name": "longonly_binance_maticusdt_274days_adg1.568%_bkr50.73%_eqbal52.80%",
 "logging_level": 0,
 "cross_wallet_pct": 1.0,
 "long": {"enabled": true,
          "eprice_exp_base": 1.313301372851537,
          "eprice_pprice_diff": 0.006320995629576066,
          "grid_span": 0.1958399007322109,
          "initial_qty_pct": 0.02827797275192317,
          "markup_range": 0.006968665280233449,
          "max_n_entry_orders": 7,
          "min_markup": 0.004888521269073518,
          "n_close_orders": 7,
          "pbr_limit": 1.4964549281756805,
          "secondary_pbr_allocation": 0.020474913970795545,
          "secondary_pprice_diff": 0.27979144842861964},
 "shrt": {"enabled": false,
          "eprice_exp_base": 1.618034,
          "eprice_pprice_diff": 0.001,
          "grid_span": 0.03,
          "initial_qty_pct": 0.001,
          "markup_range": 0.004,
          "max_n_entry_orders": 10,
          "min_markup": 0.0005,
          "n_close_orders": 7,
          "pbr_limit": 0.5,
          "secondary_pbr_allocation": 0,
          "secondary_pprice_diff": 0.21}}
