{"config_name": "scalp_longonly_binance_axsusdt_211days_adg0.52%_bkr70.31%",
 "logging_level": 0,
 "long": {"enabled": true,
          "markup_range": 0.006081020393334057,
          "min_markup": 0.0049780098146801005,
          "n_close_orders": 10,
          "primary_ddown_factor": 1.0845159619915496,
          "primary_grid_spacing": 0.028471204098199043,
          "primary_grid_spacing_pbr_weighting": [0.026747188146100786,
                                                 0.031474509690794954],
          "primary_initial_qty_pct": 0.003779816571624999,
          "primary_pbr_limit": 0.61049497,
          "secondary_ddown_factor": 0.3260568396677345,
          "secondary_grid_spacing": 0.2877162235207333,
          "secondary_pbr_limit_added": 0.38950503},
 "shrt": {"enabled": false,
          "markup_range": 0.004,
          "min_markup": 0.0005,
          "n_close_orders": 10,
          "primary_ddown_factor": 0.3,
          "primary_grid_spacing": 0.001,
          "primary_grid_spacing_pbr_weighting": [0, 0],
          "primary_initial_qty_pct": 0.001,
          "primary_pbr_limit": 0.3,
          "secondary_ddown_factor": 0.3,
          "secondary_grid_spacing": 0.07,
          "secondary_pbr_limit_added": 0.3}}