{
  "avg_periodic_gain_key": "avg_3days_gain",
  "base_dir": "/Users/erwinhoeckx/passivbot_configs/backtests",
  "break_early_factor": 0.5,
  "c_mult": 1.0,
  "caches_dirpath": "/Users/erwinhoeckx/passivbot_configs/backtests/binance/SXPUSDT/caches/",
  "config_name": "name",
  "do_long": true,
  "do_shrt": true,
  "end_date": "2021-07-01",
  "exchange": "binance",
  "hedge_mode": true,
  "inverse": false,
  "iters": 10,
  "latency_simulation_ms": 750,
  "logging_level": 0,
  "long\u00a3enabled": true,
  "long\u00a3iprc_MAr_coeffs$00$00": -0.2788837620067729,
  "long\u00a3iprc_MAr_coeffs$00$01": -0.05613612039429272,
  "long\u00a3iprc_MAr_coeffs$01$00": 0.32158587526823923,
  "long\u00a3iprc_MAr_coeffs$01$01": -0.14345890124808341,
  "long\u00a3iprc_MAr_coeffs$02$00": -0.3456648404436699,
  "long\u00a3iprc_MAr_coeffs$02$01": 0.3276934118293934,
  "long\u00a3iprc_const": 1.0040266893049505,
  "long\u00a3iqty_MAr_coeffs$00$00": -0.19638526833225597,
  "long\u00a3iqty_MAr_coeffs$00$01": 0.35662542466696523,
  "long\u00a3iqty_MAr_coeffs$01$00": 0.38668760663891477,
  "long\u00a3iqty_MAr_coeffs$01$01": -0.2824879905274794,
  "long\u00a3iqty_MAr_coeffs$02$00": 0.2916727559447979,
  "long\u00a3iqty_MAr_coeffs$02$01": 0.33397729952338373,
  "long\u00a3iqty_const": 0.06456986445564927,
  "long\u00a3markup_MAr_coeffs$00$00": -0.25345886170677756,
  "long\u00a3markup_MAr_coeffs$00$01": 0.14667865169220862,
  "long\u00a3markup_MAr_coeffs$01$00": 0.38373019401667996,
  "long\u00a3markup_MAr_coeffs$01$01": -0.17580437951699832,
  "long\u00a3markup_MAr_coeffs$02$00": 0.10938378893761291,
  "long\u00a3markup_MAr_coeffs$02$01": 0.023299096607625303,
  "long\u00a3markup_const": 1.0174705275220801,
  "long\u00a3pbr_limit": 0.5323583403334781,
  "long\u00a3pbr_stop_loss": 0.10082647657744401,
  "long\u00a3rprc_MAr_coeffs$00$00": 0.17035674770069187,
  "long\u00a3rprc_MAr_coeffs$00$01": -0.11821907293328338,
  "long\u00a3rprc_MAr_coeffs$01$00": -0.09649902438095354,
  "long\u00a3rprc_MAr_coeffs$01$01": 0.06626016820779634,
  "long\u00a3rprc_MAr_coeffs$02$00": -0.3980164293988973,
  "long\u00a3rprc_MAr_coeffs$02$01": 0.2470440487330977,
  "long\u00a3rprc_PBr_coeffs$00$00": -0.10665184041781184,
  "long\u00a3rprc_PBr_coeffs$00$01": -0.0533096836794702,
  "long\u00a3rprc_const": 0.9913177486864879,
  "long\u00a3rqty_MAr_coeffs$00$00": -0.2476856359225341,
  "long\u00a3rqty_MAr_coeffs$00$01": -0.08340665426797261,
  "long\u00a3rqty_MAr_coeffs$01$00": 0.044552925006895006,
  "long\u00a3rqty_MAr_coeffs$01$01": -0.27063737237446733,
  "long\u00a3rqty_MAr_coeffs$02$00": 0.21873258596716516,
  "long\u00a3rqty_MAr_coeffs$02$01": 0.0723764453824769,
  "long\u00a3rqty_const": 1.2970542295958927,
  "maker_fee": 0.0002,
  "market_type": "futures",
  "max_leverage": 50,
  "max_span": 9363.682128089325,
  "maximum_hrs_no_fills": 72,
  "maximum_hrs_no_fills_same_side": 144,
  "metric": "adjusted_daily_gain",
  "min_cost": 5.0,
  "min_qty": 0.1,
  "min_span": 703.3631503357759,
  "minimum_bankruptcy_distance": 0.5,
  "minimum_equity_balance_ratio": 0.5,
  "minimum_sharpe_ratio": 1,
  "minimum_slice_adg": 1,
  "n_days": 29.99997685185185,
  "n_particles": 48,
  "n_spans": 3,
  "num_cpus": 4,
  "optimize_dirpath": "/Users/erwinhoeckx/passivbot_configs/backtests/binance/SXPUSDT/optimize/2021-07-27T222617/",
  "options": {
    "c1": 1.4962,
    "c2": 1.4962,
    "w": 0.7298
  },
  "periodic_gain_n_days": 3,
  "plots_dirpath": "/Users/erwinhoeckx/passivbot_configs/backtests/binance/SXPUSDT/plots/",
  "price_step": 0.0001,
  "qty_step": 0.1,
  "ranges": {
    "long\u00a3iprc_MAr_coeffs$00$00": [
      -0.4,
      0.4
    ],
    "long\u00a3iprc_MAr_coeffs$00$01": [
      -0.4,
      0.4
    ],
    "long\u00a3iprc_MAr_coeffs$01$00": [
      -0.4,
      0.4
    ],
    "long\u00a3iprc_MAr_coeffs$01$01": [
      -0.4,
      0.4
    ],
    "long\u00a3iprc_MAr_coeffs$02$00": [
      -0.4,
      0.4
    ],
    "long\u00a3iprc_MAr_coeffs$02$01": [
      -0.4,
      0.4
    ],
    "long\u00a3iprc_const": [
      0.97,
      1.01
    ],
    "long\u00a3iqty_MAr_coeffs$00$00": [
      -0.4,
      0.4
    ],
    "long\u00a3iqty_MAr_coeffs$00$01": [
      -0.4,
      0.4
    ],
    "long\u00a3iqty_MAr_coeffs$01$00": [
      -0.4,
      0.4
    ],
    "long\u00a3iqty_MAr_coeffs$01$01": [
      -0.4,
      0.4
    ],
    "long\u00a3iqty_MAr_coeffs$02$00": [
      -0.4,
      0.4
    ],
    "long\u00a3iqty_MAr_coeffs$02$01": [
      -0.4,
      0.4
    ],
    "long\u00a3iqty_const": [
      0.01,
      0.5
    ],
    "long\u00a3markup_MAr_coeffs$00$00": [
      -0.4,
      0.4
    ],
    "long\u00a3markup_MAr_coeffs$00$01": [
      -0.4,
      0.4
    ],
    "long\u00a3markup_MAr_coeffs$01$00": [
      -0.4,
      0.4
    ],
    "long\u00a3markup_MAr_coeffs$01$01": [
      -0.4,
      0.4
    ],
    "long\u00a3markup_MAr_coeffs$02$00": [
      -0.4,
      0.4
    ],
    "long\u00a3markup_MAr_coeffs$02$01": [
      -0.4,
      0.4
    ],
    "long\u00a3markup_const": [
      1,
      1.03
    ],
    "long\u00a3pbr_limit": [
      0.1,
      2
    ],
    "long\u00a3pbr_stop_loss": [
      -0.1,
      0.5
    ],
    "long\u00a3rprc_MAr_coeffs$00$00": [
      -0.4,
      0.4
    ],
    "long\u00a3rprc_MAr_coeffs$00$01": [
      -0.4,
      0.4
    ],
    "long\u00a3rprc_MAr_coeffs$01$00": [
      -0.4,
      0.4
    ],
    "long\u00a3rprc_MAr_coeffs$01$01": [
      -0.4,
      0.4
    ],
    "long\u00a3rprc_MAr_coeffs$02$00": [
      -0.4,
      0.4
    ],
    "long\u00a3rprc_MAr_coeffs$02$01": [
      -0.4,
      0.4
    ],
    "long\u00a3rprc_PBr_coeffs$00$00": [
      -1,
      0.1
    ],
    "long\u00a3rprc_PBr_coeffs$00$01": [
      -1,
      0.1
    ],
    "long\u00a3rprc_const": [
      0.97,
      1
    ],
    "long\u00a3rqty_MAr_coeffs$00$00": [
      -0.4,
      0.4
    ],
    "long\u00a3rqty_MAr_coeffs$00$01": [
      -0.4,
      0.4
    ],
    "long\u00a3rqty_MAr_coeffs$01$00": [
      -0.4,
      0.4
    ],
    "long\u00a3rqty_MAr_coeffs$01$01": [
      -0.4,
      0.4
    ],
    "long\u00a3rqty_MAr_coeffs$02$00": [
      -0.4,
      0.4
    ],
    "long\u00a3rqty_MAr_coeffs$02$01": [
      -0.4,
      0.4
    ],
    "long\u00a3rqty_const": [
      0,
      2
    ],
    "max_span": [
      720,
      30000
    ],
    "min_span": [
      20,
      720
    ],
    "shrt\u00a3iprc_MAr_coeffs$00$00": [
      -0.4,
      0.4
    ],
    "shrt\u00a3iprc_MAr_coeffs$00$01": [
      -0.4,
      0.4
    ],
    "shrt\u00a3iprc_MAr_coeffs$01$00": [
      -0.4,
      0.4
    ],
    "shrt\u00a3iprc_MAr_coeffs$01$01": [
      -0.4,
      0.4
    ],
    "shrt\u00a3iprc_MAr_coeffs$02$00": [
      -0.4,
      0.4
    ],
    "shrt\u00a3iprc_MAr_coeffs$02$01": [
      -0.4,
      0.4
    ],
    "shrt\u00a3iprc_const": [
      0.99,
      1.03
    ],
    "shrt\u00a3iqty_MAr_coeffs$00$00": [
      -0.4,
      0.4
    ],
    "shrt\u00a3iqty_MAr_coeffs$00$01": [
      -0.4,
      0.4
    ],
    "shrt\u00a3iqty_MAr_coeffs$01$00": [
      -0.4,
      0.4
    ],
    "shrt\u00a3iqty_MAr_coeffs$01$01": [
      -0.4,
      0.4
    ],
    "shrt\u00a3iqty_MAr_coeffs$02$00": [
      -0.4,
      0.4
    ],
    "shrt\u00a3iqty_MAr_coeffs$02$01": [
      -0.4,
      0.4
    ],
    "shrt\u00a3iqty_const": [
      0.01,
      0.5
    ],
    "shrt\u00a3markup_MAr_coeffs$00$00": [
      -0.4,
      0.4
    ],
    "shrt\u00a3markup_MAr_coeffs$00$01": [
      -0.4,
      0.4
    ],
    "shrt\u00a3markup_MAr_coeffs$01$00": [
      -0.4,
      0.4
    ],
    "shrt\u00a3markup_MAr_coeffs$01$01": [
      -0.4,
      0.4
    ],
    "shrt\u00a3markup_MAr_coeffs$02$00": [
      -0.4,
      0.4
    ],
    "shrt\u00a3markup_MAr_coeffs$02$01": [
      -0.4,
      0.4
    ],
    "shrt\u00a3markup_const": [
      0.97,
      1
    ],
    "shrt\u00a3pbr_limit": [
      0.1,
      2
    ],
    "shrt\u00a3pbr_stop_loss": [
      -0.1,
      0.5
    ],
    "shrt\u00a3rprc_MAr_coeffs$00$00": [
      -0.4,
      0.4
    ],