{"config_name": "longonly_binance_thetausdt_274days_adg0.476%_bkr42.27%_eqbal72.02%",
 "logging_level": 0,
 "long": {"enabled": true,
          "eprice_exp_base": 1.0352971567655633,
          "eprice_pprice_diff": 0.03946369793584532,
          "grid_span": 0.21790821871742916,
          "initial_qty_pct": 0.03253485296563267,
          "markup_range": 0.02,
          "max_n_entry_orders": 15,
          "min_markup": 0.0010546262650203448,
          "n_close_orders": 7,
          "pbr_limit": 1.8444337342707384,
          "secondary_pbr_allocation": 0.18424130711219622,
          "secondary_pprice_diff": 0.08733545226759198},
 "shrt": {"enabled": false,
          "eprice_exp_base": 1.618034,
          "eprice_pprice_diff": 0.001,
          "grid_span": 0.03,
          "initial_qty_pct": 0.001,
          "markup_range": 0.004,
          "max_n_entry_orders": 10,
          "min_markup": 0.0005,
          "n_close_orders": 7,
          "pbr_limit": 0.5,
          "secondary_pbr_allocation": 0,
          "secondary_pprice_diff": 0.21}}