{"config_name": "binance_atomusdt_211days_adg0.48%_bkr100.00%",
 "logging_level": 0,
 "long": {"enabled": true,
          "iprc_MAr_coeffs": [[-0.535274643670499, -0.63487559133218],
                              [-0.7317557249407903, 0.7449537327811206],
                              [0.33125327698288165, 0.48368756580913375]],
          "iprc_const": 0.9860289956672339,
          "iqty_MAr_coeffs": [[-0.1496586435154509, -0.14365628905235378],
                              [0.4988977023363149, -0.313278483483306],
                              [0.8709973595254965, 0.6786766208360839]],
          "iqty_const": 0.08680528801288737,
          "markup_MAr_coeffs": [[-0.6532288988919102, -0.5151173837885331],
                                [-0.6991411945808198, 0.5334814355076679],
                                [0.007017091692905107, 0.6145879847361622]],
          "markup_const": 1.0,
          "pbr_limit": 0.8320492707104845,
          "pbr_stop_loss": 0.0,
          "rprc_MAr_coeffs": [[0.0011086325563325105, 0.9],
                              [0.6196401096880961, -0.7783221253284112],
                              [-0.3383517042294444, 0.08587503912542065]],
          "rprc_PBr_coeffs": [[-0.8349305383296092, -0.5139358383992937]],
          "rprc_const": 1.0,
          "rqty_MAr_coeffs": [[-0.09372668145527983, 0.3421389553362042],
                              [0.4902742508027871, -0.43829331160062407],
                              [-0.5903380969113783, 0.6981465643972904]],
          "rqty_const": 1.7895511050170694},
 "max_span": 14734.501070457492,
 "min_span": 200.88269838292348,
 "n_spans": 3,
 "shrt": {"enabled": false,
          "iprc_MAr_coeffs": [[0.0, 0.0], [0.0, 0.0], [0.0, 0.0]],
          "iprc_const": 0.0,
          "iqty_MAr_coeffs": [[0.0, 0.0], [0.0, 0.0], [0.0, 0.0]],
          "iqty_const": 0.0,
          "markup_MAr_coeffs": [[0.0, 0.0], [0.0, 0.0], [0.0, 0.0]],
          "markup_const": 0.0,
          "pbr_limit": 0.0,
          "pbr_stop_loss": 0.0,
          "rprc_MAr_coeffs": [[0.0, 0.0], [0.0, 0.0], [0.0, 0.0]],
          "rprc_PBr_coeffs": [[0.0, 0.0]],
          "rprc_const": 0.0,
          "rqty_MAr_coeffs": [[0.0, 0.0], [0.0, 0.0], [0.0, 0.0]],
          "rqty_const": 0.0}}