{"config_name": "binance_btcusdt_152days_adg0.22%_bkr99.95%",
 "logging_level": 0,
 "long": {"enabled": true,
          "iprc_MAr_coeffs": [[-0.3851682314152632, -0.19969800883982614],
                              [0.3968446603400274, 0.04592923281818863],
                              [-0.2678901724385497, 0.09988915216852672]],
          "iprc_const": 0.9907321962291692,
          "iqty_MAr_coeffs": [[0.2751201914634387, -0.017614261306524794],
                              [0.24643189416771705, -0.14404639166843894],
                              [-0.02655231284574838, -0.17446414432642832]],
          "iqty_const": 0.028658384617998578,
          "markup_MAr_coeffs": [[-0.055270179692998044, 0.10043280461885908],
                                [-0.22820435053407362, -0.3020084269481273],
                                [0.10070737212857506, 0.31086193151800684]],
          "markup_const": 1.0114455327917817,
          "pbr_limit": 0.9789702941374681,
          "pbr_stop_loss": 0.021029705862532,
          "rprc_MAr_coeffs": [[-0.2497950459345791, -0.03890766991510599],
                              [0.17032349861308704, 0.33818812117480757],
                              [0.11095826221947781, -0.16244152991464486]],
          "rprc_PBr_coeffs": [[-0.17125032512729127, -0.0847674576546673]],
          "rprc_const": 0.9744786114803744,
          "rqty_MAr_coeffs": [[0.4, -0.2897498438054664],
                              [0.2459396874392135, -0.018003012414447322],
                              [0.06936350430737499, 0.11940769962995383]],
          "rqty_const": 1.1690659977217912},
 "max_span": 949.1841204845865,
 "min_span": 330.1677297429263,
 "n_spans": 3,
 "shrt": {"enabled": false,
          "iprc_MAr_coeffs": [[0.09286570171219469, -0.0312610847468182],
                              [-0.12417762216353902, -0.05827832612775115],
                              [0.29199095346410436, 0.4]],
          "iprc_const": 1.03,
          "iqty_MAr_coeffs": [[-0.3285416339233037, 0.10887577116687898],
                              [-0.27543885427434145, -0.1232920387863557],
                              [0.1446116474251586, -0.08516847854754636]],
          "iqty_const": 0.4538301076935654,
          "markup_MAr_coeffs": [[-0.07892969827850196, 0.29478808453824273],
                                [0.15027857311764015, 0.2757329909361384],
                                [-0.17233391383586996, 0.32668365514045966]],
          "markup_const": 0.9880356169680405,
          "pbr_limit": 0.4101049768291706,
          "pbr_stop_loss": 0.4882902978892021,
          "rprc_MAr_coeffs": [[0.06711478525327871, -0.23524607416826224],
                              [0.31606995891341777, 0.09308309433836252],
                              [-0.07809407953242413, 0.01615771030981004]],
          "rprc_PBr_coeffs": [[-0.0709650672513885, 0.5700929758136613]],
          "rprc_const": 1.0231520115312818,
          "rqty_MAr_coeffs": [[0.20748097090463524, 0.1641801866118433],
                              [0.1948432477051925, 0.1945057888286544],
                              [0.21405289307594091, -0.2831986088784531]],
          "rqty_const": 0.7397900498308128}}