{"config_name": "scalp_longonly_binance_bchusdt_248days_adg0.00%_bkr5.93%",
 "logging_level": 0,
 "long": {"enabled": true,
          "markup_range": 0.005934138245176253,
          "min_markup": 0.004768458918097971,
          "n_close_orders": 10,
          "primary_ddown_factor": 2.888017368959885,
          "primary_grid_spacing": 0.003967731561786819,
          "primary_grid_spacing_pbr_weighting": [0.012089956496527512,
                                                 0.05194074973215843],
          "primary_initial_qty_pct": 0.14597555945789445,
          "primary_pbr_limit": 1.2150010859806755,
          "secondary_ddown_factor": 1.4109265740256816,
          "secondary_grid_spacing": 0.20262951527639397,
          "secondary_pbr_limit_added": 0.8262591008589005},
 "shrt": {"enabled": false,
          "markup_range": 0.004,
          "min_markup": 0.0005,
          "n_close_orders": 10,
          "primary_ddown_factor": 0.3,
          "primary_grid_spacing": 0.001,
          "primary_grid_spacing_pbr_weighting": [0, 0],
          "primary_initial_qty_pct": 0.001,
          "primary_pbr_limit": 0.3,
          "secondary_ddown_factor": 0.3,
          "secondary_grid_spacing": 0.09,
          "secondary_pbr_limit_added": 0.3}}