{"config_name": "scalp_longonly_binance_solusdt_248days_adg0.00%_bkr5.88%",
 "logging_level": 0,
 "long": {"enabled": true,
          "markup_range": 0.008367673018866465,
          "min_markup": 0.004552776598862346,
          "n_close_orders": 10,
          "primary_ddown_factor": 2.893529695546269,
          "primary_grid_spacing": 0.0013805765658542334,
          "primary_grid_spacing_pbr_weighting": [0.0611118024952351,
                                                 0.031132601214797113],
          "primary_initial_qty_pct": 0.09761213319403376,
          "primary_pbr_limit": 1.285120242120011,
          "secondary_ddown_factor": 0.894844407308847,
          "secondary_grid_spacing": 0.22906341091714652,
          "secondary_pbr_limit_added": 0.3034951741625847},
 "shrt": {"enabled": false,
          "markup_range": 0.004,
          "min_markup": 0.0005,
          "n_close_orders": 10,
          "primary_ddown_factor": 0.3,
          "primary_grid_spacing": 0.001,
          "primary_grid_spacing_pbr_weighting": [0, 0],
          "primary_initial_qty_pct": 0.001,
          "primary_pbr_limit": 0.3,
          "secondary_ddown_factor": 0.3,
          "secondary_grid_spacing": 0.09,
          "secondary_pbr_limit_added": 0.3}}