{"config_name": "longonly_binance_eosusdt_274days_adg0.334%_bkr51.65%_eqbal56.35%",
 "logging_level": 0,
 "long": {"enabled": true,
          "eprice_exp_base": 1.0211198053283683,
          "eprice_pprice_diff": 0.04651049056259122,
          "grid_span": 0.2684073487108885,
          "initial_qty_pct": 0.061136745375285934,
          "markup_range": 0.007650122233580211,
          "max_n_entry_orders": 21,
          "min_markup": 0.0019822881487953354,
          "n_close_orders": 8,
          "pbr_limit": 1.5118690226763283,
          "secondary_pbr_allocation": 0.14537137994400204,
          "secondary_pprice_diff": 0.14086132053219919},
 "shrt": {"enabled": false,
          "eprice_exp_base": 1.618034,
          "eprice_pprice_diff": 0.001,
          "grid_span": 0.03,
          "initial_qty_pct": 0.001,
          "markup_range": 0.004,
          "max_n_entry_orders": 10,
          "min_markup": 0.0005,
          "n_close_orders": 7,
          "pbr_limit": 0.5,
          "secondary_pbr_allocation": 0,
          "secondary_pprice_diff": 0.21}}