{"config_name": "scalp_longonly_binance_rvnusdt_211days_adg0.81%_bkr82.47%",
 "logging_level": 0,
 "long": {"enabled": true,
          "markup_range": 0.007975417648665125,
          "min_markup": 0.004820545965499145,
          "n_close_orders": 10,
          "primary_ddown_factor": 2.711341199507937,
          "primary_grid_spacing": 0.020420744139550896,
          "primary_grid_spacing_pbr_weighting": [0.022031540799825312,
                                                 0.0008994651742189677],
          "primary_initial_qty_pct": 0.012720107785902365,
          "primary_pbr_limit": 0.32340182,
          "secondary_ddown_factor": 1.9112838051065484,
          "secondary_grid_spacing": 0.12052015847429398,
          "secondary_pbr_limit_added": 0.67659818},
 "shrt": {"enabled": false,
          "markup_range": 0.004,
          "min_markup": 0.0005,
          "n_close_orders": 10,
          "primary_ddown_factor": 0.3,
          "primary_grid_spacing": 0.001,
          "primary_grid_spacing_pbr_weighting": [0, 0],
          "primary_initial_qty_pct": 0.001,
          "primary_pbr_limit": 0.3,
          "secondary_ddown_factor": 0.3,
          "secondary_grid_spacing": 0.07,
          "secondary_pbr_limit_added": 0.3}}