{"config_name": "binance_btcbusd_211days_adg0.30%_bkr100.00%",
 "logging_level": 0,
 "long": {"enabled": true,
          "iprc_MAr_coeffs": [[-0.433388775800423, -0.8725078049625532],
                              [-0.4812589246150358, 0.7171062735354894],
                              [0.4244623669335904, 0.36126277497840376]],
          "iprc_const": 0.9824584582502099,
          "iqty_MAr_coeffs": [[-0.13147454659221808, 0.06779628788218085],
                              [-0.028739684395957258, 0.21164889722783292],
                              [-0.18372386619380102, -0.7394588219592062]],
          "iqty_const": 0.02066997804766147,
          "markup_MAr_coeffs": [[-0.47201184883690983, -0.2669195635583557],
                                [0.05640926284827521, -0.05604936851793355],
                                [-0.5599198632014768, 0.7987683560742145]],
          "markup_const": 1.0223731199698898,
          "pbr_limit": 0.8651359162719201,
          "pbr_stop_loss": 0.047104830357640466,
          "rprc_MAr_coeffs": [[-0.7935197882017132, -0.6444099399365207],
                              [-0.6779218388601465, 0.43513424345127777],
                              [0.7296497036215058, -0.6472855360354234]],
          "rprc_PBr_coeffs": [[-0.05832890959303045, -0.2587829004206525]],
          "rprc_const": 0.9831076174760393,
          "rqty_MAr_coeffs": [[-0.5626282828792152, 0.3441249463205502],
                              [0.6841162146204778, -0.11462001209833143],
                              [0.2457442221105512, -0.6359957261652417]],
          "rqty_const": 0.47894208937456195},
 "max_span": 1733.6551608556622,
 "min_span": 1167.093077944942,
 "n_spans": 3,
 "shrt": {"enabled": false,
          "iprc_MAr_coeffs": [[0.0, 0.0], [0.0, 0.0], [0.0, 0.0]],
          "iprc_const": 0.0,
          "iqty_MAr_coeffs": [[0.0, 0.0], [0.0, 0.0], [0.0, 0.0]],
          "iqty_const": 0.0,
          "markup_MAr_coeffs": [[0.0, 0.0], [0.0, 0.0], [0.0, 0.0]],
          "markup_const": 0.0,
          "pbr_limit": 0.0,
          "pbr_stop_loss": 0.0,
          "rprc_MAr_coeffs": [[0.0, 0.0], [0.0, 0.0], [0.0, 0.0]],
          "rprc_PBr_coeffs": [[0.0, 0.0]],
          "rprc_const": 0.0,
          "rqty_MAr_coeffs": [[0.0, 0.0], [0.0, 0.0], [0.0, 0.0]],
          "rqty_const": 0.0}}