{"config_name": "scalp_longonly_binance_ltcusdt_248days_adg0.00%_bkr5.97%",
 "logging_level": 0,
 "long": {"enabled": true,
          "markup_range": 0.007688931950102739,
          "min_markup": 0.004920243287648862,
          "n_close_orders": 10,
          "primary_ddown_factor": 1.0268433417523932,
          "primary_grid_spacing": 0.0046716120560149335,
          "primary_grid_spacing_pbr_weighting": [0.008012550870958703,
                                                 0.05003553489308606],
          "primary_initial_qty_pct": 0.12984702356183944,
          "primary_pbr_limit": 1.3150689952666421,
          "secondary_ddown_factor": 1.134267391828139,
          "secondary_grid_spacing": 0.28358427940865344,
          "secondary_pbr_limit_added": 0.6461890677459963},
 "shrt": {"enabled": false,
          "markup_range": 0.004,
          "min_markup": 0.0005,
          "n_close_orders": 10,
          "primary_ddown_factor": 0.3,
          "primary_grid_spacing": 0.001,
          "primary_grid_spacing_pbr_weighting": [0, 0],
          "primary_initial_qty_pct": 0.001,
          "primary_pbr_limit": 0.3,
          "secondary_ddown_factor": 0.3,
          "secondary_grid_spacing": 0.09,
          "secondary_pbr_limit_added": 0.3}}