{"config_name": "binance_omgusdt_211days_adg0.65%_bkr99.94%",
 "logging_level": 0,
 "long": {"enabled": true,
          "iprc_MAr_coeffs": [[-0.3477386278104746, 0.5941704032975952],
                              [-0.6636471387076534, -0.630215611166989],
                              [0.7925812000556909, -0.6373735361074685]],
          "iprc_const": 0.9901182223351922,
          "iqty_MAr_coeffs": [[-0.5240207878845773, -0.23385060012607387],
                              [0.42734158657415616, 0.6887833036829493],
                              [-0.1706057559532606, -0.5737261483932787]],
          "iqty_const": 0.04821013954418539,
          "markup_MAr_coeffs": [[-0.6981743659316112, 0.7723800720018985],
                                [-0.17718365967611882, -0.8672973806740748],
                                [-0.0611435475863903, 0.3485683592784827]],
          "markup_const": 1.026372219474352,
          "pbr_limit": 0.14465093543152663,
          "pbr_stop_loss": 0.8553490645684734,
          "rprc_MAr_coeffs": [[0.39715214111314284, 0.06327840378802348],
                              [0.1269430693926439, 0.19798175879200458],
                              [0.9, 0.9]],
          "rprc_PBr_coeffs": [[0.1800469999932258, -0.19916236917078134]],
          "rprc_const": 0.9798113231305005,
          "rqty_MAr_coeffs": [[-0.002691275917155516, 0.7386509809662031],
                              [0.20217434478355417, -0.25690339285073205],
                              [-0.5701873946782696, -0.11587015326925203]],
          "rqty_const": 1.8399924315211305},
 "max_span": 4139.509025844517,
 "min_span": 1324.41861790157,
 "n_spans": 3,
 "shrt": {"enabled": false,
          "iprc_MAr_coeffs": [[0.0, 0.0], [0.0, 0.0], [0.0, 0.0]],
          "iprc_const": 0.0,
          "iqty_MAr_coeffs": [[0.0, 0.0], [0.0, 0.0], [0.0, 0.0]],
          "iqty_const": 0.0,
          "markup_MAr_coeffs": [[0.0, 0.0], [0.0, 0.0], [0.0, 0.0]],
          "markup_const": 0.0,
          "pbr_limit": 0.0,
          "pbr_stop_loss": 0.0,
          "rprc_MAr_coeffs": [[0.0, 0.0], [0.0, 0.0], [0.0, 0.0]],
          "rprc_PBr_coeffs": [[0.0, 0.0]],
          "rprc_const": 0.0,
          "rqty_MAr_coeffs": [[0.0, 0.0], [0.0, 0.0], [0.0, 0.0]],
          "rqty_const": 0.0}}