{"config_name": "longonly_binance_icpusdt_144days_adg0.859%_bkr61.08%_eqbal79.82%",
 "logging_level": 0,
 "long": {"enabled": true,
          "eprice_exp_base": 1.4742918256553377,
          "eprice_pprice_diff": 0.006690726189419001,
          "grid_span": 0.18247327849602962,
          "initial_qty_pct": 0.006492570348287049,
          "markup_range": 0.007800444728154168,
          "max_n_entry_orders": 22,
          "min_markup": 0.0037648585562135768,
          "n_close_orders": 5,
          "pbr_limit": 1.4857761709209143,
          "secondary_pbr_allocation": 0.1256245480460788,
          "secondary_pprice_diff": 0.0358166324751305},
 "shrt": {"enabled": false,
          "eprice_exp_base": 1.618034,
          "eprice_pprice_diff": 0.001,
          "grid_span": 0.03,
          "initial_qty_pct": 0.001,
          "markup_range": 0.004,
          "max_n_entry_orders": 10,
          "min_markup": 0.0005,
          "n_close_orders": 7,
          "pbr_limit": 0.5,
          "secondary_pbr_allocation": 0,
          "secondary_pprice_diff": 0.21}}