{"config_name": "binance_maticeur_134days_adg0.18%_bkr100.00%",
 "logging_level": 0,
 "long": {"enabled": true,
          "iprc_MAr_coeffs": [[-0.1567682575712232, 0.30167617698222887],
                              [0.3221788727685304, 0.3716052124676953],
                              [0.20247291186230576, 0.13678131761175014]],
          "iprc_const": 0.9757857628440558,
          "iqty_MAr_coeffs": [[0.15168121199750714, -0.20637133184646764],
                              [0.330085670398204, 0.22589365258638333],
                              [0.040941329459608676, -0.39038187652680945]],
          "iqty_const": 0.025130615395585785,
          "markup_MAr_coeffs": [[-0.3987939016554252, 0.04238788758376472],
                                [0.3100975731413439, 0.36027030270975896],
                                [-0.18381485265497277, 0.20135107766269794]],
          "markup_const": 1.0269504184830247,
          "pbr_limit": 0.005835363586199516,
          "pbr_stop_loss": 0.9941646364138005,
          "rprc_MAr_coeffs": [[-0.271618114397863, -0.2589728758889787],
                              [0.16845359458325251, 0.07800457555350482],
                              [-0.3819753433680386, 0.34666060406201676]],
          "rprc_PBr_coeffs": [[-0.8533835182663948, -0.37162760522430954]],
          "rprc_const": 0.993801777617672,
          "rqty_MAr_coeffs": [[0.21522759058079108, 0.2536729565206274],
                              [-0.12241416461066058, 0.2829253130773654],
                              [0.39277223381364357, 0.28269518242683545]],
          "rqty_const": 0.0020409329429750636},
 "max_span": 25265.571546763753,
 "min_span": 1253.1153914141667,
 "n_spans": 3,
 "shrt": {"enabled": false,
          "iprc_MAr_coeffs": [[0.0, 0.0], [0.0, 0.0], [0.0, 0.0]],
          "iprc_const": 0.0,
          "iqty_MAr_coeffs": [[0.0, 0.0], [0.0, 0.0], [0.0, 0.0]],
          "iqty_const": 0.0,
          "markup_MAr_coeffs": [[0.0, 0.0], [0.0, 0.0], [0.0, 0.0]],
          "markup_const": 0.0,
          "pbr_limit": 0.0,
          "pbr_stop_loss": 0.0,
          "rprc_MAr_coeffs": [[0.0, 0.0], [0.0, 0.0], [0.0, 0.0]],
          "rprc_PBr_coeffs": [[0.0, 0.0]],
          "rprc_const": 0.0,
          "rqty_MAr_coeffs": [[0.0, 0.0], [0.0, 0.0], [0.0, 0.0]],
          "rqty_const": 0.0}}