{"config_name": "scalp_longonly_binance_maticusdt_248days_adg1.72%_bkr26.76%",
 "logging_level": 0,
 "long": {"enabled": true,
          "markup_range": 0.006899617893106239,
          "min_markup": 0.004067951508721984,
          "n_close_orders": 10,
          "primary_ddown_factor": 2.472259177990849,
          "primary_grid_spacing": 0.026721451432745718,
          "primary_grid_spacing_pbr_weighting": [0.05758308926092949,
                                                 0.0015456035768202068],
          "primary_initial_qty_pct": 0.028896718202442464,
          "primary_pbr_limit": 0.9959127781939592,
          "secondary_ddown_factor": 2.202042472936712,
          "secondary_grid_spacing": 0.2366198415143006,
          "secondary_pbr_limit_added": 0.41639935405882555},
 "shrt": {"enabled": false,
          "markup_range": 0.004,
          "min_markup": 0.0005,
          "n_close_orders": 10,
          "primary_ddown_factor": 0.3,
          "primary_grid_spacing": 0.001,
          "primary_grid_spacing_pbr_weighting": [0, 0],
          "primary_initial_qty_pct": 0.001,
          "primary_pbr_limit": 0.3,
          "secondary_ddown_factor": 0.3,
          "secondary_grid_spacing": 0.07,
          "secondary_pbr_limit_added": 0.3}}