{"config_name": "longonly_binance_trxusdt_274days_adg0.467%_bkr51.28%_eqbal42.06%",
 "logging_level": 0,
 "long": {"enabled": true,
          "eprice_exp_base": 1.2668802999352409,
          "eprice_pprice_diff": 0.01450839134600204,
          "grid_span": 0.2542157197128648,
          "initial_qty_pct": 0.041581117096703306,
          "markup_range": 0.006008893023599856,
          "max_n_entry_orders": 23,
          "min_markup": 0.009982906605198575,
          "n_close_orders": 5,
          "pbr_limit": 1.356051854933797,
          "secondary_pbr_allocation": 0.08405119641498342,
          "secondary_pprice_diff": 0.46722515422375044},
 "shrt": {"enabled": false,
          "eprice_exp_base": 1.618034,
          "eprice_pprice_diff": 0.001,
          "grid_span": 0.03,
          "initial_qty_pct": 0.001,
          "markup_range": 0.004,
          "max_n_entry_orders": 10,
          "min_markup": 0.0005,
          "n_close_orders": 7,
          "pbr_limit": 0.5,
          "secondary_pbr_allocation": 0,
          "secondary_pprice_diff": 0.21}}