{"config_name": "binance_xrpusdt_211days_adg0.29%_bkr100.00%",
 "logging_level": 0,
 "long": {"enabled": true,
          "iprc_MAr_coeffs": [[-0.016759666012062725, 0.22534986456271006],
                              [-0.053297606791488115, -0.2033898503734302],
                              [0.3850206215810439, 0.14780353537843458]],
          "iprc_const": 0.978909587764228,
          "iqty_MAr_coeffs": [[0.28919147120566646, 0.016257618694863904],
                              [0.15324048760998754, -0.3520445071620841],
                              [-0.22797542290328726, 0.024996574155139697]],
          "iqty_const": 0.026540359868124034,
          "markup_MAr_coeffs": [[-0.31201672241280526, -0.3327363827651264],
                                [0.039211644426922015, -0.26062036806617384],
                                [-0.196827551029407, 0.15561467478606886]],
          "markup_const": 1.030089852821071,
          "pbr_limit": 2.0,
          "pbr_stop_loss": 0.7456838925255564,
          "rprc_MAr_coeffs": [[-0.11458763337788883, 0.24290253680753715],
                              [-0.052038840966091945, 0.0944125168215298],
                              [-0.37677859180891815, 0.3881000175382807]],
          "rprc_PBr_coeffs": [[-0.6913877910089034, -0.41357613124057346]],
          "rprc_const": 0.9877105038763948,
          "rqty_MAr_coeffs": [[0.3364524094016572, -0.4],
                              [-0.0484617585429443, 0.32627849168624345],
                              [0.4, -0.29107343483114023]],
          "rqty_const": 1.1983936716128807},
 "max_span": 2184.050350485402,
 "min_span": 399.95712913893783,
 "n_spans": 3,
 "shrt": {"enabled": false,
          "iprc_MAr_coeffs": [[-0.4, 0.34632268413371176],
                              [0.13678468089296572, -0.2847779465354304],
                              [-0.3664090486310135, 0.4]],
          "iprc_const": 1.03,
          "iqty_MAr_coeffs": [[0.04566603817273524, 0.17767107330707654],
                              [-0.4, 0.2156062874540894],
                              [-0.2804372745215254, 0.4]],
          "iqty_const": 0.2806382901247216,
          "markup_MAr_coeffs": [[0.3014761987030573, -0.36607966849201046],
                                [-0.027344481258768892, -0.1844448699020521],
                                [-0.037406740044076, -0.06249939974883605]],
          "markup_const": 0.9951977353410912,
          "pbr_limit": 0.6947609712268764,
          "pbr_stop_loss": 1.0,
          "rprc_MAr_coeffs": [[-0.17943450215959109, 0.0018203356768646184],
                              [0.23881571700175067, 0.24828559489283583],
                              [0.03969458642884959, 0.1696899409330324]],
          "rprc_PBr_coeffs": [[0.20878995155486238, 0.47954369581450307]],
          "rprc_const": 1.0243708817848105,
          "rqty_MAr_coeffs": [[-0.16747063772538792, 0.07484396019756481],
                              [-0.4, 0.4],
                              [-0.33885475177794583, -0.21442019187308858]],
          "rqty_const": 0.27402203517535517}}