{"config_name": "binance_sushiusdt_211days_adg-1.09%_bkr100.00%",
 "logging_level": 0,
 "long": {"enabled": true,
          "iprc_MAr_coeffs": [[0.30729797117348834, -0.24217806230076544],
                              [0.29240323807178303, 0.27635725906139474],
                              [-0.3942167346073154, 0.2306901626099379]],
          "iprc_const": 0.9821151602195691,
          "iqty_MAr_coeffs": [[-0.3033494225377702, 0.3035033687540094],
                              [-0.09651309063998753, 0.14183528530802325],
                              [0.19172433422540391, -0.002132443460807487]],
          "iqty_const": 0.4549878546500677,
          "markup_MAr_coeffs": [[0.32206682575116774, -0.22766798148570455],
                                [0.24978214060423465, -0.36180033294813907],
                                [0.3616283851106259, 0.17618015739851411]],
          "markup_const": 1.0233998979318644,
          "pbr_limit": 0.3856517973643583,
          "pbr_stop_loss": 0.6143482026356417,
          "rprc_MAr_coeffs": [[-0.359646472512135, 0.28005193195054645],
                              [0.07967050020854655, 0.16132118831779485],
                              [0.12613776271258648, 0.153422667426806]],
          "rprc_PBr_coeffs": [[-0.4005354020767524, -0.755411745282599]],
          "rprc_const": 0.9789425393244731,
          "rqty_MAr_coeffs": [[0.26573165621334904, 0.08402366193502286],
                              [0.17318550988887216, -0.13878472730959102],
                              [0.34903725638958283, 0.1318724104316219]],
          "rqty_const": 0.6576567981574177},
 "max_span": 10643.338943447758,
 "min_span": 975.489524677926,
 "n_spans": 3,
 "shrt": {"enabled": false,
          "iprc_MAr_coeffs": [[0.16385463190021743, 0.10373274160153723],
                              [0.2876505369702438, -0.27438489111586534],
                              [-0.2619392528066087, -0.11220951514456562]],
          "iprc_const": 0.995875333543406,
          "iqty_MAr_coeffs": [[0.1902822269372737, 0.10882131184245947],
                              [0.011681844125701057, -0.08786954315976292],
                              [0.06064692409107508, 0.0910576953618828]],
          "iqty_const": 0.07067640804004686,
          "markup_MAr_coeffs": [[0.3262874699118017, 0.38863131440252674],
                                [0.15672374365439434, -0.08194375556979577],
                                [-0.17518144886596865, 0.24212936722276512]],
          "markup_const": 0.9935465028439181,
          "pbr_limit": 0.6923695383043464,
          "pbr_stop_loss": 0.8355256435955282,
          "rprc_MAr_coeffs": [[-0.3231178807472639, 0.27742282093949233],
                              [0.04633154910710163, -0.09792573860951126],
                              [-0.13892639824508607, 0.03102869502570843]],
          "rprc_PBr_coeffs": [[0.719112107519636, 0.5979028617929864]],
          "rprc_const": 1.0008833831696036,
          "rqty_MAr_coeffs": [[-0.25914189384336517, 0.08448046066166565],
                              [-0.32027044027804497, 0.32676731872007947],
                              [-0.31643936288869406, -0.11808894849931745]],
          "rqty_const": 0.23093818738018745}}