{"config_name": "binance_sushiusdt_211days_adg0.54%_bkr100.00%",
 "logging_level": 0,
 "long": {"enabled": true,
          "iprc_MAr_coeffs": [[-0.8510241755799176, -0.4562991064609328],
                              [-0.350902865122013, -0.42082775639468417],
                              [-0.48494571181451096, 0.6842531732269488]],
          "iprc_const": 1.0092342845472073,
          "iqty_MAr_coeffs": [[0.4840838265031673, 0.5224400381709523],
                              [0.6058288262952806, 0.3975055136003523],
                              [0.6055461121208924, -0.2439527734526061]],
          "iqty_const": 0.14737202177163908,
          "markup_MAr_coeffs": [[-0.49550380790597914, 0.7499686612670928],
                                [-0.7877818576898986, 0.2703376434561031],
                                [-0.7617008683659297, 0.8184756978972431]],
          "markup_const": 1.0159261389218293,
          "pbr_limit": 0.01265910398944825,
          "pbr_stop_loss": 0.9873408960105517,
          "rprc_MAr_coeffs": [[-0.45698991354888646, -0.8078675664676407],
                              [-0.26207751839765936, 0.6990453122322656],
                              [0.1730182636801377, 0.8120710429025286]],
          "rprc_PBr_coeffs": [[0.33107218067381866, -0.4784817708265648]],
          "rprc_const": 0.9778939843160405,
          "rqty_MAr_coeffs": [[0.870960447379131, -0.7300098382717769],
                              [-0.5313204339554126, 0.5698091706647832],
                              [0.21866620401846606, -0.21444012861676157]],
          "rqty_const": 0.02795751172340773},
 "max_span": 8694.429907653668,
 "min_span": 946.8876133939265,
 "n_spans": 3,
 "shrt": {"enabled": false,
          "iprc_MAr_coeffs": [[0.0, 0.0], [0.0, 0.0], [0.0, 0.0]],
          "iprc_const": 0.0,
          "iqty_MAr_coeffs": [[0.0, 0.0], [0.0, 0.0], [0.0, 0.0]],
          "iqty_const": 0.0,
          "markup_MAr_coeffs": [[0.0, 0.0], [0.0, 0.0], [0.0, 0.0]],
          "markup_const": 0.0,
          "pbr_limit": 0.0,
          "pbr_stop_loss": 0.0,
          "rprc_MAr_coeffs": [[0.0, 0.0], [0.0, 0.0], [0.0, 0.0]],
          "rprc_PBr_coeffs": [[0.0, 0.0]],
          "rprc_const": 0.0,
          "rqty_MAr_coeffs": [[0.0, 0.0], [0.0, 0.0], [0.0, 0.0]],
          "rqty_const": 0.0}}