{"config_name": "scalp_longonly_binance_thetausdt_248days_adg0.00%_bkr3.68%",
 "logging_level": 0,
 "long": {"enabled": true,
          "markup_range": 0.006268958520647024,
          "min_markup": 0.004952597730679327,
          "n_close_orders": 10,
          "primary_ddown_factor": 1.6399174435209194,
          "primary_grid_spacing": 0.009745874617164418,
          "primary_grid_spacing_pbr_weighting": [0.07301997809720377,
                                                 0.08675869187492327],
          "primary_initial_qty_pct": 0.08344467991578734,
          "primary_pbr_limit": 1.767697050895405,
          "secondary_ddown_factor": 2.2906616641658304,
          "secondary_grid_spacing": 0.11295891184473741,
          "secondary_pbr_limit_added": 0.8664866713927796},
 "shrt": {"enabled": false,
          "markup_range": 0.004,
          "min_markup": 0.0005,
          "n_close_orders": 10,
          "primary_ddown_factor": 0.3,
          "primary_grid_spacing": 0.001,
          "primary_grid_spacing_pbr_weighting": [0, 0],
          "primary_initial_qty_pct": 0.001,
          "primary_pbr_limit": 0.3,
          "secondary_ddown_factor": 0.3,
          "secondary_grid_spacing": 0.09,
          "secondary_pbr_limit_added": 0.3}}