{"config_name": "scalp_longonly_binance_icpusdt_118days_adg-0.20%_bkr11.00%",
 "logging_level": 0,
 "long": {"enabled": true,
          "markup_range": 0.005799956063774071,
          "min_markup": 0.004572214614172203,
          "n_close_orders": 10,
          "primary_ddown_factor": 1.5528862591866308,
          "primary_grid_spacing": 0.007670162030527529,
          "primary_grid_spacing_pbr_weighting": [0.013706913371050178,
                                                 0.08039870777198604],
          "primary_initial_qty_pct": 0.11226520130646118,
          "primary_pbr_limit": 1.217400601106957,
          "secondary_ddown_factor": 2.1573007960697272,
          "secondary_grid_spacing": 0.22543725606035,
          "secondary_pbr_limit_added": 0.49489063941939015},
 "shrt": {"enabled": false,
          "markup_range": 0.004,
          "min_markup": 0.0005,
          "n_close_orders": 10,
          "primary_ddown_factor": 0.3,
          "primary_grid_spacing": 0.001,
          "primary_grid_spacing_pbr_weighting": [0, 0],
          "primary_initial_qty_pct": 0.001,
          "primary_pbr_limit": 0.3,
          "secondary_ddown_factor": 0.3,
          "secondary_grid_spacing": 0.09,
          "secondary_pbr_limit_added": 0.3}}