{"config_name": "scalp_longonly_binance_xtzusdt_248days_adg0.00%_bkr5.55%",
 "logging_level": 0,
 "long": {"enabled": true,
          "markup_range": 0.0092973024869372,
          "min_markup": 0.004598690515808159,
          "n_close_orders": 10,
          "primary_ddown_factor": 0.7153323195906482,
          "primary_grid_spacing": 0.007854005968679445,
          "primary_grid_spacing_pbr_weighting": [0.07543594869994352,
                                                 0.019653597167496643],
          "primary_initial_qty_pct": 0.1304748639724492,
          "primary_pbr_limit": 1.7496754492882227,
          "secondary_ddown_factor": 1.84444526681638,
          "secondary_grid_spacing": 0.19975605415136968,
          "secondary_pbr_limit_added": 0.9149269833431641},
 "shrt": {"enabled": false,
          "markup_range": 0.004,
          "min_markup": 0.0005,
          "n_close_orders": 10,
          "primary_ddown_factor": 0.3,
          "primary_grid_spacing": 0.001,
          "primary_grid_spacing_pbr_weighting": [0, 0],
          "primary_initial_qty_pct": 0.001,
          "primary_pbr_limit": 0.3,
          "secondary_ddown_factor": 0.3,
          "secondary_grid_spacing": 0.09,
          "secondary_pbr_limit_added": 0.3}}