{"config_name": "binance_batusdt_211days_adg0.53%_bkr99.97%",
 "logging_level": 0,
 "long": {"enabled": true,
          "iprc_MAr_coeffs": [[-0.1566136155559455, -0.04545643957165956],
                              [-0.19888231109937918, -0.24951809702671116],
                              [0.022491092584658798, -0.095327825491243]],
          "iprc_const": 1.0028484028417624,
          "iqty_MAr_coeffs": [[-0.2149379131266602, 0.18758121573138745],
                              [-0.3471761432245034, 0.20089634768885076],
                              [-0.1926170456525321, -0.27278222266917856]],
          "iqty_const": 0.026521287474393997,
          "markup_MAr_coeffs": [[-0.2347832358913723, 0.13210238195261256],
                                [-0.07902039290989885, 0.2886837661796865],
                                [-0.23426848425400792, 0.2982462486265443]],
          "markup_const": 1.0118790281509387,
          "pbr_limit": 0.4949864037202879,
          "pbr_stop_loss": 0.5050135962797121,
          "rprc_MAr_coeffs": [[0.11532304589204177, -0.23381860049939227],
                              [-0.10960858681738772, -0.020663461666569544],
                              [0.12438235475007609, -0.3869177550724066]],
          "rprc_PBr_coeffs": [[0.06713492687783772, -0.004051023140050118]],
          "rprc_const": 0.9705547913772126,
          "rqty_MAr_coeffs": [[0.027717916988424646, 0.29608758760970944],
                              [0.034190478506416495, -0.3062267929314019],
                              [-0.25975209257028786, 0.07938338178003135]],
          "rqty_const": 0.9368812242976148},
 "max_span": 3221.5873328983303,
 "min_span": 1026.307462515331,
 "n_spans": 3,
 "shrt": {"enabled": false,
          "iprc_MAr_coeffs": [[-0.20842740452496938, -0.3615068346008412],
                              [-0.08162061674128865, -0.2945833380257058],
                              [-0.020119128668565085, 0.13585958599168313]],
          "iprc_const": 1.0127985373447073,
          "iqty_MAr_coeffs": [[0.35142009555031506, -0.1945269986782431],
                              [0.047685604592159224, -0.06993540701579876],
                              [0.042440948083575465, 0.08755222240475312]],
          "iqty_const": 0.20453694765424546,
          "markup_MAr_coeffs": [[0.0020774914250999018, -0.32621019909870713],
                                [0.01361127867702378, -0.07204914053544882],
                                [0.014512793016120804, -0.36219419589453283]],
          "markup_const": 0.9948241815180338,
          "pbr_limit": 0.27158800086151486,
          "pbr_stop_loss": 0.12226889222967693,
          "rprc_MAr_coeffs": [[-0.15285092396926156, -0.09288437635766957],
                              [-0.3000627281859783, 0.23532581800371138],
                              [0.21434751155246703, 0.056633986645407766]],
          "rprc_PBr_coeffs": [[0.7249868247952916, 0.3212771689778532]],
          "rprc_const": 1.0283216454276876,
          "rqty_MAr_coeffs": [[-0.09566535573199103, 0.2864585101835669],
                              [0.19927635432393465, 0.37978364808251525],
                              [0.22202416981527906, -0.21765253744400823]],
          "rqty_const": 0.49817106571777053}}