{"config_name": "binance_arusdt_77days_adg1.07%_bkr100.00%",
 "logging_level": 0,
 "long": {"enabled": true,
          "iprc_MAr_coeffs": [[0.11523887469835209, -0.014077716288434353],
                              [0.33237725600160317, 0.2559163728751061],
                              [0.04782237459167176, 0.4883853773384217]],
          "iprc_const": 0.9927489768343225,
          "iqty_MAr_coeffs": [[-0.34792967481961373, -0.1531246617319735],
                              [0.07273537978219019, -0.5],
                              [0.4368308800473136, -0.24679617357407724]],
          "iqty_const": 0.43456493369936244,
          "markup_MAr_coeffs": [[-0.18569667084733268, -0.1391393646741144],
                                [0.1835849274768238, -0.04816292394365717],
                                [-0.11781365279294477, 0.434067894042173]],
          "markup_const": 1.0258738111256989,
          "pbr_limit": 0.42548127552503157,
          "pbr_stop_loss": 0.5745187244749684,
          "rprc_MAr_coeffs": [[0.3001261055902911, -0.2855435746343192],
                              [-0.03337285926812713, -0.11961297213727656],
                              [0.0006544236439897384, 0.0016252226745521188]],
          "rprc_PBr_coeffs": [[-0.29312709845769747, -0.8287658450455863]],
          "rprc_const": 0.9747017747542307,
          "rqty_MAr_coeffs": [[-0.09677077941664215, -0.09594111389024397],
                              [0.19608170189137544, -0.009222247726939062],
                              [-0.33042562640728607, 0.5]],
          "rqty_const": 1.7063740290685767},
 "max_span": 3094.5064272327527,
 "min_span": 748.2095976831791,
 "n_spans": 3,
 "shrt": {"enabled": false,
          "iprc_MAr_coeffs": [[0.0, 0.0], [0.0, 0.0], [0.0, 0.0]],
          "iprc_const": 0.0,
          "iqty_MAr_coeffs": [[0.0, 0.0], [0.0, 0.0], [0.0, 0.0]],
          "iqty_const": 0.0,
          "markup_MAr_coeffs": [[0.0, 0.0], [0.0, 0.0], [0.0, 0.0]],
          "markup_const": 0.0,
          "pbr_limit": 0.0,
          "pbr_stop_loss": 0.0,
          "rprc_MAr_coeffs": [[0.0, 0.0], [0.0, 0.0], [0.0, 0.0]],
          "rprc_PBr_coeffs": [[0.0, 0.0]],
          "rprc_const": 0.0,
          "rqty_MAr_coeffs": [[0.0, 0.0], [0.0, 0.0], [0.0, 0.0]],
          "rqty_const": 0.0}}