{"config_name": "scalp_longonly_binance_aaveusdt_248days_adg0.77%_bkr23.52%",
 "logging_level": 0,
 "long": {"enabled": true,
          "markup_range": 0.004192141316764168,
          "min_markup": 0.0042787824393879775,
          "n_close_orders": 10,
          "primary_ddown_factor": 1.6879423975086902,
          "primary_grid_spacing": 0.012575398019003415,
          "primary_grid_spacing_pbr_weighting": [0.01823570804451983,
                                                 0.016760208669035305],
          "primary_initial_qty_pct": 0.10713071762862368,
          "primary_pbr_limit": 0.6005253059606884,
          "secondary_ddown_factor": 1.7802284607858923,
          "secondary_grid_spacing": 0.09678909057138055,
          "secondary_pbr_limit_added": 0.6771851004716878},
 "shrt": {"enabled": false,
          "markup_range": 0.004,
          "min_markup": 0.0005,
          "n_close_orders": 10,
          "primary_ddown_factor": 0.3,
          "primary_grid_spacing": 0.001,
          "primary_grid_spacing_pbr_weighting": [0, 0],
          "primary_initial_qty_pct": 0.001,
          "primary_pbr_limit": 0.3,
          "secondary_ddown_factor": 0.3,
          "secondary_grid_spacing": 0.09,
          "secondary_pbr_limit_added": 0.3}}