{"config_name": "binance_xmrusdt_211days_adg0.26%_bkr100.00%",
 "logging_level": 0,
 "long": {"enabled": true,
          "iprc_MAr_coeffs": [[0.19496153039019568, 0.20083633913592663],
                              [-0.21273845396879512, 0.15575576201023406],
                              [0.2118837432509, 0.004941492675618536]],
          "iprc_const": 0.9877190415531379,
          "iqty_MAr_coeffs": [[-0.2054040821522383, -0.46568969945836514],
                              [0.3778060059878618, 0.2302014876260308],
                              [-0.09238355742352719, 0.24213836416184123]],
          "iqty_const": 0.013821362178376557,
          "markup_MAr_coeffs": [[0.0741530136759282, 0.43803559507815815],
                                [-0.25063715385851365, -0.4756375806689824],
                                [0.48493225533715384, -0.2000636760702073]],
          "markup_const": 1.0201057458501168,
          "pbr_limit": 0.6631000172911796,
          "pbr_stop_loss": 0.3368999827088203,
          "rprc_MAr_coeffs": [[0.03267045430757725, -0.12326405961138506],
                              [0.3716758226065801, -0.2674122742505645],
                              [-0.4754380492591864, -0.17226478447721352]],
          "rprc_PBr_coeffs": [[-0.16508624155731402, -0.386948987101502]],
          "rprc_const": 0.9870747485195891,
          "rqty_MAr_coeffs": [[-0.37517971007304224, 0.24995703251216067],
                              [0.2353120006003189, -0.15996629292900877],
                              [0.19483717053500021, 0.3055410062840743]],
          "rqty_const": 0.9859259972695147},
 "max_span": 349.1457347949807,
 "min_span": 340.18762458272386,
 "n_spans": 3,
 "shrt": {"enabled": false,
          "iprc_MAr_coeffs": [[0.0, 0.0], [0.0, 0.0], [0.0, 0.0]],
          "iprc_const": 0.0,
          "iqty_MAr_coeffs": [[0.0, 0.0], [0.0, 0.0], [0.0, 0.0]],
          "iqty_const": 0.0,
          "markup_MAr_coeffs": [[0.0, 0.0], [0.0, 0.0], [0.0, 0.0]],
          "markup_const": 0.0,
          "pbr_limit": 0.0,
          "pbr_stop_loss": 0.0,
          "rprc_MAr_coeffs": [[0.0, 0.0], [0.0, 0.0], [0.0, 0.0]],
          "rprc_PBr_coeffs": [[0.0, 0.0]],
          "rprc_const": 0.0,
          "rqty_MAr_coeffs": [[0.0, 0.0], [0.0, 0.0], [0.0, 0.0]],
          "rqty_const": 0.0}}