{"config_name": "binance_mdxusdt_68days_adg0.35%_bkr100.00%",
 "logging_level": 0,
 "long": {"enabled": true,
          "iprc_MAr_coeffs": [[-0.4, -0.04083505798822264],
                              [0.26758772885726534, -0.03117287608991189],
                              [-0.04455134780652571, 0.08626431088829464]],
          "iprc_const": 1.0086344640455145,
          "iqty_MAr_coeffs": [[-0.05617511832340371, -0.2836071889484317],
                              [0.3865710916776561, -0.3453501687526718],
                              [-0.380842667821693, -0.3517624016799128]],
          "iqty_const": 0.03845161632625938,
          "markup_MAr_coeffs": [[-0.2646404263659119, -0.3968769653210783],
                                [0.34630338892171025, 0.38463131159602093],
                                [-0.3583027114383445, -0.4]],
          "markup_const": 1.0259354500678677,
          "pbr_limit": 0.9495617122043785,
          "pbr_stop_loss": 0.050438287795621546,
          "rprc_MAr_coeffs": [[-0.14609395859499721, -0.06765823070392389],
                              [0.04815570452219973, -0.0325121561443428],
                              [-0.17567656781077995, 0.2508135283866514]],
          "rprc_PBr_coeffs": [[0.07559035706857462, -0.2731948584725438]],
          "rprc_const": 0.9717901661193294,
          "rqty_MAr_coeffs": [[0.05361794335556202, 0.24001918534271216],
                              [0.2039836318039122, 0.06887856966953103],
                              [-0.2976865383891149, 0.046549595100415876]],
          "rqty_const": 1.6026421631393408},
 "max_span": 523.057102018041,
 "min_span": 38.50194141493342,
 "n_spans": 3,
 "shrt": {"enabled": false,
          "iprc_MAr_coeffs": [[0.3963374668643792, -0.07603931580839374],
                              [-0.37141623512206273, 0.3751648820152235],
                              [-0.3177833720764045, 0.4]],
          "iprc_const": 1.003438100680145,
          "iqty_MAr_coeffs": [[-0.06278294207874521, 0.29213283234890786],
                              [0.288170505896863, -0.15715756334739844],
                              [0.029305864290476585, 0.36235234531679333]],
          "iqty_const": 0.31270612857462426,
          "markup_MAr_coeffs": [[-0.3310413224814199, -0.028073572419523664],
                                [0.36429201451519155, -0.32347572404485797],
                                [0.3190981772721159, 0.018995069532845812]],
          "markup_const": 0.9740134175992233,
          "pbr_limit": 0.9106425894565136,
          "pbr_stop_loss": 1.0,
          "rprc_MAr_coeffs": [[-0.2359602157695228, 0.4],
                              [0.27009503006986685, 0.4],
                              [0.3173540846828954, -0.35540428900623067]],
          "rprc_PBr_coeffs": [[-0.04085442535661757, 0.14936613641419247]],
          "rprc_const": 1.0,
          "rqty_MAr_coeffs": [[0.07266262432127714, 0.05661625446528889],
                              [-0.05992946084432713, 0.1921871345252191],
                              [0.2917608221022008, 0.06823984145202133]],
          "rqty_const": 1.6922045105522836}}