{"config_name": "binance_arbusd_77days_adg1.36%_bkr100.00%",
 "logging_level": 0,
 "long": {"enabled": true,
          "iprc_MAr_coeffs": [[-0.4430532396597982, -0.46042021268473676],
                              [-0.07225376798643429, -0.16663603295386095],
                              [-0.02944221983828707, 0.5274979945445825]],
          "iprc_const": 0.9919942784997685,
          "iqty_MAr_coeffs": [[-0.7398288014699623, -0.17313298229391894],
                              [-0.01393562851070716, -0.0561363100556562],
                              [0.6827364947777402, 0.4951061510110615]],
          "iqty_const": 0.4427008018431127,
          "markup_MAr_coeffs": [[-0.240559153894228, 0.02879526193050669],
                                [0.6316061270341465, 0.6540465326106871],
                                [-0.33753246078400606, 0.7439965581315954]],
          "markup_const": 1.0228441453560588,
          "pbr_limit": 0.6517115468922994,
          "pbr_stop_loss": 0.34828845310770057,
          "rprc_MAr_coeffs": [[0.4408595064001434, -0.34372191169053323],
                              [-0.3623372343382991, 0.210763314829448],
                              [0.04693155202037076, 0.529929029611446]],
          "rprc_PBr_coeffs": [[-0.41757724855015477, -0.31662896011352104]],
          "rprc_const": 0.9925477046063699,
          "rqty_MAr_coeffs": [[0.7724561854287242, -0.7909268706944921],
                              [0.6142557750708543, -0.9],
                              [0.4377093364337698, 0.3219847953687808]],
          "rqty_const": 1.742674055937858},
 "max_span": 11392.907404979662,
 "min_span": 864.5255538826207,
 "n_spans": 3,
 "shrt": {"enabled": false,
          "iprc_MAr_coeffs": [[0.0, 0.0], [0.0, 0.0], [0.0, 0.0]],
          "iprc_const": 0.0,
          "iqty_MAr_coeffs": [[0.0, 0.0], [0.0, 0.0], [0.0, 0.0]],
          "iqty_const": 0.0,
          "markup_MAr_coeffs": [[0.0, 0.0], [0.0, 0.0], [0.0, 0.0]],
          "markup_const": 0.0,
          "pbr_limit": 0.0,
          "pbr_stop_loss": 0.0,
          "rprc_MAr_coeffs": [[0.0, 0.0], [0.0, 0.0], [0.0, 0.0]],
          "rprc_PBr_coeffs": [[0.0, 0.0]],
          "rprc_const": 0.0,
          "rqty_MAr_coeffs": [[0.0, 0.0], [0.0, 0.0], [0.0, 0.0]],
          "rqty_const": 0.0}}