{"config_name": "binance_solbusd_211days_adg0.57%_bkr99.91%",
 "logging_level": 0,
 "long": {"enabled": true,
          "iprc_MAr_coeffs": [[-0.7301489131164943, 0.8447832482467857],
                              [-0.5072720327972902, 0.03229407451807342],
                              [0.1653150661893464, -0.07723407860165028]],
          "iprc_const": 0.9867494894169295,
          "iqty_MAr_coeffs": [[0.4693296940500097, 0.291143874170428],
                              [0.4931928665193239, -0.614293142855185],
                              [-0.13480816625297545, -0.6412431326078145]],
          "iqty_const": 0.46676450248477824,
          "markup_MAr_coeffs": [[-0.4667047209776385, 0.6869723502885193],
                                [-0.745046897552031, 0.3195974405869603],
                                [0.2541406558114275, 0.763560248093239]],
          "markup_const": 1.0212475313154308,
          "pbr_limit": 0.12931024091485055,
          "pbr_stop_loss": 0.8706897590851495,
          "rprc_MAr_coeffs": [[-0.3575103996434655, 0.24522758959746255],
                              [-0.8444345828514551, -0.8199342450892693],
                              [-0.040170077051599966, 0.5194608048416591]],
          "rprc_PBr_coeffs": [[-0.058484736315769954, -0.981208346132857]],
          "rprc_const": 0.9832787506209276,
          "rqty_MAr_coeffs": [[-0.6381741777147567, -0.5434565908189886],
                              [0.8880451389423086, 0.4617470687837458],
                              [0.6465109488729192, 0.8292725906219028]],
          "rqty_const": 1.8004697342302631},
 "max_span": 9710.636732648456,
 "min_span": 1190.1854702686867,
 "n_spans": 3,
 "shrt": {"enabled": false,
          "iprc_MAr_coeffs": [[0.0, 0.0], [0.0, 0.0], [0.0, 0.0]],
          "iprc_const": 0.0,
          "iqty_MAr_coeffs": [[0.0, 0.0], [0.0, 0.0], [0.0, 0.0]],
          "iqty_const": 0.0,
          "markup_MAr_coeffs": [[0.0, 0.0], [0.0, 0.0], [0.0, 0.0]],
          "markup_const": 0.0,
          "pbr_limit": 0.0,
          "pbr_stop_loss": 0.0,
          "rprc_MAr_coeffs": [[0.0, 0.0], [0.0, 0.0], [0.0, 0.0]],
          "rprc_PBr_coeffs": [[0.0, 0.0]],
          "rprc_const": 0.0,
          "rqty_MAr_coeffs": [[0.0, 0.0], [0.0, 0.0], [0.0, 0.0]],
          "rqty_const": 0.0}}