{"config_name": "binance_shibusdt_82days_adg0.82%_bkr100.00%",
 "logging_level": 0,
 "long": {"enabled": true,
          "iprc_MAr_coeffs": [[-0.29294077203006297, 0.16835140469069923],
                              [0.21712710309702468, 0.033970963121574035],
                              [-0.04699430399947044, 0.00010296219238821179]],
          "iprc_const": 0.97,
          "iqty_MAr_coeffs": [[0.009863609677604596, 0.20967502562851068],
                              [-0.07158329241524215, 0.05471527165366746],
                              [0.28311185223185403, -0.2708079255446184]],
          "iqty_const": 0.018648847542530888,
          "markup_MAr_coeffs": [[-0.3795705897511269, 0.20972990152162913],
                                [-0.3167536841270854, -0.09920694772725148],
                                [-0.23782217064055006, 0.0012117775866983332]],
          "markup_const": 1.0090764810484552,
          "pbr_limit": 0.042452739790845406,
          "pbr_stop_loss": 0.9575472602091546,
          "rprc_MAr_coeffs": [[0.0923417465538717, 0.35138031714910634],
                              [0.16635255272508234, 0.1291710828642344],
                              [-0.37258398513410257, 0.049015211966201545]],
          "rprc_PBr_coeffs": [[-0.49153269725697796, -0.19688981255422056]],
          "rprc_const": 0.9722214908538419,
          "rqty_MAr_coeffs": [[0.15042391952779774, -0.09753062037058874],
                              [0.0442401222748552, -0.08067177093393671],
                              [0.3205464158680278, 0.12041445083040868]],
          "rqty_const": 0.9624578868882266},
 "max_span": 3329.135868655296,
 "min_span": 588.542105256642,
 "n_spans": 3,
 "shrt": {"enabled": false,
          "iprc_MAr_coeffs": [[-0.16154735130853098, -0.16307896251602527],
                              [0.09512819335379914, 0.004949169584096575],
                              [0.030767084758561145, 0.0949375075585753]],
          "iprc_const": 1.0156192379163396,
          "iqty_MAr_coeffs": [[0.19756777714821, -0.292953787045646],
                              [0.10874487306897461, 0.02414567817557573],
                              [0.11170419302384613, -0.0777613581212824]],
          "iqty_const": 0.16533867891751083,
          "markup_MAr_coeffs": [[-0.06157667664681393, -0.047523330305092225],
                                [0.09511158527700472, 0.10907707978826853],
                                [0.2903924713116012, -0.2593074074668972]],
          "markup_const": 0.9764295524057568,
          "pbr_limit": 0.32354599499153364,
          "pbr_stop_loss": 0.15593821014500134,
          "rprc_MAr_coeffs": [[-0.07452608949030129, 0.3683608050764641],
                              [-0.39661440516496327, 0.22434045513949177],
                              [-0.2560566153740023, 0.1711108949660026]],
          "rprc_PBr_coeffs": [[0.12717844043602408, 0.6657117624363075]],
          "rprc_const": 1.0001600512610753,
          "rqty_MAr_coeffs": [[0.1953380962883092, 0.17776523499391525],
                              [0.2248352226068377, 0.22276549703030307],
                              [-0.08493453384512235, -0.08047670714575517]],
          "rqty_const": 0.8542833756667751}}