{"config_name": "binance_shibusdt_82days_adg0.21%_bkr99.94%",
 "logging_level": 0,
 "long": {"enabled": true,
          "iprc_MAr_coeffs": [[-0.5568557189913497, -0.8225580783552368],
                              [-0.08584684967357135, -0.10598368999607963],
                              [-0.23638002014474355, -0.7186270020930832]],
          "iprc_const": 0.9850894956678713,
          "iqty_MAr_coeffs": [[0.9, 0.3502856333995989],
                              [-0.12106379172256926, 0.5914287319138336],
                              [0.781826307878341, -0.2623267567647124]],
          "iqty_const": 0.26885221997910885,
          "markup_MAr_coeffs": [[-0.8725846986055018, -0.6167906598435287],
                                [-0.9, 0.39312301206952377],
                                [-0.8262134465507989, 0.3663796833448228]],
          "markup_const": 1.0100859440387062,
          "pbr_limit": 0.7455919956839078,
          "pbr_stop_loss": 0.25440800431609223,
          "rprc_MAr_coeffs": [[0.1411137164773613, 0.9],
                              [-0.4068641079624638, 0.6661634226598526],
                              [-0.35886417084699, 0.08640817134883082]],
          "rprc_PBr_coeffs": [[0.20506738508618774, -0.5354259126319217]],
          "rprc_const": 0.9893731301846227,
          "rqty_MAr_coeffs": [[-0.4344135926463781, -0.40038538199672874],
                              [-0.2700473970443082, 0.40537301779798546],
                              [-0.25074177963127786, 0.5230917942030421]],
          "rqty_const": 0.8738928420586541},
 "max_span": 1440.0,
 "min_span": 99.16675535144097,
 "n_spans": 3,
 "shrt": {"enabled": false,
          "iprc_MAr_coeffs": [[0.0, 0.0], [0.0, 0.0], [0.0, 0.0]],
          "iprc_const": 0.0,
          "iqty_MAr_coeffs": [[0.0, 0.0], [0.0, 0.0], [0.0, 0.0]],
          "iqty_const": 0.0,
          "markup_MAr_coeffs": [[0.0, 0.0], [0.0, 0.0], [0.0, 0.0]],
          "markup_const": 0.0,
          "pbr_limit": 0.0,
          "pbr_stop_loss": 0.0,
          "rprc_MAr_coeffs": [[0.0, 0.0], [0.0, 0.0], [0.0, 0.0]],
          "rprc_PBr_coeffs": [[0.0, 0.0]],
          "rprc_const": 0.0,
          "rqty_MAr_coeffs": [[0.0, 0.0], [0.0, 0.0], [0.0, 0.0]],
          "rqty_const": 0.0}}