{"config_name": "scalp_longonly_binance_lunausdt_221days_adg0.00%_bkr0.57%",
 "logging_level": 0,
 "long": {"enabled": true,
          "markup_range": 0.0071830787348776785,
          "min_markup": 0.004908730159530279,
          "n_close_orders": 10,
          "primary_ddown_factor": 2.120601288148805,
          "primary_grid_spacing": 0.010128154888293583,
          "primary_grid_spacing_pbr_weighting": [0.07843919000252855,
                                                 0.020167768238056338],
          "primary_initial_qty_pct": 0.10963070702106047,
          "primary_pbr_limit": 1.2598250147309025,
          "secondary_ddown_factor": 2.541607450973277,
          "secondary_grid_spacing": 0.28806371891557725,
          "secondary_pbr_limit_added": 0.5300292772148647},
 "shrt": {"enabled": false,
          "markup_range": 0.004,
          "min_markup": 0.0005,
          "n_close_orders": 10,
          "primary_ddown_factor": 0.3,
          "primary_grid_spacing": 0.001,
          "primary_grid_spacing_pbr_weighting": [0, 0],
          "primary_initial_qty_pct": 0.001,
          "primary_pbr_limit": 0.3,
          "secondary_ddown_factor": 0.3,
          "secondary_grid_spacing": 0.09,
          "secondary_pbr_limit_added": 0.3}}