{"config_name": "longonly_binance_uniusdt_248days_adg0.301%_bkr62.47%_eqbal71.81%",
 "logging_level": 0,
 "long": {"enabled": true,
          "eprice_exp_base": 1.6240458734977252,
          "eprice_pprice_diff": 0.010505720377133118,
          "grid_span": 0.30848504847023406,
          "initial_qty_pct": 0.013901411003817192,
          "markup_range": 0.007616677532793913,
          "max_n_entry_orders": 10,
          "min_markup": 0.0035849183750672475,
          "n_close_orders": 8,
          "pbr_limit": 1.4329393728252608,
          "secondary_pbr_allocation": 0.061878480010784706,
          "secondary_pprice_diff": 0.16055424691323017},
 "shrt": {"enabled": false,
          "eprice_exp_base": 1.618034,
          "eprice_pprice_diff": 0.001,
          "grid_span": 0.03,
          "initial_qty_pct": 0.001,
          "markup_range": 0.004,
          "max_n_entry_orders": 10,
          "min_markup": 0.0005,
          "n_close_orders": 7,
          "pbr_limit": 0.5,
          "secondary_pbr_allocation": 0,
          "secondary_pprice_diff": 0.21}}