{"config_name": "binance_hntusdt_211days_adg1.47%_bkr99.94%",
 "logging_level": 0,
 "long": {"enabled": true,
          "iprc_MAr_coeffs": [[-0.27832080903846473, -0.09945604310792903],
                              [-0.025294430108728488, -0.44004211544284716],
                              [0.015991772906064346, 0.012208601058394889]],
          "iprc_const": 1.005835080754826,
          "iqty_MAr_coeffs": [[-0.10906626290722167, 0.2879626662145669],
                              [-0.17162998176026273, 0.19532967394264558],
                              [0.13382171148353833, -0.38573458875784855]],
          "iqty_const": 0.14966667269344205,
          "markup_MAr_coeffs": [[0.16979767167566986, 0.3487267692772714],
                                [-0.13591905123541406, 0.3885300202957861],
                                [-0.07495797809917783, 0.4523346477804667]],
          "markup_const": 1.0290298076273061,
          "pbr_limit": 0.15464872571439026,
          "pbr_stop_loss": 0.8453512742856097,
          "rprc_MAr_coeffs": [[-0.1304088003217643, -0.3552925607595177],
                              [-0.40963376613093444, 0.31506809039838996],
                              [0.4705388634073525, -0.41823091812171237]],
          "rprc_PBr_coeffs": [[0.29063096633629604, -0.20357280293032196]],
          "rprc_const": 0.988323650818558,
          "rqty_MAr_coeffs": [[-0.28418639047042843, 0.36624223247623705],
                              [0.35631629767144196, -0.3565334223351337],
                              [0.31171623376773266, 0.0992659706659104]],
          "rqty_const": 0.8443158089558117},
 "max_span": 5916.835807121159,
 "min_span": 776.8513762886756,
 "n_spans": 3,
 "shrt": {"enabled": false,
          "iprc_MAr_coeffs": [[0.0, 0.0], [0.0, 0.0], [0.0, 0.0]],
          "iprc_const": 0.0,
          "iqty_MAr_coeffs": [[0.0, 0.0], [0.0, 0.0], [0.0, 0.0]],
          "iqty_const": 0.0,
          "markup_MAr_coeffs": [[0.0, 0.0], [0.0, 0.0], [0.0, 0.0]],
          "markup_const": 0.0,
          "pbr_limit": 0.0,
          "pbr_stop_loss": 0.0,
          "rprc_MAr_coeffs": [[0.0, 0.0], [0.0, 0.0], [0.0, 0.0]],
          "rprc_PBr_coeffs": [[0.0, 0.0]],
          "rprc_const": 0.0,
          "rqty_MAr_coeffs": [[0.0, 0.0], [0.0, 0.0], [0.0, 0.0]],
          "rqty_const": 0.0}}