{"config_name": "binance_cakeusdt_162days_adg0.13%_bkr100.00%",
 "logging_level": 0,
 "long": {"enabled": true,
          "iprc_MAr_coeffs": [[0.026357358431784994, 0.030969316205796793],
                              [0.20281487044174684, 0.2490948006292768],
                              [0.0748339514000752, -0.279408763609767]],
          "iprc_const": 0.9700406902109078,
          "iqty_MAr_coeffs": [[0.1685506210822314, 0.23842090931193372],
                              [-0.03525185322426916, 0.2258928176638918],
                              [0.3153939887264031, -0.35680591777027565]],
          "iqty_const": 0.3091451834870012,
          "markup_MAr_coeffs": [[-0.2610447173555775, -0.22982047684644105],
                                [-0.34301306853517277, -0.08861709056653994],
                                [0.3981898604787165, 0.32093163519495194]],
          "markup_const": 1.0109401415895043,
          "pbr_limit": 0.15714776175107426,
          "pbr_stop_loss": 0.8428522382489257,
          "rprc_MAr_coeffs": [[-0.0838286322660613, -0.28059320378324454],
                              [0.31110671427379566, -0.26375004287006687],
                              [0.09145888629806764, -0.14503634109939717]],
          "rprc_PBr_coeffs": [[-0.30129576331127506, 0.030948340222029636]],
          "rprc_const": 0.9844735211131437,
          "rqty_MAr_coeffs": [[-0.3709246694677559, -0.07484987064760479],
                              [0.30123005543118253, -0.043827155957302355],
                              [0.07697843278211075, 0.2609580113399551]],
          "rqty_const": 0.014690485443915158},
 "max_span": 18932.59404414527,
 "min_span": 432.3488752365716,
 "n_spans": 3,
 "shrt": {"enabled": false,
          "iprc_MAr_coeffs": [[0.1767796518951572, -0.24784915428606819],
                              [0.1097360505231495, -0.08650227524253334],
                              [0.3601053961208044, 0.12439732796856373]],
          "iprc_const": 0.999634088808352,
          "iqty_MAr_coeffs": [[-0.3275261670255241, 0.023722674441757963],
                              [0.16086943273516863, 0.03454033715542115],
                              [-0.3050381185041249, -0.38164408836387387]],
          "iqty_const": 0.05137160379770563,
          "markup_MAr_coeffs": [[-0.11782115145904942, 0.015606551729833384],
                                [0.39641577412874884, -0.3775638096300593],
                                [-0.29298676147773917, -0.2050122864614309]],
          "markup_const": 0.9994311949265509,
          "pbr_limit": 0.5159453541893376,
          "pbr_stop_loss": 0.2536378585503275,
          "rprc_MAr_coeffs": [[-0.15458679761069816, 0.162397458308715],
                              [0.22591712199608704, -0.30448490909108306],
                              [0.015345586763906127, 0.3265215550411208]],
          "rprc_PBr_coeffs": [[0.1649699245876072, 0.8145773129906624]],
          "rprc_const": 1.0227171563267277,
          "rqty_MAr_coeffs": [[0.30623179084530117, -0.35635770033738545],
                              [-0.12048327429588018, -0.04767142036656702],
                              [0.055285032386967914, 0.2769482794930066]],
          "rqty_const": 1.6113955785805376}}