{"config_name": "binance_ethusdt_152days_adg0.42%_bkr57.91%",
 "logging_level": 0,
 "long": {"enabled": true,
          "iprc_MAr_coeffs": [[-0.15155211115104691, 0.0421855067461524],
                              [-0.4, 0.17724650495305647],
                              [0.3168329148264625, -0.08550243348968688]],
          "iprc_const": 0.9967027901499036,
          "iqty_MAr_coeffs": [[-0.21049606807967597, -0.12468469129548423],
                              [-0.1970019408066774, -0.1519440852676134],
                              [-0.17327269451542218, -0.2956490393652764]],
          "iqty_const": 0.11365370678680642,
          "markup_MAr_coeffs": [[0.06028640754799408, 0.08780812917149686],
                                [-0.07825792087926256, -0.06881785714786426],
                                [-0.3167141015884647, 0.06181866608089306]],
          "markup_const": 1.0183791013960575,
          "pbr_limit": 1.4696351647380124,
          "pbr_stop_loss": 0.04352469641456273,
          "rprc_MAr_coeffs": [[-0.20829733209214074, -0.2914306951376996],
                              [-0.2172728861888059, -0.3642623898887697],
                              [-0.07084245175500717, 0.02444402447436857]],
          "rprc_PBr_coeffs": [[-0.24517228269295377, -0.37763134895028266]],
          "rprc_const": 0.9917294702044318,
          "rqty_MAr_coeffs": [[-0.20801428425843616, -0.10477056899939585],
                              [-0.320327516660024, -0.1496703398455597],
                              [-0.09613180103619007, 0.1613934456905901]],
          "rqty_const": 0.46948891600091397},
 "max_span": 981.6596845775344,
 "min_span": 786.3898399233707,
 "n_spans": 3,
 "shrt": {"enabled": true,
          "iprc_MAr_coeffs": [[-0.4, 0.14513141162073023],
                              [-0.2077358911024497, 0.1071900777666198],
                              [-0.33596089493300085, -0.25073421397054463]],
          "iprc_const": 1.0099066022572813,
          "iqty_MAr_coeffs": [[0.016515662194366298, 0.19157456265416947],
                              [-0.15809483298505322, -0.2139130786251319],
                              [-0.3522622106733798, 0.4]],
          "iqty_const": 0.01,
          "markup_MAr_coeffs": [[-0.4, 0.011575776376461483],
                                [0.07871705591478587, 0.08420835767021254],
                                [0.11434146486428388, -0.29426359631600557]],
          "markup_const": 0.9729595135261627,
          "pbr_limit": 2.0,
          "pbr_stop_loss": -0.1,
          "rprc_MAr_coeffs": [[0.38544627123074776, 0.17093383386209957],
                              [0.009746338381483116, -0.4],
                              [-0.2882698977942, 0.2851064638919197]],
          "rprc_PBr_coeffs": [[0.7000848640814005, 0.8471331431355326]],
          "rprc_const": 1.000129559604494,
          "rqty_MAr_coeffs": [[0.3072107186960869, -0.08034277895890121],
                              [0.3235013186773661, -0.39583768058198],
                              [0.17380035349499753, 0.14422109025678778]],
          "rqty_const": 1.6494642486923738}}