{"config_name": "binance_ethusdt_211days_adg0.43%_bkr37.57%",
 "logging_level": 0,
 "long": {"enabled": true,
          "iprc_MAr_coeffs": [[0.04551321033656526, 0.037405588495590475],
                              [0.02887501429915287, -0.2472290553120519],
                              [-0.33307860100013015, -0.3899287945640854]],
          "iprc_const": 0.9708174444503929,
          "iqty_MAr_coeffs": [[-0.09726853918344353, 0.06209010727247895],
                              [-0.16071297757086064, -0.009361441364855073],
                              [0.0481328882003626, 0.1474323656595839]],
          "iqty_const": 0.3093536753044185,
          "markup_MAr_coeffs": [[-0.15019306186661407, -0.28100553934205785],
                                [0.12564800273810495, 0.3909340454313465],
                                [-0.4, 0.30072312914342286]],
          "markup_const": 1.0140250837738545,
          "pbr_limit": 1.976739106448887,
          "pbr_stop_loss": 0.47989831786326276,
          "rprc_MAr_coeffs": [[0.1735694848900719, 0.33277996402655224],
                              [-0.27162729645577177, -0.3781156982308523],
                              [-0.15007805799639007, 0.2875839271394035]],
          "rprc_PBr_coeffs": [[-0.516904931629895, -0.18537036471351886]],
          "rprc_const": 0.985693307399408,
          "rqty_MAr_coeffs": [[0.1820779983801154, -0.4],
                              [0.3195462648985495, 0.3790938842162352],
                              [-0.04351139113805381, 0.27073716146190474]],
          "rqty_const": 1.2495586244781594},
 "max_span": 992.580075018943,
 "min_span": 380.46212725469286,
 "n_spans": 3,
 "shrt": {"enabled": true,
          "iprc_MAr_coeffs": [[0.07144663708917527, -0.09745803090394263],
                              [-0.233809590534407, 0.10736191572705718],
                              [-0.378065173914651, 0.15723092704199595]],
          "iprc_const": 1.0258831355069638,
          "iqty_MAr_coeffs": [[0.3079622995342648, -0.23084357223625046],
                              [0.025362453583688733, -0.21988988850722235],
                              [-0.2040773078399218, 0.044576539560104]],
          "iqty_const": 0.22443592247684094,
          "markup_MAr_coeffs": [[-0.35733031011160243, 0.13416825940993127],
                                [0.188593933020672, 0.08175299544789769],
                                [-0.021306326865156718, 0.18642935659664842]],
          "markup_const": 0.9746561256061046,
          "pbr_limit": 1.1521201975763047,
          "pbr_stop_loss": 0.09017264803704135,
          "rprc_MAr_coeffs": [[-0.22340375442863547, 0.3223778752165697],
                              [-0.016331829669042716, 0.21513442221543883],
                              [0.14821699668836094, 0.30159319234255844]],
          "rprc_PBr_coeffs": [[0.7431002940854935, 0.8547617868396307]],
          "rprc_const": 1.0118900955401309,
          "rqty_MAr_coeffs": [[-0.01609657900178902, 0.12381545433832382],
                              [0.29214253145167784, 0.08918694182392432],
                              [0.4, -0.1262801540991602]],
          "rqty_const": 1.3601249614982143}}