{"config_name": "binance_dotbusd_211days_adg0.05%_bkr100.00%",
 "logging_level": 0,
 "long": {"enabled": true,
          "iprc_MAr_coeffs": [[-0.3398670518863471, 0.38788279806167486],
                              [-0.4210357665963824, -0.3710537538754634],
                              [-0.5038559551701886, 0.6104242075039322]],
          "iprc_const": 0.9916137010993911,
          "iqty_MAr_coeffs": [[-0.12870917626827486, -0.9],
                              [-0.2722353491581011, 0.9],
                              [0.8366443815894613, -0.9]],
          "iqty_const": 0.31605459652585594,
          "markup_MAr_coeffs": [[-0.43252119170374986, 0.5081034131350297],
                                [-0.758197026283118, -0.1358142021914954],
                                [-0.5380229192692716, 0.7611638308390148]],
          "markup_const": 1.03,
          "pbr_limit": 0.18203992648534775,
          "pbr_stop_loss": 0.32425677617643434,
          "rprc_MAr_coeffs": [[0.9, 0.2064479865604897],
                              [-0.829466910712871, -0.9],
                              [-0.36609894930089154, 0.11474794938080433]],
          "rprc_PBr_coeffs": [[-0.3658167249402939, -0.9285983928698034]],
          "rprc_const": 0.9943007189715175,
          "rqty_MAr_coeffs": [[-0.2773695314634633, 0.7405841928050982],
                              [0.45691350821736826, -0.8193754041466987],
                              [-0.3599361337863918, -0.040348877775751864]],
          "rqty_const": 2.0},
 "max_span": 9497.837465101018,
 "min_span": 210.34645593755985,
 "n_spans": 3,
 "shrt": {"enabled": false,
          "iprc_MAr_coeffs": [[0.0, 0.0], [0.0, 0.0], [0.0, 0.0]],
          "iprc_const": 0.0,
          "iqty_MAr_coeffs": [[0.0, 0.0], [0.0, 0.0], [0.0, 0.0]],
          "iqty_const": 0.0,
          "markup_MAr_coeffs": [[0.0, 0.0], [0.0, 0.0], [0.0, 0.0]],
          "markup_const": 0.0,
          "pbr_limit": 0.0,
          "pbr_stop_loss": 0.0,
          "rprc_MAr_coeffs": [[0.0, 0.0], [0.0, 0.0], [0.0, 0.0]],
          "rprc_PBr_coeffs": [[0.0, 0.0]],
          "rprc_const": 0.0,
          "rqty_MAr_coeffs": [[0.0, 0.0], [0.0, 0.0], [0.0, 0.0]],
          "rqty_const": 0.0}}