{"config_name": "longonly_binance_bchusdt_248days_adg0.416%_bkr63.75%_eqbal72.72%",
 "logging_level": 0,
 "long": {"enabled": true,
          "eprice_exp_base": 2.0718122317306995,
          "eprice_pprice_diff": 0.016190817404090462,
          "grid_span": 0.19232004704668001,
          "initial_qty_pct": 0.021591330922890395,
          "markup_range": 0.009049303827208312,
          "max_n_entry_orders": 9,
          "min_markup": 0.004895378493436814,
          "n_close_orders": 6,
          "pbr_limit": 1.3839395133256809,
          "secondary_pbr_allocation": 0.00963863627897103,
          "secondary_pprice_diff": 0.2559096416646013},
 "shrt": {"enabled": false,
          "eprice_exp_base": 1.618034,
          "eprice_pprice_diff": 0.001,
          "grid_span": 0.03,
          "initial_qty_pct": 0.001,
          "markup_range": 0.004,
          "max_n_entry_orders": 10,
          "min_markup": 0.0005,
          "n_close_orders": 7,
          "pbr_limit": 0.5,
          "secondary_pbr_allocation": 0,
          "secondary_pprice_diff": 0.21}}