{"config_name": "binance_xtzusdt_211days_adg0.41%_bkr99.97%",
 "logging_level": 0,
 "long": {"enabled": true,
          "iprc_MAr_coeffs": [[-0.2504337174437278, -0.29574422034356845],
                              [-0.10218664241824552, -0.23612262596651626],
                              [0.3279768064471359, 0.277678964036948]],
          "iprc_const": 0.9740983093290946,
          "iqty_MAr_coeffs": [[-0.4664196231223633, -0.5],
                              [-0.33748240851019246, 0.37132631489495044],
                              [0.4763751631719989, -0.14037256467703957]],
          "iqty_const": 0.03583187640679193,
          "markup_MAr_coeffs": [[-0.42622494555177, 0.3924010804797206],
                                [-0.45190896460294494, -0.20418510609519228],
                                [-0.12010983181405412, -0.3565409543510271]],
          "markup_const": 1.0251694201715045,
          "pbr_limit": 0.3098556833436025,
          "pbr_stop_loss": 0.6901443166563975,
          "rprc_MAr_coeffs": [[0.22030983899585183, 0.26607779754663],
                              [-0.225083677295698, 0.5],
                              [-0.2577418404079553, 0.2647236412602382]],
          "rprc_PBr_coeffs": [[0.4998079649688235, -0.4597295779891622]],
          "rprc_const": 0.9841027532747687,
          "rqty_MAr_coeffs": [[-0.27529562221897236, -0.24561369606901434],
                              [-0.17210213575024996, -0.2203584446393584],
                              [-0.25099219461666084, -0.5]],
          "rqty_const": 0.8423761224111194},
 "max_span": 2830.511934632452,
 "min_span": 1382.4911438222257,
 "n_spans": 3,
 "shrt": {"enabled": false,
          "iprc_MAr_coeffs": [[0.0, 0.0], [0.0, 0.0], [0.0, 0.0]],
          "iprc_const": 0.0,
          "iqty_MAr_coeffs": [[0.0, 0.0], [0.0, 0.0], [0.0, 0.0]],
          "iqty_const": 0.0,
          "markup_MAr_coeffs": [[0.0, 0.0], [0.0, 0.0], [0.0, 0.0]],
          "markup_const": 0.0,
          "pbr_limit": 0.0,
          "pbr_stop_loss": 0.0,
          "rprc_MAr_coeffs": [[0.0, 0.0], [0.0, 0.0], [0.0, 0.0]],
          "rprc_PBr_coeffs": [[0.0, 0.0]],
          "rprc_const": 0.0,
          "rqty_MAr_coeffs": [[0.0, 0.0], [0.0, 0.0], [0.0, 0.0]],
          "rqty_const": 0.0}}