{"config_name": "binance_ankrusdt_211days_adg0.24%_bkr100.00%",
 "logging_level": 0,
 "long": {"enabled": true,
          "iprc_MAr_coeffs": [[-0.35274158146493206, -0.23820257414957124],
                              [-0.23313114904893523, -0.00036924422327073704],
                              [-0.14345846706856136, 0.33418078067809187]],
          "iprc_const": 0.9780151797120241,
          "iqty_MAr_coeffs": [[0.2916141842251736, -0.3998796760117283],
                              [0.35172762949504754, -0.31432878241437495],
                              [-0.276325398328342, 0.009292472646789443]],
          "iqty_const": 0.015272130793529919,
          "markup_MAr_coeffs": [[-0.1203236270308211, -0.027694963331035886],
                                [0.16441063070068723, -0.36379766721797097],
                                [0.2712966142246033, 0.3683245254254271]],
          "markup_const": 1.0180267784621277,
          "pbr_limit": 0.785923352162815,
          "pbr_stop_loss": 0.1587279060564714,
          "rprc_MAr_coeffs": [[-0.39817252918895596, -0.0938746858740407],
                              [0.11178503482012155, -0.29131711812269945],
                              [-0.1766042035633589, -0.265797364032317]],
          "rprc_PBr_coeffs": [[-0.7842291846560482, -0.795993319887161]],
          "rprc_const": 0.985070977837281,
          "rqty_MAr_coeffs": [[-0.07694846690957809, -0.3302909300842253],
                              [0.20249143776401254, 0.28525791420583285],
                              [-0.09253705755315556, 0.09136914823353952]],
          "rqty_const": 1.1750190275095438},
 "max_span": 678.9558950287004,
 "min_span": 1378.1256211005589,
 "n_spans": 3,
 "shrt": {"enabled": false,
          "iprc_MAr_coeffs": [[0.046359975188301476, 0.2866880881282807],
                              [0.06854948299958248, -0.2823696151027526],
                              [-0.38059660012239993, -0.32457910094743464]],
          "iprc_const": 0.9986186300587717,
          "iqty_MAr_coeffs": [[0.12397424398618119, 0.09704182570323018],
                              [0.3644993304434036, -0.22308930724008913],
                              [-0.06296515552083926, 0.2849867998817356]],
          "iqty_const": 0.31523736156262117,
          "markup_MAr_coeffs": [[0.19399286472390098, 0.28906404430786675],
                                [-0.23240844022200877, 0.3535859665363669],
                                [-0.04051521123695702, 0.19728100133730536]],
          "markup_const": 0.9766747324997711,
          "pbr_limit": 0.79959957751124,
          "pbr_stop_loss": 0.9614290944761765,
          "rprc_MAr_coeffs": [[0.23287564753679144, 0.18768405935724783],
                              [0.3798019317775053, -0.181202325770419],
                              [0.3395591789199993, 0.38958118666053043]],
          "rprc_PBr_coeffs": [[0.918584039707373, -0.005372144347531468]],
          "rprc_const": 1.0223145600478425,
          "rqty_MAr_coeffs": [[0.12864190243165835, 0.28127493252769176],
                              [0.17419691272143983, -0.17550239621255315],
                              [0.1746628063197172, 0.0760381944072037]],
          "rqty_const": 1.7018950972310392}}