{"config_name": "binance_bttusdt_211days_adg0.74%_bkr99.97%",
 "logging_level": 0,
 "long": {"enabled": true,
          "iprc_MAr_coeffs": [[-0.18041552876568248, 0.06233802899819021],
                              [-0.2060291051145357, 0.3418584667268965],
                              [-0.009903305157164142, 0.3820228191627451]],
          "iprc_const": 1.006359366745741,
          "iqty_MAr_coeffs": [[0.10936041173643624, -0.0415365266318343],
                              [-0.3237767252199435, 0.14854988918729778],
                              [-0.08847974420863693, -0.3030207656686064]],
          "iqty_const": 0.016374109174377233,
          "markup_MAr_coeffs": [[-0.10207470428171138, 0.25465189334418054],
                                [-0.06791709468468145, 0.18370457854595013],
                                [-0.0815509581969677, 0.23674433920117696]],
          "markup_const": 1.0136593168044254,
          "pbr_limit": 0.13495983466145878,
          "pbr_stop_loss": 0.8650401653385412,
          "rprc_MAr_coeffs": [[-0.29719990859756434, -0.061771122068949615],
                              [0.355952513337906, 0.06428094269486473],
                              [0.24651563570577106, 0.31035691069058746]],
          "rprc_PBr_coeffs": [[-0.32297137599003434, 0.01774930026412105]],
          "rprc_const": 0.972296900145603,
          "rqty_MAr_coeffs": [[-0.27797336555012364, -0.030935244837807917],
                              [-0.24760423896472694, -0.18789249567989874],
                              [-0.4, -0.21315367284879283]],
          "rqty_const": 0.6106515383597326},
 "max_span": 6506.244502035399,
 "min_span": 48.923759779535274,
 "n_spans": 3,
 "shrt": {"enabled": false,
          "iprc_MAr_coeffs": [[0.11047294154273841, -0.30030844708150106],
                              [-0.07338029862211325, 0.3934522083862936],
                              [0.005421551904868857, 0.2552502213821425]],
          "iprc_const": 0.9960368343143534,
          "iqty_MAr_coeffs": [[0.1864385668417169, -0.2197248341623466],
                              [-0.30144140539550196, -0.30940008457674983],
                              [0.11087795231863495, -0.38838564501655737]],
          "iqty_const": 0.465882535626115,
          "markup_MAr_coeffs": [[-0.0911538250384577, 0.22258958803212497],
                                [-0.22191686555087603, -0.27074074680959975],
                                [0.26586450828427477, -0.1080447601443472]],
          "markup_const": 0.9906046367528203,
          "pbr_limit": 1.0,
          "pbr_stop_loss": 0.2326142878416434,
          "rprc_MAr_coeffs": [[-0.4, 0.003634633467089646],
                              [0.20558188169964112, -0.032603993562988216],
                              [0.21401262894826012, -0.27544258799695365]],
          "rprc_PBr_coeffs": [[0.320146489221201, 0.21581683004949184]],
          "rprc_const": 1.0256538630072831,
          "rqty_MAr_coeffs": [[-0.08915111915899133, -0.24163717326914155],
                              [-0.031558572771803475, 0.2857803951001951],
                              [-0.3654427570193039, 0.4]],
          "rqty_const": 0.9872283910650449}}