{"config_name": "binance_snxusdt_211days_adg0.51%_bkr99.94%",
 "logging_level": 0,
 "long": {"enabled": true,
          "iprc_MAr_coeffs": [[-0.3122876685224385, 0.11655222474782867],
                              [0.2978406984008683, 0.3967160037605771],
                              [-0.3858515716575087, 0.24003666535053494]],
          "iprc_const": 0.9797825469640575,
          "iqty_MAr_coeffs": [[0.4507441344424821, -0.23418105375671577],
                              [0.15359788063606514, 0.23119245680838812],
                              [-0.2834105737094705, 0.23730702872763282]],
          "iqty_const": 0.018789993509350143,
          "markup_MAr_coeffs": [[-0.09806859731653449, 0.4141614728285133],
                                [-0.4921638469324519, -0.4256448810324328],
                                [0.02860320307370401, 0.018054134727296358]],
          "markup_const": 1.0016582387537696,
          "pbr_limit": 0.0943126933639864,
          "pbr_stop_loss": 0.9056873066360136,
          "rprc_MAr_coeffs": [[0.08684443001790328, -0.4567854477815983],
                              [-0.4069012721586346, 0.32779155608321736],
                              [0.11036453202438082, 0.3982502446945714]],
          "rprc_PBr_coeffs": [[-0.04392296710224957, 0.02946803199422032]],
          "rprc_const": 0.9733177930978333,
          "rqty_MAr_coeffs": [[0.39072676818386054, -0.19696924434898308],
                              [0.45701858995453926, -0.25829047926532644],
                              [-0.3266625848983192, -0.03198602353264072]],
          "rqty_const": 1.4443338215054606},
 "max_span": 1578.6206551552996,
 "min_span": 642.335270360125,
 "n_spans": 3,
 "shrt": {"enabled": false,
          "iprc_MAr_coeffs": [[0.0, 0.0], [0.0, 0.0], [0.0, 0.0]],
          "iprc_const": 0.0,
          "iqty_MAr_coeffs": [[0.0, 0.0], [0.0, 0.0], [0.0, 0.0]],
          "iqty_const": 0.0,
          "markup_MAr_coeffs": [[0.0, 0.0], [0.0, 0.0], [0.0, 0.0]],
          "markup_const": 0.0,
          "pbr_limit": 0.0,
          "pbr_stop_loss": 0.0,
          "rprc_MAr_coeffs": [[0.0, 0.0], [0.0, 0.0], [0.0, 0.0]],
          "rprc_PBr_coeffs": [[0.0, 0.0]],
          "rprc_const": 0.0,
          "rqty_MAr_coeffs": [[0.0, 0.0], [0.0, 0.0], [0.0, 0.0]],
          "rqty_const": 0.0}}