{"config_name": "binance_snxusdt_211days_adg0.30%_bkr99.90%",
 "logging_level": 0,
 "long": {"enabled": true,
          "iprc_MAr_coeffs": [[-0.023466018072354617, -0.1270763624056066],
                              [0.0686643727626687, 0.09282264329370915],
                              [-0.030962721849629997, -0.19771057092050806]],
          "iprc_const": 1.0063648972730568,
          "iqty_MAr_coeffs": [[-0.06707992300130591, 0.02665340790569895],
                              [-0.2050674698864258, 0.2115958042441621],
                              [0.31853997851565186, 0.06019076695853953]],
          "iqty_const": 0.2762914565111435,
          "markup_MAr_coeffs": [[-0.15154590192135195, 0.21148008894138895],
                                [-0.1332162568182328, -0.19973474092712093],
                                [0.23073607477633598, 0.29804870384435506]],
          "markup_const": 1.0136109867843333,
          "pbr_limit": 0.21741707451597303,
          "pbr_stop_loss": 0.782582925484027,
          "rprc_MAr_coeffs": [[-0.25405946044534977, 0.1028704638443118],
                              [-0.2117979322746219, 0.05980914098799291],
                              [-0.4, 0.015267625188731057]],
          "rprc_PBr_coeffs": [[-0.2307982773247777, -0.9153053135702366]],
          "rprc_const": 0.9945801095164459,
          "rqty_MAr_coeffs": [[0.1030395747756573, 0.4],
                              [-0.4, 0.06227603665093196],
                              [0.02430649463992655, 0.37865479609712804]],
          "rqty_const": 1.0584654359081411},
 "max_span": 12271.186964575554,
 "min_span": 482.6663226001613,
 "n_spans": 3,
 "shrt": {"enabled": false,
          "iprc_MAr_coeffs": [[0.13261249912897227, 0.1519645126392717],
                              [0.015454187386468048, -0.04996111562324643],
                              [0.3501358343672689, 0.013002341895061092]],
          "iprc_const": 1.0093016383311715,
          "iqty_MAr_coeffs": [[0.1962334878918629, 0.03343387471203739],
                              [-0.2170403434736698, 0.07931513031028534],
                              [-0.05840735829852313, -0.12650181549618286]],
          "iqty_const": 0.01,
          "markup_MAr_coeffs": [[0.23154616348480014, 0.29469893389620744],
                                [0.3173993835110057, -0.2835732967924862],
                                [-0.03422947712442565, 0.03923520527934899]],
          "markup_const": 0.9938909004474574,
          "pbr_limit": 0.39427745311912293,
          "pbr_stop_loss": 0.45901356143590877,
          "rprc_MAr_coeffs": [[-0.03737902150816589, -0.29507259107785955],
                              [-0.21059296319801385, -0.2108718414519967],
                              [-0.3354832724165709, 0.05213652472626379]],
          "rprc_PBr_coeffs": [[0.9068928739118857, 0.7267572471681777]],
          "rprc_const": 1.0088709729161285,
          "rqty_MAr_coeffs": [[-0.10357707241016603, -0.25731649647924393],
                              [-0.0008198110471083392, 0.13961679218216627],
                              [0.05979192293317267, -0.12696032038326732]],
          "rqty_const": 0.2010280184749716}}