{"config_name": "longonly_binance_dotusdt_274days_adg0.640%_bkr56.26%_eqbal41.70%",
 "logging_level": 0,
 "long": {"enabled": true,
          "eprice_exp_base": 1.0456348928740031,
          "eprice_pprice_diff": 0.01674001571522497,
          "grid_span": 0.14577128014343008,
          "initial_qty_pct": 0.029966971141651942,
          "markup_range": 0.007238560540743816,
          "max_n_entry_orders": 16,
          "min_markup": 0.0034980600516316645,
          "n_close_orders": 5,
          "pbr_limit": 1.3146475845800285,
          "secondary_pbr_allocation": 0.07838847774527659,
          "secondary_pprice_diff": 0.47921280860975235},
 "shrt": {"enabled": false,
          "eprice_exp_base": 1.618034,
          "eprice_pprice_diff": 0.001,
          "grid_span": 0.03,
          "initial_qty_pct": 0.001,
          "markup_range": 0.004,
          "max_n_entry_orders": 10,
          "min_markup": 0.0005,
          "n_close_orders": 7,
          "pbr_limit": 0.5,
          "secondary_pbr_allocation": 0,
          "secondary_pprice_diff": 0.21}}