{
  "avg_periodic_gain_key": "avg_3days_gain",
  "base_dir": "/Users/erwinhoeckx/passivbot_configs/backtests",
  "break_early_factor": 0.5,
  "c_mult": 1.0,
  "caches_dirpath": "/Users/erwinhoeckx/passivbot_configs/backtests/binance/SXPUSDT/caches/",
  "config_name": "name",
  "do_long": true,
  "do_shrt": true,
  "end_date": "2021-07-01",
  "exchange": "binance",
  "hedge_mode": true,
  "inverse": false,
  "iters": 10,
  "latency_simulation_ms": 750,
  "logging_level": 0,
  "long\u00a3enabled": true,
  "long\u00a3iprc_MAr_coeffs$00$00": 0.05910523630031428,
  "long\u00a3iprc_MAr_coeffs$00$01": -0.06759233445318802,
  "long\u00a3iprc_MAr_coeffs$01$00": -0.33334222163620697,
  "long\u00a3iprc_MAr_coeffs$01$01": -0.28522455011971054,
  "long\u00a3iprc_MAr_coeffs$02$00": 0.09436394216724053,
  "long\u00a3iprc_MAr_coeffs$02$01": 0.06646696555970921,
  "long\u00a3iprc_const": 1.0035418506298186,
  "long\u00a3iqty_MAr_coeffs$00$00": 0.3281119017098222,
  "long\u00a3iqty_MAr_coeffs$00$01": 0.382673949095818,
  "long\u00a3iqty_MAr_coeffs$01$00": -0.3644103227339831,
  "long\u00a3iqty_MAr_coeffs$01$01": -0.09564032747395723,
  "long\u00a3iqty_MAr_coeffs$02$00": 0.15251659446167032,
  "long\u00a3iqty_MAr_coeffs$02$01": 0.3160431239403809,
  "long\u00a3iqty_const": 0.18107968949508796,
  "long\u00a3markup_MAr_coeffs$00$00": 0.17074930327542104,
  "long\u00a3markup_MAr_coeffs$00$01": -0.3772982517146433,
  "long\u00a3markup_MAr_coeffs$01$00": -0.0582720030379657,
  "long\u00a3markup_MAr_coeffs$01$01": -0.0988415464058211,
  "long\u00a3markup_MAr_coeffs$02$00": 0.0585757974959803,
  "long\u00a3markup_MAr_coeffs$02$01": 0.10046769792166166,
  "long\u00a3markup_const": 1.024968919123958,
  "long\u00a3pbr_limit": 1.3370609515412724,
  "long\u00a3pbr_stop_loss": 0.0577916511215289,
  "long\u00a3rprc_MAr_coeffs$00$00": -0.07657774157629271,
  "long\u00a3rprc_MAr_coeffs$00$01": -0.19220828360224368,
  "long\u00a3rprc_MAr_coeffs$01$00": -0.34000260963394563,
  "long\u00a3rprc_MAr_coeffs$01$01": 0.2205299429137555,
  "long\u00a3rprc_MAr_coeffs$02$00": 0.34045263462169284,
  "long\u00a3rprc_MAr_coeffs$02$01": 0.34269796023271415,
  "long\u00a3rprc_PBr_coeffs$00$00": -0.6110799419893154,
  "long\u00a3rprc_PBr_coeffs$00$01": 0.08606828280283652,
  "long\u00a3rprc_const": 0.9864871294630763,
  "long\u00a3rqty_MAr_coeffs$00$00": 0.2143508813619438,
  "long\u00a3rqty_MAr_coeffs$00$01": -0.2242548281265754,
  "long\u00a3rqty_MAr_coeffs$01$00": 0.06020901120899502,
  "long\u00a3rqty_MAr_coeffs$01$01": 0.18234084228409098,
  "long\u00a3rqty_MAr_coeffs$02$00": 0.2489685509507501,
  "long\u00a3rqty_MAr_coeffs$02$01": -0.3596231202795037,
  "long\u00a3rqty_const": 0.9820961450091752,
  "maker_fee": 0.0002,
  "market_type": "futures",
  "max_leverage": 50,
  "max_span": 22879.91408006537,
  "maximum_hrs_no_fills": 72,
  "maximum_hrs_no_fills_same_side": 144,
  "metric": "adjusted_daily_gain",
  "min_cost": 5.0,
  "min_qty": 0.1,
  "min_span": 600.4715781374744,
  "minimum_bankruptcy_distance": 0.5,
  "minimum_equity_balance_ratio": 0.5,
  "minimum_sharpe_ratio": 1,
  "minimum_slice_adg": 1,
  "n_days": 29.99997685185185,
  "n_particles": 48,
  "n_spans": 3,
  "num_cpus": 4,
  "optimize_dirpath": "/Users/erwinhoeckx/passivbot_configs/backtests/binance/SXPUSDT/optimize/2021-07-27T222617/",
  "options": {
    "c1": 1.4962,
    "c2": 1.4962,
    "w": 0.7298
  },
  "periodic_gain_n_days": 3,
  "plots_dirpath": "/Users/erwinhoeckx/passivbot_configs/backtests/binance/SXPUSDT/plots/",
  "price_step": 0.0001,
  "qty_step": 0.1,
  "ranges": {
    "long\u00a3iprc_MAr_coeffs$00$00": [
      -0.4,
      0.4
    ],
    "long\u00a3iprc_MAr_coeffs$00$01": [
      -0.4,
      0.4
    ],
    "long\u00a3iprc_MAr_coeffs$01$00": [
      -0.4,
      0.4
    ],
    "long\u00a3iprc_MAr_coeffs$01$01": [
      -0.4,
      0.4
    ],
    "long\u00a3iprc_MAr_coeffs$02$00": [
      -0.4,
      0.4
    ],
    "long\u00a3iprc_MAr_coeffs$02$01": [
      -0.4,
      0.4
    ],
    "long\u00a3iprc_const": [
      0.97,
      1.01
    ],
    "long\u00a3iqty_MAr_coeffs$00$00": [
      -0.4,
      0.4
    ],
    "long\u00a3iqty_MAr_coeffs$00$01": [
      -0.4,
      0.4
    ],
    "long\u00a3iqty_MAr_coeffs$01$00": [
      -0.4,
      0.4
    ],
    "long\u00a3iqty_MAr_coeffs$01$01": [
      -0.4,
      0.4
    ],
    "long\u00a3iqty_MAr_coeffs$02$00": [
      -0.4,
      0.4
    ],
    "long\u00a3iqty_MAr_coeffs$02$01": [
      -0.4,
      0.4
    ],
    "long\u00a3iqty_const": [
      0.01,
      0.5
    ],
    "long\u00a3markup_MAr_coeffs$00$00": [
      -0.4,
      0.4
    ],
    "long\u00a3markup_MAr_coeffs$00$01": [
      -0.4,
      0.4
    ],
    "long\u00a3markup_MAr_coeffs$01$00": [
      -0.4,
      0.4
    ],
    "long\u00a3markup_MAr_coeffs$01$01": [
      -0.4,
      0.4
    ],
    "long\u00a3markup_MAr_coeffs$02$00": [
      -0.4,
      0.4
    ],
    "long\u00a3markup_MAr_coeffs$02$01": [
      -0.4,
      0.4
    ],
    "long\u00a3markup_const": [
      1,
      1.03
    ],
    "long\u00a3pbr_limit": [
      0.1,
      2
    ],
    "long\u00a3pbr_stop_loss": [
      -0.1,
      0.5
    ],
    "long\u00a3rprc_MAr_coeffs$00$00": [
      -0.4,
      0.4
    ],
    "long\u00a3rprc_MAr_coeffs$00$01": [
      -0.4,
      0.4
    ],
    "long\u00a3rprc_MAr_coeffs$01$00": [
      -0.4,
      0.4
    ],
    "long\u00a3rprc_MAr_coeffs$01$01": [
      -0.4,
      0.4
    ],
    "long\u00a3rprc_MAr_coeffs$02$00": [
      -0.4,
      0.4
    ],
    "long\u00a3rprc_MAr_coeffs$02$01": [
      -0.4,
      0.4
    ],
    "long\u00a3rprc_PBr_coeffs$00$00": [
      -1,
      0.1
    ],
    "long\u00a3rprc_PBr_coeffs$00$01": [
      -1,
      0.1
    ],
    "long\u00a3rprc_const": [
      0.97,
      1
    ],
    "long\u00a3rqty_MAr_coeffs$00$00": [
      -0.4,
      0.4
    ],
    "long\u00a3rqty_MAr_coeffs$00$01": [
      -0.4,
      0.4
    ],
    "long\u00a3rqty_MAr_coeffs$01$00": [
      -0.4,
      0.4
    ],
    "long\u00a3rqty_MAr_coeffs$01$01": [
      -0.4,
      0.4
    ],
    "long\u00a3rqty_MAr_coeffs$02$00": [
      -0.4,
      0.4
    ],
    "long\u00a3rqty_MAr_coeffs$02$01": [
      -0.4,
      0.4
    ],
    "long\u00a3rqty_const": [
      0,
      2
    ],
    "max_span": [
      720,
      30000
    ],
    "min_span": [
      20,
      720
    ],
    "shrt\u00a3iprc_MAr_coeffs$00$00": [
      -0.4,
      0.4
    ],
    "shrt\u00a3iprc_MAr_coeffs$00$01": [
      -0.4,
      0.4
    ],
    "shrt\u00a3iprc_MAr_coeffs$01$00": [
      -0.4,
      0.4
    ],
    "shrt\u00a3iprc_MAr_coeffs$01$01": [
      -0.4,
      0.4
    ],
    "shrt\u00a3iprc_MAr_coeffs$02$00": [
      -0.4,
      0.4
    ],
    "shrt\u00a3iprc_MAr_coeffs$02$01": [
      -0.4,
      0.4
    ],
    "shrt\u00a3iprc_const": [
      0.99,
      1.03
    ],
    "shrt\u00a3iqty_MAr_coeffs$00$00": [
      -0.4,
      0.4
    ],
    "shrt\u00a3iqty_MAr_coeffs$00$01": [
      -0.4,
      0.4
    ],
    "shrt\u00a3iqty_MAr_coeffs$01$00": [
      -0.4,
      0.4
    ],
    "shrt\u00a3iqty_MAr_coeffs$01$01": [
      -0.4,
      0.4
    ],
    "shrt\u00a3iqty_MAr_coeffs$02$00": [
      -0.4,
      0.4
    ],
    "shrt\u00a3iqty_MAr_coeffs$02$01": [
      -0.4,
      0.4
    ],
    "shrt\u00a3iqty_const": [
      0.01,
      0.5
    ],
    "shrt\u00a3markup_MAr_coeffs$00$00": [
      -0.4,
      0.4
    ],
    "shrt\u00a3markup_MAr_coeffs$00$01": [
      -0.4,
      0.4
    ],
    "shrt\u00a3markup_MAr_coeffs$01$00": [
      -0.4,
      0.4
    ],
    "shrt\u00a3markup_MAr_coeffs$01$01": [
      -0.4,
      0.4
    ],
    "shrt\u00a3markup_MAr_coeffs$02$00": [
      -0.4,
      0.4
    ],
    "shrt\u00a3markup_MAr_coeffs$02$01": [
      -0.4,
      0.4
    ],
    "shrt\u00a3markup_const": [
      0.97,
      1
    ],
    "shrt\u00a3pbr_limit": [
      0.1,
      2
    ],
    "shrt\u00a3pbr_stop_loss": [
      -0.1,
      0.5
    ],
    "shrt\u00a3rprc_MAr_coeffs$00$00": [
      -0.4,
      0.4
    ],