{"config_name": "scalp_longonly_binance_xemusdt_187days_adg-0.57%_bkr8.36%",
 "logging_level": 0,
 "long": {"enabled": true,
          "markup_range": 0.005958109231243455,
          "min_markup": 0.004390603862554953,
          "n_close_orders": 10,
          "primary_ddown_factor": 2.272859789316689,
          "primary_grid_spacing": 0.021345714470345705,
          "primary_grid_spacing_pbr_weighting": [0.04441378324425542,
                                                 0.008901517381532373],
          "primary_initial_qty_pct": 0.14821002626123264,
          "primary_pbr_limit": 1.184379427443626,
          "secondary_ddown_factor": 0.5209855851337535,
          "secondary_grid_spacing": 0.37528296453166327,
          "secondary_pbr_limit_added": 0.791097149367186},
 "shrt": {"enabled": false,
          "markup_range": 0.004,
          "min_markup": 0.0005,
          "n_close_orders": 10,
          "primary_ddown_factor": 0.3,
          "primary_grid_spacing": 0.001,
          "primary_grid_spacing_pbr_weighting": [0, 0],
          "primary_initial_qty_pct": 0.001,
          "primary_pbr_limit": 0.3,
          "secondary_ddown_factor": 0.3,
          "secondary_grid_spacing": 0.09,
          "secondary_pbr_limit_added": 0.3}}