{"config_name": "scalp_longonly_binance_celrusdt_248days_adg0.71%_bkr98.89%",
 "logging_level": 0,
 "long": {"enabled": true,
          "markup_range": 0.006341344029258694,
          "min_markup": 0.004993147773568366,
          "n_close_orders": 10,
          "primary_ddown_factor": 2.5850200976986595,
          "primary_grid_spacing": 0.0074382191749156785,
          "primary_grid_spacing_pbr_weighting": [0.045675934847627504,
                                                 0.006723972169327104],
          "primary_initial_qty_pct": 0.034297243739192386,
          "primary_pbr_limit": 0.56106052,
          "secondary_ddown_factor": 0.5257557083325591,
          "secondary_grid_spacing": 0.14826278177676547,
          "secondary_pbr_limit_added": 0.43893948},
 "shrt": {"enabled": false,
          "markup_range": 0.004,
          "min_markup": 0.0005,
          "n_close_orders": 10,
          "primary_ddown_factor": 0.3,
          "primary_grid_spacing": 0.001,
          "primary_grid_spacing_pbr_weighting": [0, 0],
          "primary_initial_qty_pct": 0.001,
          "primary_pbr_limit": 0.3,
          "secondary_ddown_factor": 0.3,
          "secondary_grid_spacing": 0.09,
          "secondary_pbr_limit_added": 0.3}}