{"config_name": "longonly_binance_xrpusdt_274days_adg0.678%_bkr48.75%_eqbal56.93%",
 "logging_level": 0,
 "long": {"enabled": true,
          "eprice_exp_base": 1.618034,
          "eprice_pprice_diff": 0.00956910758875806,
          "grid_span": 0.24761950497201418,
          "initial_qty_pct": 0.04303360964519709,
          "markup_range": 0.009709406229184234,
          "max_n_entry_orders": 8,
          "min_markup": 0.004530067246623708,
          "n_close_orders": 9,
          "pbr_limit": 1.486962508420579,
          "secondary_pbr_allocation": 0.18668487711775905,
          "secondary_pprice_diff": 0.26516987639057243},
 "shrt": {"enabled": false,
          "eprice_exp_base": 1.618034,
          "eprice_pprice_diff": 0.001,
          "grid_span": 0.03,
          "initial_qty_pct": 0.001,
          "markup_range": 0.004,
          "max_n_entry_orders": 10,
          "min_markup": 0.0005,
          "n_close_orders": 7,
          "pbr_limit": 0.5,
          "secondary_pbr_allocation": 0,
          "secondary_pprice_diff": 0.21}}