{
  "avg_periodic_gain_key": "avg_3days_gain",
  "base_dir": "/Users/erwinhoeckx/passivbot_configs/backtests",
  "break_early_factor": 0.5,
  "c_mult": 1.0,
  "caches_dirpath": "/Users/erwinhoeckx/passivbot_configs/backtests/binance/SXPUSDT/caches/",
  "config_name": "name",
  "do_long": true,
  "do_shrt": true,
  "end_date": "2021-07-01",
  "exchange": "binance",
  "hedge_mode": true,
  "inverse": false,
  "iters": 10,
  "latency_simulation_ms": 750,
  "logging_level": 0,
  "long\u00a3enabled": true,
  "long\u00a3iprc_MAr_coeffs$00$00": -0.12115292315329756,
  "long\u00a3iprc_MAr_coeffs$00$01": -0.25687825915667545,
  "long\u00a3iprc_MAr_coeffs$01$00": -0.2802955796846738,
  "long\u00a3iprc_MAr_coeffs$01$01": 0.17725916376839845,
  "long\u00a3iprc_MAr_coeffs$02$00": -0.3046282765166901,
  "long\u00a3iprc_MAr_coeffs$02$01": -0.2546052799315122,
  "long\u00a3iprc_const": 0.9815531696170195,
  "long\u00a3iqty_MAr_coeffs$00$00": -0.20226060377387514,
  "long\u00a3iqty_MAr_coeffs$00$01": -0.3746314122393716,
  "long\u00a3iqty_MAr_coeffs$01$00": 0.20847651869718964,
  "long\u00a3iqty_MAr_coeffs$01$01": 0.2923421760365228,
  "long\u00a3iqty_MAr_coeffs$02$00": 0.21462273534255905,
  "long\u00a3iqty_MAr_coeffs$02$01": -0.009885826524983876,
  "long\u00a3iqty_const": 0.3137346012012927,
  "long\u00a3markup_MAr_coeffs$00$00": 0.2887390050071583,
  "long\u00a3markup_MAr_coeffs$00$01": -0.2475405971760578,
  "long\u00a3markup_MAr_coeffs$01$00": -0.011159075083960357,
  "long\u00a3markup_MAr_coeffs$01$01": -0.28609884768764043,
  "long\u00a3markup_MAr_coeffs$02$00": -0.32308723241026754,
  "long\u00a3markup_MAr_coeffs$02$01": -0.34933867805054225,
  "long\u00a3markup_const": 1.0009771859256968,
  "long\u00a3pbr_limit": 1.0908948519196016,
  "long\u00a3pbr_stop_loss": 0.040016025048852794,
  "long\u00a3rprc_MAr_coeffs$00$00": -0.09564370385939835,
  "long\u00a3rprc_MAr_coeffs$00$01": -0.18682425742055042,
  "long\u00a3rprc_MAr_coeffs$01$00": -0.293542983109002,
  "long\u00a3rprc_MAr_coeffs$01$01": -0.00500818569423761,
  "long\u00a3rprc_MAr_coeffs$02$00": -0.20504551300311136,
  "long\u00a3rprc_MAr_coeffs$02$01": 0.35894813279153925,
  "long\u00a3rprc_PBr_coeffs$00$00": -0.6365154053004318,
  "long\u00a3rprc_PBr_coeffs$00$01": -0.32306136936214314,
  "long\u00a3rprc_const": 0.9926120833378087,
  "long\u00a3rqty_MAr_coeffs$00$00": 0.03669465204257233,
  "long\u00a3rqty_MAr_coeffs$00$01": -0.3358110312396332,
  "long\u00a3rqty_MAr_coeffs$01$00": -0.24949232353439657,
  "long\u00a3rqty_MAr_coeffs$01$01": -0.2537137012834716,
  "long\u00a3rqty_MAr_coeffs$02$00": -0.16033884311877183,
  "long\u00a3rqty_MAr_coeffs$02$01": 0.10708194404674454,
  "long\u00a3rqty_const": 1.0492233386626049,
  "maker_fee": 0.0002,
  "market_type": "futures",
  "max_leverage": 50,
  "max_span": 9651.576396358909,
  "maximum_hrs_no_fills": 72,
  "maximum_hrs_no_fills_same_side": 144,
  "metric": "adjusted_daily_gain",
  "min_cost": 5.0,
  "min_qty": 0.1,
  "min_span": 601.9024668382785,
  "minimum_bankruptcy_distance": 0.5,
  "minimum_equity_balance_ratio": 0.5,
  "minimum_sharpe_ratio": 1,
  "minimum_slice_adg": 1,
  "n_days": 29.99997685185185,
  "n_particles": 48,
  "n_spans": 3,
  "num_cpus": 4,
  "optimize_dirpath": "/Users/erwinhoeckx/passivbot_configs/backtests/binance/SXPUSDT/optimize/2021-07-27T222617/",
  "options": {
    "c1": 1.4962,
    "c2": 1.4962,
    "w": 0.7298
  },
  "periodic_gain_n_days": 3,
  "plots_dirpath": "/Users/erwinhoeckx/passivbot_configs/backtests/binance/SXPUSDT/plots/",
  "price_step": 0.0001,
  "qty_step": 0.1,
  "ranges": {
    "long\u00a3iprc_MAr_coeffs$00$00": [
      -0.4,
      0.4
    ],
    "long\u00a3iprc_MAr_coeffs$00$01": [
      -0.4,
      0.4
    ],
    "long\u00a3iprc_MAr_coeffs$01$00": [
      -0.4,
      0.4
    ],
    "long\u00a3iprc_MAr_coeffs$01$01": [
      -0.4,
      0.4
    ],
    "long\u00a3iprc_MAr_coeffs$02$00": [
      -0.4,
      0.4
    ],
    "long\u00a3iprc_MAr_coeffs$02$01": [
      -0.4,
      0.4
    ],
    "long\u00a3iprc_const": [
      0.97,
      1.01
    ],
    "long\u00a3iqty_MAr_coeffs$00$00": [
      -0.4,
      0.4
    ],
    "long\u00a3iqty_MAr_coeffs$00$01": [
      -0.4,
      0.4
    ],
    "long\u00a3iqty_MAr_coeffs$01$00": [
      -0.4,
      0.4
    ],
    "long\u00a3iqty_MAr_coeffs$01$01": [
      -0.4,
      0.4
    ],
    "long\u00a3iqty_MAr_coeffs$02$00": [
      -0.4,
      0.4
    ],
    "long\u00a3iqty_MAr_coeffs$02$01": [
      -0.4,
      0.4
    ],
    "long\u00a3iqty_const": [
      0.01,
      0.5
    ],
    "long\u00a3markup_MAr_coeffs$00$00": [
      -0.4,
      0.4
    ],
    "long\u00a3markup_MAr_coeffs$00$01": [
      -0.4,
      0.4
    ],
    "long\u00a3markup_MAr_coeffs$01$00": [
      -0.4,
      0.4
    ],
    "long\u00a3markup_MAr_coeffs$01$01": [
      -0.4,
      0.4
    ],
    "long\u00a3markup_MAr_coeffs$02$00": [
      -0.4,
      0.4
    ],
    "long\u00a3markup_MAr_coeffs$02$01": [
      -0.4,
      0.4
    ],
    "long\u00a3markup_const": [
      1,
      1.03
    ],
    "long\u00a3pbr_limit": [
      0.1,
      2
    ],
    "long\u00a3pbr_stop_loss": [
      -0.1,
      0.5
    ],
    "long\u00a3rprc_MAr_coeffs$00$00": [
      -0.4,
      0.4
    ],
    "long\u00a3rprc_MAr_coeffs$00$01": [
      -0.4,
      0.4
    ],
    "long\u00a3rprc_MAr_coeffs$01$00": [
      -0.4,
      0.4
    ],
    "long\u00a3rprc_MAr_coeffs$01$01": [
      -0.4,
      0.4
    ],
    "long\u00a3rprc_MAr_coeffs$02$00": [
      -0.4,
      0.4
    ],
    "long\u00a3rprc_MAr_coeffs$02$01": [
      -0.4,
      0.4
    ],
    "long\u00a3rprc_PBr_coeffs$00$00": [
      -1,
      0.1
    ],
    "long\u00a3rprc_PBr_coeffs$00$01": [
      -1,
      0.1
    ],
    "long\u00a3rprc_const": [
      0.97,
      1
    ],
    "long\u00a3rqty_MAr_coeffs$00$00": [
      -0.4,
      0.4
    ],
    "long\u00a3rqty_MAr_coeffs$00$01": [
      -0.4,
      0.4
    ],
    "long\u00a3rqty_MAr_coeffs$01$00": [
      -0.4,
      0.4
    ],
    "long\u00a3rqty_MAr_coeffs$01$01": [
      -0.4,
      0.4
    ],
    "long\u00a3rqty_MAr_coeffs$02$00": [
      -0.4,
      0.4
    ],
    "long\u00a3rqty_MAr_coeffs$02$01": [
      -0.4,
      0.4
    ],
    "long\u00a3rqty_const": [
      0,
      2
    ],
    "max_span": [
      720,
      30000
    ],
    "min_span": [
      20,
      720
    ],
    "shrt\u00a3iprc_MAr_coeffs$00$00": [
      -0.4,
      0.4
    ],
    "shrt\u00a3iprc_MAr_coeffs$00$01": [
      -0.4,
      0.4
    ],
    "shrt\u00a3iprc_MAr_coeffs$01$00": [
      -0.4,
      0.4
    ],
    "shrt\u00a3iprc_MAr_coeffs$01$01": [
      -0.4,
      0.4
    ],
    "shrt\u00a3iprc_MAr_coeffs$02$00": [
      -0.4,
      0.4
    ],
    "shrt\u00a3iprc_MAr_coeffs$02$01": [
      -0.4,
      0.4
    ],
    "shrt\u00a3iprc_const": [
      0.99,
      1.03
    ],
    "shrt\u00a3iqty_MAr_coeffs$00$00": [
      -0.4,
      0.4
    ],
    "shrt\u00a3iqty_MAr_coeffs$00$01": [
      -0.4,
      0.4
    ],
    "shrt\u00a3iqty_MAr_coeffs$01$00": [
      -0.4,
      0.4
    ],
    "shrt\u00a3iqty_MAr_coeffs$01$01": [
      -0.4,
      0.4
    ],
    "shrt\u00a3iqty_MAr_coeffs$02$00": [
      -0.4,
      0.4
    ],
    "shrt\u00a3iqty_MAr_coeffs$02$01": [
      -0.4,
      0.4
    ],
    "shrt\u00a3iqty_const": [
      0.01,
      0.5
    ],
    "shrt\u00a3markup_MAr_coeffs$00$00": [
      -0.4,
      0.4
    ],
    "shrt\u00a3markup_MAr_coeffs$00$01": [
      -0.4,
      0.4
    ],
    "shrt\u00a3markup_MAr_coeffs$01$00": [
      -0.4,
      0.4
    ],
    "shrt\u00a3markup_MAr_coeffs$01$01": [
      -0.4,
      0.4
    ],
    "shrt\u00a3markup_MAr_coeffs$02$00": [
      -0.4,
      0.4
    ],
    "shrt\u00a3markup_MAr_coeffs$02$01": [
      -0.4,
      0.4
    ],
    "shrt\u00a3markup_const": [
      0.97,
      1
    ],
    "shrt\u00a3pbr_limit": [
      0.1,
      2
    ],
    "shrt\u00a3pbr_stop_loss": [
      -0.1,
      0.5
    ],
    "shrt\u00a3rprc_MAr_coeffs$00$00": [
      -0.4,
      0.4
    ],