{"config_name": "binance_alphausdt_211days_adg0.50%_bkr100.00%",
 "logging_level": 0,
 "long": {"enabled": true,
          "iprc_MAr_coeffs": [[-0.3523175819234093, 0.13894203182558273],
                              [-0.37327558203916633, -0.10035817906308263],
                              [0.30862280545517234, 0.19623604220667334]],
          "iprc_const": 0.9795162069072438,
          "iqty_MAr_coeffs": [[0.04246527562177032, 0.12707087291902988],
                              [0.34105971810412455, 0.17450143525201492],
                              [-0.2282217327195858, -0.1388628930013994]],
          "iqty_const": 0.012483097479333996,
          "markup_MAr_coeffs": [[-0.05385442167680906, 0.0763553844411159],
                                [-0.03743957663685887, -0.2760332573529862],
                                [0.03659571233714362, 0.2772999694381342]],
          "markup_const": 1.0251434819193628,
          "pbr_limit": 0.3918925572263845,
          "pbr_stop_loss": 0.6081074427736155,
          "rprc_MAr_coeffs": [[-0.35171885909475437, 0.2422718017732062],
                              [0.33757091066940337, 0.1996909641111947],
                              [-0.15857166154341326, 0.32979024366192183]],
          "rprc_PBr_coeffs": [[0.03245197310162165, -0.7605224454448222]],
          "rprc_const": 0.9957312669828305,
          "rqty_MAr_coeffs": [[-0.28620426110414426, 0.3771500552149434],
                              [0.24778421977775753, 0.35682683093286555],
                              [0.16001445618880406, -0.2177638873648384]],
          "rqty_const": 0.02479982990003915},
 "max_span": 12860.616603282459,
 "min_span": 666.220523462053,
 "n_spans": 3,
 "shrt": {"enabled": false,
          "iprc_MAr_coeffs": [[0.07596162626123015, -0.3350027387296615],
                              [0.021317407367723924, 0.3065146313928929],
                              [-0.3084120321843727, 0.2897923581508018]],
          "iprc_const": 1.0110225466615919,
          "iqty_MAr_coeffs": [[0.3447677633688392, 0.14754899362931484],
                              [0.06027959328521706, 0.1610510728684482],
                              [0.0460334373583811, 0.015114694046197943]],
          "iqty_const": 0.11836633436143987,
          "markup_MAr_coeffs": [[-0.16629587113832975, -0.24800676580208317],
                                [0.09550325909953694, 0.23607518156690976],
                                [0.09168940056057316, 0.038028480058907785]],
          "markup_const": 0.9931781843050331,
          "pbr_limit": 0.4646252198125148,
          "pbr_stop_loss": 0.7321218670839674,
          "rprc_MAr_coeffs": [[-0.27631994976267454, -0.2114977729476311],
                              [-0.2559831898887872, 0.1846292803679215],
                              [-0.2787238424991866, 0.17134362498127284]],
          "rprc_PBr_coeffs": [[0.862118439491941, 0.6135326439893042]],
          "rprc_const": 1.0254690857575663,
          "rqty_MAr_coeffs": [[-0.11561545481008438, -0.36381258640890163],
                              [0.1775165298458296, 0.015157208949089456],
                              [-0.03482159935670545, 0.2637807738598135]],
          "rqty_const": 1.3081569591462945}}