{"config_name": "binance_renusdt_211days_adg0.41%_bkr100.00%",
 "logging_level": 0,
 "long": {"enabled": true,
          "iprc_MAr_coeffs": [[-0.22915911679168607, -0.13376094479793568],
                              [0.28383800107742485, 0.3987147837015427],
                              [-0.25445921417051676, -0.2552674230178437]],
          "iprc_const": 1.0063721168079345,
          "iqty_MAr_coeffs": [[0.17699623414727494, 0.18540569765143497],
                              [0.16098343904165455, 0.2728865795182254],
                              [0.06982567266268638, -0.17625070298064816]],
          "iqty_const": 0.0468099238959266,
          "markup_MAr_coeffs": [[-0.25548535713455534, -0.37858575505934544],
                                [-0.24040863908549684, 0.21621759341542585],
                                [-0.17164719139023743, 0.3262945134775168]],
          "markup_const": 1.0117950678357701,
          "pbr_limit": 0.5105728196408187,
          "pbr_stop_loss": 0.4894271803591813,
          "rprc_MAr_coeffs": [[-0.1976190783797768, -0.37827692456431095],
                              [-0.3309122901539422, -0.0633682258401542],
                              [-0.1000487339758443, 0.28502675276517137]],
          "rprc_PBr_coeffs": [[-0.43665282169976033, -0.8521864104633681]],
          "rprc_const": 0.9992648070731238,
          "rqty_MAr_coeffs": [[0.05737808399052966, -0.4],
                              [-0.049564336901548656, 0.27372007784354274],
                              [0.2328817921092836, -0.09855388199442831]],
          "rqty_const": 1.8797711196963034},
 "max_span": 3984.7959715062534,
 "min_span": 437.7264370248511,
 "n_spans": 3,
 "shrt": {"enabled": false,
          "iprc_MAr_coeffs": [[-0.1051344850507952, -0.1733011927059408],
                              [0.16091559112743484, -0.1925370346992321],
                              [0.08838359525416481, -0.4]],
          "iprc_const": 1.00267988111182,
          "iqty_MAr_coeffs": [[-0.21436069578396375, 0.2685607669231676],
                              [0.23685423634434843, -0.21990151470191788],
                              [0.2509733191724323, 0.06123489489946295]],
          "iqty_const": 0.019564736907959082,
          "markup_MAr_coeffs": [[-0.008127358561364793, -0.1948398159099538],
                                [0.37634226627786094, -0.2806822048406698],
                                [0.14469727585356262, -0.131508210846822]],
          "markup_const": 0.9992070466660832,
          "pbr_limit": 0.1419053998955328,
          "pbr_stop_loss": 0.7204927282219046,
          "rprc_MAr_coeffs": [[0.2717215451769963, -0.1390026274599402],
                              [-0.12005041527309832, 0.12294403620056632],
                              [-0.1568954502881005, 0.2802659425424279]],
          "rprc_PBr_coeffs": [[0.06965104965926311, 0.47266860372703545]],
          "rprc_const": 1.0283798140598965,
          "rqty_MAr_coeffs": [[0.14127096118191904, -0.2546151714933214],
                              [-0.3867402276646278, 0.2008224328678382],
                              [0.0816836541192579, -0.06102402013480863]],
          "rqty_const": 1.7510707873567866}}