{"config_name": "binance_icpusdt_81days_adg-2.19%_bkr99.80%",
 "logging_level": 0,
 "long": {"enabled": true,
          "iprc_MAr_coeffs": [[-0.5981628589991297, -0.3904748403228322],
                              [0.4954324990509457, -0.021526246533636093],
                              [0.11620055060631344, 0.7614751924280782]],
          "iprc_const": 0.9926622964706411,
          "iqty_MAr_coeffs": [[-0.47218878027594574, 0.9],
                              [0.4089505119633341, -0.2811182257158896],
                              [-0.6260836080469515, 0.7758679147917362]],
          "iqty_const": 0.4645918486374219,
          "markup_MAr_coeffs": [[0.1975295310070437, 0.4345489969379495],
                                [-0.34038670514842945, 0.71007748242834],
                                [0.012300654768004265, 0.3824193051187889]],
          "markup_const": 1.0264963566717298,
          "pbr_limit": 0.3785339903804287,
          "pbr_stop_loss": 0.6214660096195713,
          "rprc_MAr_coeffs": [[0.1442241807204452, -0.8353501854588087],
                              [0.7238551230683316, -0.4429109682934882],
                              [0.05878510222015507, -0.8362898255139688]],
          "rprc_PBr_coeffs": [[-0.9411903853077508, 0.7293363023144689]],
          "rprc_const": 1.0,
          "rqty_MAr_coeffs": [[0.2946358492527683, 0.7067682711515056],
                              [-0.6474166528504668, -0.3805193992243452],
                              [0.5984170907345503, -0.8669667447976054]],
          "rqty_const": 1.7239806080592097},
 "max_span": 22370.977942208967,
 "min_span": 925.2478956655534,
 "n_spans": 3,
 "shrt": {"enabled": false,
          "iprc_MAr_coeffs": [[0.0, 0.0], [0.0, 0.0], [0.0, 0.0]],
          "iprc_const": 0.0,
          "iqty_MAr_coeffs": [[0.0, 0.0], [0.0, 0.0], [0.0, 0.0]],
          "iqty_const": 0.0,
          "markup_MAr_coeffs": [[0.0, 0.0], [0.0, 0.0], [0.0, 0.0]],
          "markup_const": 0.0,
          "pbr_limit": 0.0,
          "pbr_stop_loss": 0.0,
          "rprc_MAr_coeffs": [[0.0, 0.0], [0.0, 0.0], [0.0, 0.0]],
          "rprc_PBr_coeffs": [[0.0, 0.0]],
          "rprc_const": 0.0,
          "rqty_MAr_coeffs": [[0.0, 0.0], [0.0, 0.0], [0.0, 0.0]],
          "rqty_const": 0.0}}