{"config_name": "binance_klayusdt_37days_adg1.56%_bkr99.96%",
 "logging_level": 0,
 "long": {"enabled": true,
          "iprc_MAr_coeffs": [[0.01747894181397123, -0.07822569892406125],
                              [-0.028703846282165966, 0.42293537057328306],
                              [-0.05210895875929351, -0.5]],
          "iprc_const": 0.9884976888978128,
          "iqty_MAr_coeffs": [[-0.12420497642035107, 0.1353307644317125],
                              [-0.08705369367448905, -0.14047093985377934],
                              [0.42841647939741223, 0.24067784740311693]],
          "iqty_const": 0.3672512452205467,
          "markup_MAr_coeffs": [[0.3492666450150001, -0.11798009012940217],
                                [-0.20079749701897562, -0.46303680022427074],
                                [-0.34604086020967617, -0.03084938786771336]],
          "markup_const": 1.0265314945456305,
          "pbr_limit": 0.9635701511614205,
          "pbr_stop_loss": 0.03642984883857948,
          "rprc_MAr_coeffs": [[0.030193524787126173, 0.5],
                              [-0.29065680501269586, -0.21369392927708333],
                              [0.0814841592790355, -0.3408604413196127]],
          "rprc_PBr_coeffs": [[0.22522348097045883, 0.4634950730009768]],
          "rprc_const": 0.9944566545835054,
          "rqty_MAr_coeffs": [[0.32569376620256635, 0.4073691046969043],
                              [-0.271512918371092, -0.43095074831725344],
                              [0.2765821109987591, 0.3654469800990258]],
          "rqty_const": 1.8555038667279415},
 "max_span": 1512.279856787626,
 "min_span": 730.5095563181007,
 "n_spans": 3,
 "shrt": {"enabled": false,
          "iprc_MAr_coeffs": [[0.0, 0.0], [0.0, 0.0], [0.0, 0.0]],
          "iprc_const": 0.0,
          "iqty_MAr_coeffs": [[0.0, 0.0], [0.0, 0.0], [0.0, 0.0]],
          "iqty_const": 0.0,
          "markup_MAr_coeffs": [[0.0, 0.0], [0.0, 0.0], [0.0, 0.0]],
          "markup_const": 0.0,
          "pbr_limit": 0.0,
          "pbr_stop_loss": 0.0,
          "rprc_MAr_coeffs": [[0.0, 0.0], [0.0, 0.0], [0.0, 0.0]],
          "rprc_PBr_coeffs": [[0.0, 0.0]],
          "rprc_const": 0.0,
          "rqty_MAr_coeffs": [[0.0, 0.0], [0.0, 0.0], [0.0, 0.0]],
          "rqty_const": 0.0}}