{"config_name": "longonly_binance_ftmusdt_274days_adg1.224%_bkr50.67%_eqbal46.39%",
 "logging_level": 0,
 "long": {"enabled": true,
          "eprice_exp_base": 1.4046058292337855,
          "eprice_pprice_diff": 0.032903218797572215,
          "grid_span": 0.26765662325218337,
          "initial_qty_pct": 0.04921047322602986,
          "markup_range": 0.018178422104760884,
          "max_n_entry_orders": 9,
          "min_markup": 0.009579191347990252,
          "n_close_orders": 8,
          "pbr_limit": 1.6426496086420639,
          "secondary_pbr_allocation": 0.16911081905591668,
          "secondary_pprice_diff": 0.4662022056626849},
 "shrt": {"enabled": false,
          "eprice_exp_base": 1.618034,
          "eprice_pprice_diff": 0.001,
          "grid_span": 0.03,
          "initial_qty_pct": 0.001,
          "markup_range": 0.004,
          "max_n_entry_orders": 10,
          "min_markup": 0.0005,
          "n_close_orders": 7,
          "pbr_limit": 0.5,
          "secondary_pbr_allocation": 0,
          "secondary_pprice_diff": 0.21}}