{"config_name": "binance_scusdt_211days_adg0.76%_bkr99.95%",
 "logging_level": 0,
 "long": {"enabled": true,
          "iprc_MAr_coeffs": [[-0.4393373755062747, -0.02869977593268098],
                              [0.12240424142235412, -0.45908105304456437],
                              [0.12327936756462311, -0.5375644477267673]],
          "iprc_const": 0.9904040723763662,
          "iqty_MAr_coeffs": [[0.7781165064566146, 0.20812150965257148],
                              [-0.17392283454919663, 0.6373138816030023],
                              [0.7159876180423764, 0.19755385357060162]],
          "iqty_const": 0.03589848321629965,
          "markup_MAr_coeffs": [[-0.308426279294625, -0.014912402869369786],
                                [-0.7640022436385236, 0.5444972221566724],
                                [0.00608614744158606, 0.18323876896456484]],
          "markup_const": 1.019700700307714,
          "pbr_limit": 0.43865237095330945,
          "pbr_stop_loss": 0.5613476290466906,
          "rprc_MAr_coeffs": [[-0.3934600466041476, -0.3758077612912793],
                              [-0.09233243443610566, 0.15237803945489492],
                              [0.0020373173071204288, -0.20802397668214379]],
          "rprc_PBr_coeffs": [[0.8217738706282819, -0.5800473841052116]],
          "rprc_const": 0.9917800115893649,
          "rqty_MAr_coeffs": [[-0.10298437557320683, 0.30383855671195],
                              [0.27722068151926665, 0.7934687610113389],
                              [0.29387586259135534, 0.441654026529607]],
          "rqty_const": 1.2630886287872454},
 "max_span": 3935.0521773978357,
 "min_span": 719.2995431136292,
 "n_spans": 3,
 "shrt": {"enabled": false,
          "iprc_MAr_coeffs": [[0.0, 0.0], [0.0, 0.0], [0.0, 0.0]],
          "iprc_const": 0.0,
          "iqty_MAr_coeffs": [[0.0, 0.0], [0.0, 0.0], [0.0, 0.0]],
          "iqty_const": 0.0,
          "markup_MAr_coeffs": [[0.0, 0.0], [0.0, 0.0], [0.0, 0.0]],
          "markup_const": 0.0,
          "pbr_limit": 0.0,
          "pbr_stop_loss": 0.0,
          "rprc_MAr_coeffs": [[0.0, 0.0], [0.0, 0.0], [0.0, 0.0]],
          "rprc_PBr_coeffs": [[0.0, 0.0]],
          "rprc_const": 0.0,
          "rqty_MAr_coeffs": [[0.0, 0.0], [0.0, 0.0], [0.0, 0.0]],
          "rqty_const": 0.0}}