{"config_name": "binance_xlmusdt_30days_adg0.08%_bkr100.00%",
 "logging_level": 0,
 "long": {"enabled": true,
          "iprc_MAr_coeffs": [[-0.24880717901280358, -0.27816745576714097],
                              [0.016372872312557962, 0.03621497539944907],
                              [0.20551597345388928, -0.2579722076724519]],
          "iprc_const": 0.9719129233047479,
          "iqty_MAr_coeffs": [[-0.04207640284648678, 0.035404125287848864],
                              [-0.25517837271592364, 0.034221131059522514],
                              [0.07928533866871212, 0.03786875253308708]],
          "iqty_const": 0.09193378852774603,
          "markup_MAr_coeffs": [[0.14755246498349472, 0.030933250747637697],
                                [-0.3474485206485316, 0.1280041717087944],
                                [0.09477225264349809, -0.048238939163620376]],
          "markup_const": 1.0192521853923184,
          "pbr_limit": 0.30414908256501005,
          "pbr_stop_loss": 0.21816401421578588,
          "rprc_MAr_coeffs": [[-0.21115696881727475, -0.399354203390009],
                              [0.3971952097044271, 0.3570456422449374],
                              [0.3299889541522094, 0.2073839529366145]],
          "rprc_PBr_coeffs": [[-0.48913207692053273, -0.9484969309831112]],
          "rprc_const": 0.9962985806167908,
          "rqty_MAr_coeffs": [[-0.22073553534631288, 0.10754748520442559],
                              [-0.07054460969311815, -0.2945319016103569],
                              [-0.041375542914865615, -0.37659029061644855]],
          "rqty_const": 1.8785856238869183},
 "max_span": 1439.237954607355,
 "min_span": 173.1599351614363,
 "n_spans": 3,
 "shrt": {"enabled": true,
          "iprc_MAr_coeffs": [[-0.13364686933047593, -0.08810855711401927],
                              [0.2110667656199422, -0.2862055504187259],
                              [0.10184463338782868, 0.061813557303246836]],
          "iprc_const": 1.0222879869489578,
          "iqty_MAr_coeffs": [[0.15269226304131522, 0.0998739646629101],
                              [0.2702862407124197, 0.2811878072724445],
                              [0.07936314772517417, -0.0245765275147124]],
          "iqty_const": 0.05829986190644941,
          "markup_MAr_coeffs": [[-0.17454470486454127, 0.13876881228327442],
                                [-0.27253973314037405, 0.00508676774588962],
                                [-0.1757395997264844, -0.32176585045317485]],
          "markup_const": 0.9880835717575797,
          "pbr_limit": 0.18467347434306075,
          "pbr_stop_loss": 0.28141893710241905,
          "rprc_MAr_coeffs": [[-0.20909358466908037, 0.11390017382789541],
                              [-0.17406973456004016, 0.3326462023796982],
                              [0.30849552437629835, -0.05214362993104338]],
          "rprc_PBr_coeffs": [[0.5540713629943846, 0.3439765066909961]],
          "rprc_const": 1.0162749245353093,
          "rqty_MAr_coeffs": [[-0.35679322537706376, 0.039025623054195324],
                              [0.06776405495439197, 0.0409343344887631],
                              [-0.057536130463251234, -0.3476803156111983]],
          "rqty_const": 1.7493397733836813}}