{"config_name": "longonly_binance_xlmusdt_248days_adg0.798%_bkr60.43%_eqbal39.36%",
 "logging_level": 0,
 "long": {"enabled": true,
          "eprice_exp_base": 1.5417963178094545,
          "eprice_pprice_diff": 0.015960835398221542,
          "grid_span": 0.13571708201523253,
          "initial_qty_pct": 0.023358819752752755,
          "markup_range": 0.015825877164152027,
          "max_n_entry_orders": 13,
          "min_markup": 0.007036785611022269,
          "n_close_orders": 5,
          "pbr_limit": 1.2461662409524807,
          "secondary_pbr_allocation": 0.08977391455983792,
          "secondary_pprice_diff": 0.13683138771024117},
 "shrt": {"enabled": false,
          "eprice_exp_base": 1.618034,
          "eprice_pprice_diff": 0.001,
          "grid_span": 0.03,
          "initial_qty_pct": 0.001,
          "markup_range": 0.004,
          "max_n_entry_orders": 10,
          "min_markup": 0.0005,
          "n_close_orders": 7,
          "pbr_limit": 0.5,
          "secondary_pbr_allocation": 0,
          "secondary_pprice_diff": 0.21}}