{"config_name": "binance_bntusdt_211days_adg0.30%_bkr100.00%",
 "logging_level": 0,
 "long": {"enabled": true,
          "iprc_MAr_coeffs": [[0.279828239270069, 0.15410217570369233],
                              [-0.3391815119160096, 0.1951120988493747],
                              [0.2929651767155657, -0.04915188585183868]],
          "iprc_const": 1.0056424547186662,
          "iqty_MAr_coeffs": [[-0.2180381692432165, -0.3269622753384875],
                              [-0.13677982523743992, 0.25468504413806986],
                              [-0.08357380584911366, -0.1688163217002133]],
          "iqty_const": 0.014539429472575834,
          "markup_MAr_coeffs": [[-0.19676327632857704, 0.3350508944533303],
                                [-0.13118466538031112, 0.03098938275529278],
                                [-0.0266297110904721, 0.22583794008595443]],
          "markup_const": 1.001535383159249,
          "pbr_limit": 0.36612254856467075,
          "pbr_stop_loss": 0.6338774514353293,
          "rprc_MAr_coeffs": [[-0.015240461243062432, 0.21852228916485983],
                              [0.050362075694503135, -0.4],
                              [0.020406198943102565, 0.08839208358812667]],
          "rprc_PBr_coeffs": [[-0.11396726332980534, -0.15861603756205553]],
          "rprc_const": 0.9704434626029916,
          "rqty_MAr_coeffs": [[-0.3748683474450467, 0.21023393446615157],
                              [-0.02176536900005636, -0.21225143234914085],
                              [-0.08465117846168553, -0.1680707486401205]],
          "rqty_const": 1.3024846920388335},
 "max_span": 3989.56975806516,
 "min_span": 528.7058345728396,
 "n_spans": 3,
 "shrt": {"enabled": false,
          "iprc_MAr_coeffs": [[-0.36800253502891517, -0.11753647138891517],
                              [-0.3259717957809057, 0.1529021609494356],
                              [-0.281617912888163, 0.1437064681140548]],
          "iprc_const": 1.0027182875118912,
          "iqty_MAr_coeffs": [[-0.1350813251422864, 0.25557038518560227],
                              [-0.21209830950904845, 0.06017811627614143],
                              [-0.17254647219991956, -0.06427780306398183]],
          "iqty_const": 0.37932499486918037,
          "markup_MAr_coeffs": [[-0.06579749460564746, 0.1625146557194314],
                                [0.4, 0.2719125777725873],
                                [0.15363172834322664, -0.3292571077082812]],
          "markup_const": 0.9874404622273627,
          "pbr_limit": 0.6613038993810709,
          "pbr_stop_loss": 0.46752777190626915,
          "rprc_MAr_coeffs": [[-0.26080187148074674, -0.23502877650795742],
                              [-0.26323285747841163, 0.14118326604281117],
                              [0.00891150006977638, -0.3133053389369631]],
          "rprc_PBr_coeffs": [[0.3963305011200832, 0.9090686543703123]],
          "rprc_const": 1.0040016629123747,
          "rqty_MAr_coeffs": [[0.10535579054888429, -0.1297219015928404],
                              [0.1274890962694634, 0.3560377606040928],
                              [-0.3233503944091608, -0.20774950195080477]],
          "rqty_const": 1.3248708321519338}}