{"config_name": "binance_grtusdt_211days_adg0.34%_bkr100.00%",
 "logging_level": 0,
 "long": {"enabled": true,
          "iprc_MAr_coeffs": [[-0.3913581907291298, 0.06144740648969671],
                              [-0.28211333610228734, 0.08418895401189128],
                              [-0.046873859492625715, 0.12154212725934097]],
          "iprc_const": 0.9726636456942818,
          "iqty_MAr_coeffs": [[0.39983845775694515, 0.2929454379077289],
                              [-0.13760968731658027, 0.3487915583602478],
                              [0.33163583303048877, -0.19902799509626173]],
          "iqty_const": 0.017672182826442763,
          "markup_MAr_coeffs": [[-0.3811249703843377, -0.2553659180965238],
                                [0.22414608444112533, 0.1429383609902048],
                                [-0.24826130683285208, 0.3921769409242782]],
          "markup_const": 1.011885816477643,
          "pbr_limit": 0.02557835550443636,
          "pbr_stop_loss": 0.9277933455383891,
          "rprc_MAr_coeffs": [[-0.33434746568237095, 0.4],
                              [-0.3359122845565314, 0.15002629357799432],
                              [0.25117548163108605, -0.1734847708936777]],
          "rprc_PBr_coeffs": [[-0.7886083289199501, -0.9273609445483489]],
          "rprc_const": 0.985246164055175,
          "rqty_MAr_coeffs": [[-0.1001957552337544, -0.06369360020209541],
                              [0.009455622837662356, 0.3355725336754523],
                              [0.05490479354658662, 0.3606247332419244]],
          "rqty_const": 1.9114126426163858},
 "max_span": 2268.9509351399734,
 "min_span": 1440.0,
 "n_spans": 3,
 "shrt": {"enabled": false,
          "iprc_MAr_coeffs": [[0.3047869560545648, 0.3391691802184479],
                              [-0.05852163511685652, 0.39727015754779105],
                              [0.4, -0.16447689224655318]],
          "iprc_const": 0.9989274734147807,
          "iqty_MAr_coeffs": [[-0.24299117077628352, 0.07546348512229893],
                              [-0.15376188840637103, -0.35908630358607646],
                              [-0.24839883904771826, -0.3475527846412555]],
          "iqty_const": 0.360203367391541,
          "markup_MAr_coeffs": [[-0.3523683601564651, 0.14137443001094085],
                                [0.3595697925666674, -0.03620198148450041],
                                [-0.2908679177602979, 0.32913189357136435]],
          "markup_const": 0.9864944265786894,
          "pbr_limit": 0.3107270467970005,
          "pbr_stop_loss": 0.6642924935525608,
          "rprc_MAr_coeffs": [[0.03323558124810271, 0.010788616443298316],
                              [0.11728783922533559, 0.21742363141785348],
                              [-0.22357088755383597, -0.3777460179269794]],
          "rprc_PBr_coeffs": [[1.0, 0.794994570233098]],
          "rprc_const": 1.0165314506582055,
          "rqty_MAr_coeffs": [[0.4, -0.07850020166960492],
                              [-0.2744591518229511, 0.054648385161014335],
                              [-0.010340802208282707, -0.3742395524400359]],
          "rqty_const": 0.9402618941543037}}