{
  "avg_periodic_gain_key": "avg_3days_gain",
  "base_dir": "/Users/erwinhoeckx/passivbot_configs/backtests",
  "break_early_factor": 0.5,
  "c_mult": 1.0,
  "caches_dirpath": "/Users/erwinhoeckx/passivbot_configs/backtests/binance/XLMUSDT/caches/",
  "config_name": "name",
  "do_long": true,
  "do_shrt": true,
  "end_date": "2021-07-01",
  "exchange": "binance",
  "hedge_mode": true,
  "inverse": false,
  "iters": 10,
  "latency_simulation_ms": 750,
  "logging_level": 0,
  "long\u00a3enabled": true,
  "long\u00a3iprc_MAr_coeffs$00$00": 0.0008651424603104418,
  "long\u00a3iprc_MAr_coeffs$00$01": 0.18597467517450894,
  "long\u00a3iprc_MAr_coeffs$01$00": -0.25075703592388154,
  "long\u00a3iprc_MAr_coeffs$01$01": -0.0051571426731170655,
  "long\u00a3iprc_MAr_coeffs$02$00": 0.17235466181163905,
  "long\u00a3iprc_MAr_coeffs$02$01": 0.2418174915687209,
  "long\u00a3iprc_const": 0.9912118123848742,
  "long\u00a3iqty_MAr_coeffs$00$00": 0.17542374823726914,
  "long\u00a3iqty_MAr_coeffs$00$01": -0.2186403602962349,
  "long\u00a3iqty_MAr_coeffs$01$00": 0.32821075365097374,
  "long\u00a3iqty_MAr_coeffs$01$01": -0.3937764367244119,
  "long\u00a3iqty_MAr_coeffs$02$00": -0.2372383305572881,
  "long\u00a3iqty_MAr_coeffs$02$01": -0.03357125628095836,
  "long\u00a3iqty_const": 0.2864523544928843,
  "long\u00a3markup_MAr_coeffs$00$00": -0.21667566233340044,
  "long\u00a3markup_MAr_coeffs$00$01": -0.28497759590964417,
  "long\u00a3markup_MAr_coeffs$01$00": -0.39492155013327174,
  "long\u00a3markup_MAr_coeffs$01$01": -0.252232585070612,
  "long\u00a3markup_MAr_coeffs$02$00": -0.2619180236235653,
  "long\u00a3markup_MAr_coeffs$02$01": 0.21936669015817278,
  "long\u00a3markup_const": 1.0183897928259478,
  "long\u00a3pbr_limit": 0.7209716952498578,
  "long\u00a3pbr_stop_loss": -0.0015863637597331032,
  "long\u00a3rprc_MAr_coeffs$00$00": 0.29518218488817827,
  "long\u00a3rprc_MAr_coeffs$00$01": 0.2578630404745338,
  "long\u00a3rprc_MAr_coeffs$01$00": 0.32497588421065526,
  "long\u00a3rprc_MAr_coeffs$01$01": 0.28853382536934624,
  "long\u00a3rprc_MAr_coeffs$02$00": 0.04769678894674201,
  "long\u00a3rprc_MAr_coeffs$02$01": 0.38866179340716467,
  "long\u00a3rprc_PBr_coeffs$00$00": -0.19138260210777858,
  "long\u00a3rprc_PBr_coeffs$00$01": -0.13059611198654597,
  "long\u00a3rprc_const": 0.9795193982323165,
  "long\u00a3rqty_MAr_coeffs$00$00": 0.11409425738552725,
  "long\u00a3rqty_MAr_coeffs$00$01": 0.27240983533157614,
  "long\u00a3rqty_MAr_coeffs$01$00": 0.205365188668165,
  "long\u00a3rqty_MAr_coeffs$01$01": -0.17577451399602398,
  "long\u00a3rqty_MAr_coeffs$02$00": -0.14171203495337192,
  "long\u00a3rqty_MAr_coeffs$02$01": -0.3178226968070703,
  "long\u00a3rqty_const": 0.6267317978677853,
  "maker_fee": 0.0002,
  "market_type": "futures",
  "max_leverage": 75,
  "max_span": 25000.363342247078,
  "maximum_hrs_no_fills": 72,
  "maximum_hrs_no_fills_same_side": 144,
  "metric": "adjusted_daily_gain",
  "min_cost": 5.0,
  "min_qty": 1.0,
  "min_span": 177.07721864298176,
  "minimum_bankruptcy_distance": 0.5,
  "minimum_equity_balance_ratio": 0.5,
  "minimum_sharpe_ratio": 1,
  "minimum_slice_adg": 1,
  "n_days": 29.999988425925928,
  "n_particles": 48,
  "n_spans": 3,
  "num_cpus": 4,
  "optimize_dirpath": "/Users/erwinhoeckx/passivbot_configs/backtests/binance/XLMUSDT/optimize/2021-07-27T222735/",
  "options": {
    "c1": 1.4962,
    "c2": 1.4962,
    "w": 0.7298
  },
  "periodic_gain_n_days": 3,
  "plots_dirpath": "/Users/erwinhoeckx/passivbot_configs/backtests/binance/XLMUSDT/plots/",
  "price_step": 1e-05,
  "qty_step": 1.0,
  "ranges": {
    "long\u00a3iprc_MAr_coeffs$00$00": [
      -0.4,
      0.4
    ],
    "long\u00a3iprc_MAr_coeffs$00$01": [
      -0.4,
      0.4
    ],
    "long\u00a3iprc_MAr_coeffs$01$00": [
      -0.4,
      0.4
    ],
    "long\u00a3iprc_MAr_coeffs$01$01": [
      -0.4,
      0.4
    ],
    "long\u00a3iprc_MAr_coeffs$02$00": [
      -0.4,
      0.4
    ],
    "long\u00a3iprc_MAr_coeffs$02$01": [
      -0.4,
      0.4
    ],
    "long\u00a3iprc_const": [
      0.97,
      1.01
    ],
    "long\u00a3iqty_MAr_coeffs$00$00": [
      -0.4,
      0.4
    ],
    "long\u00a3iqty_MAr_coeffs$00$01": [
      -0.4,
      0.4
    ],
    "long\u00a3iqty_MAr_coeffs$01$00": [
      -0.4,
      0.4
    ],
    "long\u00a3iqty_MAr_coeffs$01$01": [
      -0.4,
      0.4
    ],
    "long\u00a3iqty_MAr_coeffs$02$00": [
      -0.4,
      0.4
    ],
    "long\u00a3iqty_MAr_coeffs$02$01": [
      -0.4,
      0.4
    ],
    "long\u00a3iqty_const": [
      0.01,
      0.5
    ],
    "long\u00a3markup_MAr_coeffs$00$00": [
      -0.4,
      0.4
    ],
    "long\u00a3markup_MAr_coeffs$00$01": [
      -0.4,
      0.4
    ],
    "long\u00a3markup_MAr_coeffs$01$00": [
      -0.4,
      0.4
    ],
    "long\u00a3markup_MAr_coeffs$01$01": [
      -0.4,
      0.4
    ],
    "long\u00a3markup_MAr_coeffs$02$00": [
      -0.4,
      0.4
    ],
    "long\u00a3markup_MAr_coeffs$02$01": [
      -0.4,
      0.4
    ],
    "long\u00a3markup_const": [
      1,
      1.03
    ],
    "long\u00a3pbr_limit": [
      0.1,
      2
    ],
    "long\u00a3pbr_stop_loss": [
      -0.1,
      0.5
    ],
    "long\u00a3rprc_MAr_coeffs$00$00": [
      -0.4,
      0.4
    ],
    "long\u00a3rprc_MAr_coeffs$00$01": [
      -0.4,
      0.4
    ],
    "long\u00a3rprc_MAr_coeffs$01$00": [
      -0.4,
      0.4
    ],
    "long\u00a3rprc_MAr_coeffs$01$01": [
      -0.4,
      0.4
    ],
    "long\u00a3rprc_MAr_coeffs$02$00": [
      -0.4,
      0.4
    ],
    "long\u00a3rprc_MAr_coeffs$02$01": [
      -0.4,
      0.4
    ],
    "long\u00a3rprc_PBr_coeffs$00$00": [
      -1,
      0.1
    ],
    "long\u00a3rprc_PBr_coeffs$00$01": [
      -1,
      0.1
    ],
    "long\u00a3rprc_const": [
      0.97,
      1
    ],
    "long\u00a3rqty_MAr_coeffs$00$00": [
      -0.4,
      0.4
    ],
    "long\u00a3rqty_MAr_coeffs$00$01": [
      -0.4,
      0.4
    ],
    "long\u00a3rqty_MAr_coeffs$01$00": [
      -0.4,
      0.4
    ],
    "long\u00a3rqty_MAr_coeffs$01$01": [
      -0.4,
      0.4
    ],
    "long\u00a3rqty_MAr_coeffs$02$00": [
      -0.4,
      0.4
    ],
    "long\u00a3rqty_MAr_coeffs$02$01": [
      -0.4,
      0.4
    ],
    "long\u00a3rqty_const": [
      0,
      2
    ],
    "max_span": [
      720,
      30000
    ],
    "min_span": [
      20,
      720
    ],
    "shrt\u00a3iprc_MAr_coeffs$00$00": [
      -0.4,
      0.4
    ],
    "shrt\u00a3iprc_MAr_coeffs$00$01": [
      -0.4,
      0.4
    ],
    "shrt\u00a3iprc_MAr_coeffs$01$00": [
      -0.4,
      0.4
    ],
    "shrt\u00a3iprc_MAr_coeffs$01$01": [
      -0.4,
      0.4
    ],
    "shrt\u00a3iprc_MAr_coeffs$02$00": [
      -0.4,
      0.4
    ],
    "shrt\u00a3iprc_MAr_coeffs$02$01": [
      -0.4,
      0.4
    ],
    "shrt\u00a3iprc_const": [
      0.99,
      1.03
    ],
    "shrt\u00a3iqty_MAr_coeffs$00$00": [
      -0.4,
      0.4
    ],
    "shrt\u00a3iqty_MAr_coeffs$00$01": [
      -0.4,
      0.4
    ],
    "shrt\u00a3iqty_MAr_coeffs$01$00": [
      -0.4,
      0.4
    ],
    "shrt\u00a3iqty_MAr_coeffs$01$01": [
      -0.4,
      0.4
    ],
    "shrt\u00a3iqty_MAr_coeffs$02$00": [
      -0.4,
      0.4
    ],
    "shrt\u00a3iqty_MAr_coeffs$02$01": [
      -0.4,
      0.4
    ],
    "shrt\u00a3iqty_const": [
      0.01,
      0.5
    ],
    "shrt\u00a3markup_MAr_coeffs$00$00": [
      -0.4,
      0.4
    ],
    "shrt\u00a3markup_MAr_coeffs$00$01": [
      -0.4,
      0.4
    ],
    "shrt\u00a3markup_MAr_coeffs$01$00": [
      -0.4,
      0.4
    ],
    "shrt\u00a3markup_MAr_coeffs$01$01": [
      -0.4,
      0.4
    ],
    "shrt\u00a3markup_MAr_coeffs$02$00": [
      -0.4,
      0.4
    ],
    "shrt\u00a3markup_MAr_coeffs$02$01": [
      -0.4,
      0.4
    ],
    "shrt\u00a3markup_const": [
      0.97,
      1
    ],
    "shrt\u00a3pbr_limit": [
      0.1,
      2
    ],
    "shrt\u00a3pbr_stop_loss": [
      -0.1,
      0.5
    ],
    "shrt\u00a3rprc_MAr_coeffs$00$00": [
      -0.4,
      0.4
    ],