{"config_name": "binance_xrpusdt_152days_adg1.00%_bkr27.83%",
 "logging_level": 0,
 "long": {"enabled": true,
          "iprc_MAr_coeffs": [[-0.17080360939616576, 0.15972011282186876],
                              [-0.18664899528039944, -0.05491502738880665],
                              [0.010948229947609776, 0.4]],
          "iprc_const": 0.9758837049018625,
          "iqty_MAr_coeffs": [[0.3764563507923945, 0.19547703143716114],
                              [-0.34753568597737816, 0.07372475315701045],
                              [-0.011434357767954737, -0.15323149868102115]],
          "iqty_const": 0.05300585799814568,
          "markup_MAr_coeffs": [[-0.3646364492995522, 0.3848255394652159],
                                [-0.26040705174696227, 0.19338827042846451],
                                [0.044485608065109754, 0.1654942543008115]],
          "markup_const": 1.025968466875249,
          "pbr_limit": 1.9919970153065372,
          "pbr_stop_loss": 0.30330152073643624,
          "rprc_MAr_coeffs": [[0.19741776926506557, 0.331521504617658],
                              [0.20434818608996821, -0.38439128016617335],
                              [-0.20405571987019847, 0.015677195631968604]],
          "rprc_PBr_coeffs": [[-0.11476587397561669, -0.06772541870555968]],
          "rprc_const": 0.9822305489929409,
          "rqty_MAr_coeffs": [[-0.3203830373442532, -0.17658750644042653],
                              [-0.4, 0.35253753594172244],
                              [-0.22028353446532842, 0.18600378388355257]],
          "rqty_const": 2.0},
 "max_span": 332.62107934474864,
 "min_span": 387.0768200116811,
 "n_spans": 3,
 "shrt": {"enabled": true,
          "iprc_MAr_coeffs": [[-0.26192026344359, 0.14549175234022665],
                              [-0.3024414247891855, 0.30734932719602054],
                              [-0.2423526601163444, 0.07385428375601864]],
          "iprc_const": 1.0014071036300976,
          "iqty_MAr_coeffs": [[0.26384378426011273, 0.08545868494350513],
                              [-0.4, 0.21879756052623195],
                              [0.3407830403117567, 0.013098340024120822]],
          "iqty_const": 0.24086020182618195,
          "markup_MAr_coeffs": [[0.09410448808175019, 0.4],
                                [0.0257114233300942, -0.027269216514979846],
                                [-0.24326648969214257, -0.05912221367651731]],
          "markup_const": 0.9787078331096958,
          "pbr_limit": 0.11975593902326376,
          "pbr_stop_loss": 0.12101857623386783,
          "rprc_MAr_coeffs": [[-0.002826429862089156, -0.10227055295728753],
                              [0.4, 0.1274093126850715],
                              [-0.21846457509183123, 0.021687461014927394]],
          "rprc_PBr_coeffs": [[0.4798332917570773, 0.03544122571589747]],
          "rprc_const": 1.0171938906647646,
          "rqty_MAr_coeffs": [[0.26625947438064596, 0.018036659516767046],
                              [-0.3889444258719253, 0.0850024589791657],
                              [-0.2677494524316479, 0.4]],
          "rqty_const": 0.801376200557252}}