{"config_name": "binance_nmrusdt_211days_adg0.54%_bkr99.94%",
 "logging_level": 0,
 "long": {"enabled": true,
          "iprc_MAr_coeffs": [[-0.37941106547689274, 0.38668121691535706],
                              [0.0748224203289505, -0.2344141838834477],
                              [-0.14493867735955548, 0.060749872634741166]],
          "iprc_const": 0.9807168183318972,
          "iqty_MAr_coeffs": [[-0.11403710623323114, 0.35111185122009403],
                              [-0.11961369212182435, 0.4],
                              [0.19624305945199896, -0.22889953704452537]],
          "iqty_const": 0.047735788705726666,
          "markup_MAr_coeffs": [[-0.1412743609368547, 0.05457817346874425],
                                [-0.04399212723919886, -0.36097344221616373],
                                [0.1812954110149253, 0.14899687502538253]],
          "markup_const": 1.0086098523764024,
          "pbr_limit": 0.22175182269486593,
          "pbr_stop_loss": 0.7782481773051341,
          "rprc_MAr_coeffs": [[-0.10139849161770782, 0.2572446183785019],
                              [-0.08507699252866305, -0.014465788382930937],
                              [0.13544770370438336, -0.08850042433157448]],
          "rprc_PBr_coeffs": [[-0.12295462040896916, 0.04101135410735534]],
          "rprc_const": 0.99922081562314,
          "rqty_MAr_coeffs": [[0.3469501946675528, -0.03878957081444901],
                              [-0.32657110302816816, -0.05651583082841645],
                              [0.28582975087415163, -0.15500270316037312]],
          "rqty_const": 1.0460116013732994},
 "max_span": 1640.701237941063,
 "min_span": 874.8865935174276,
 "n_spans": 3,
 "shrt": {"enabled": false,
          "iprc_MAr_coeffs": [[-0.19959032988692457, 0.007856599139301116],
                              [-0.2409483964366373, 0.00860538292148768],
                              [0.06302272248585793, 0.0013923459755586635]],
          "iprc_const": 1.0094472676799966,
          "iqty_MAr_coeffs": [[-0.20559453468925748, -0.31065496613943305],
                              [-0.0489574150217431, -0.015629243300771048],
                              [-0.12516515827494368, -0.2105897933314391]],
          "iqty_const": 0.0983161086691393,
          "markup_MAr_coeffs": [[0.274977216222109, -0.22022347686091015],
                                [0.07451510007736978, -0.035368841148555916],
                                [-0.14689826044804885, 0.1606836885024418]],
          "markup_const": 0.9901097563623876,
          "pbr_limit": 0.18295338814018655,
          "pbr_stop_loss": 0.1025070945482031,
          "rprc_MAr_coeffs": [[0.07169305997564268, 0.030538838043165244],
                              [0.2405627685566079, 0.3401667423723497],
                              [0.045012821257003385, -0.15713951859023914]],
          "rprc_PBr_coeffs": [[0.03136267980496494, -0.013070814712581032]],
          "rprc_const": 1.0083613535281182,
          "rqty_MAr_coeffs": [[-0.13310834306129032, -0.2586901301469432],
                              [0.14454834674493827, -0.4],
                              [-0.273285940663715, 0.27786229973291354]],
          "rqty_const": 1.0832237389413204}}