{"config_name": "binance_lunausdt_211days_adg0.34%_bkr100.00%",
 "logging_level": 0,
 "long": {"enabled": true,
          "iprc_MAr_coeffs": [[-0.18200860862918997, 0.28751484815734674],
                              [0.4, 0.4],
                              [0.24437695667110315, 0.01647126057435912]],
          "iprc_const": 0.9875399124549049,
          "iqty_MAr_coeffs": [[-0.4, -0.051856032397217346],
                              [0.18103940529054538, -0.06084403866192311],
                              [0.3749729910382481, 0.057796883273641554]],
          "iqty_const": 0.01160837449542633,
          "markup_MAr_coeffs": [[-0.37279769140882146, -0.12393845652013209],
                                [0.040347259071077085, -0.29982723713271336],
                                [0.11049254393625756, 0.3972089643073359]],
          "markup_const": 1.0194877909224433,
          "pbr_limit": 0.5706711006269883,
          "pbr_stop_loss": 0.31089974414929517,
          "rprc_MAr_coeffs": [[0.24653075006538155, 0.23986444770636284],
                              [-0.19224991966011984, -0.32518629836144824],
                              [0.30572811161439445, 0.17601948048707483]],
          "rprc_PBr_coeffs": [[-0.6136804873411724, -0.12207166177616091]],
          "rprc_const": 0.9973812005739586,
          "rqty_MAr_coeffs": [[-0.2576367649547228, 0.3906621422230816],
                              [-0.035536925641194636, -0.24792180555461976],
                              [-0.07376719716065323, -0.22065094272835584]],
          "rqty_const": 1.5078078800217531},
 "max_span": 3459.2877028762814,
 "min_span": 527.625940824731,
 "n_spans": 3,
 "shrt": {"enabled": false,
          "iprc_MAr_coeffs": [[0.10878966543683931, 0.24856017713914708],
                              [0.21367176732460916, 0.03168680396170403],
                              [0.4, 0.21845545446505854]],
          "iprc_const": 0.9933921094329005,
          "iqty_MAr_coeffs": [[0.04837508133206451, 0.22814196858527086],
                              [0.2963826196524519, -0.09419683277272681],
                              [0.11575291580698031, -0.26886461494643954]],
          "iqty_const": 0.09394904025407035,
          "markup_MAr_coeffs": [[-0.4, -0.12687969093425924],
                                [0.20392014543828088, 0.05778881643946427],
                                [-0.2206033488013603, 0.3422207188551724]],
          "markup_const": 0.9708290157318875,
          "pbr_limit": 0.0,
          "pbr_stop_loss": 0.0,
          "rprc_MAr_coeffs": [[-0.4, -0.022383425896897912],
                              [0.3310557346414445, -0.16594280239966913],
                              [0.2959952657401115, 0.346519614458154]],
          "rprc_PBr_coeffs": [[0.15345066345992783, 0.5624802543421517]],
          "rprc_const": 1.03,
          "rqty_MAr_coeffs": [[0.34602347269304456, 0.19861136180031355],
                              [0.29450797886615065, -0.23047748265494247],
                              [-0.24326859487665384, 0.32793460239642674]],
          "rqty_const": 0.21889528318879536}}