{"config_name": "binance_etcusdt_211days_adg-100.00%_bkr5.93%",
 "logging_level": 0,
 "long": {"enabled": true,
          "iprc_MAr_coeffs": [[0.06502953282259463, -0.24094653239013733],
                              [0.28369619164231513, -0.3691051094127399],
                              [0.2118951500236108, 0.2000661777273638]],
          "iprc_const": 0.9899495293093964,
          "iqty_MAr_coeffs": [[0.3614592778192787, -0.3823396344522753],
                              [0.24006501222574606, 0.04920828816233637],
                              [0.21805577450292823, 0.0023478008540064326]],
          "iqty_const": 0.21698028849279405,
          "markup_MAr_coeffs": [[-0.3491135333535038, -0.12514407798713023],
                                [-0.14074590992212946, 0.3366542898571959],
                                [0.14229198112227784, -0.10879653075866375]],
          "markup_const": 1.0068338022781187,
          "pbr_limit": 0.45648949893855,
          "pbr_stop_loss": 0.6889002366319049,
          "rprc_MAr_coeffs": [[-0.09721876528620817, 0.08090602921159094],
                              [-0.20464045607068806, 0.24198839883355072],
                              [-0.2850173963268818, -0.04760332490352096]],
          "rprc_PBr_coeffs": [[-0.20786020864285065, -0.7402490536370855]],
          "rprc_const": 0.9728732520676809,
          "rqty_MAr_coeffs": [[-0.29703690214047745, 0.21879795700980334],
                              [0.12002926409781642, 0.15326021978368465],
                              [0.28982263875088726, 0.01587694790568202]],
          "rqty_const": 1.6990905120872934},
 "max_span": 3146.9240165267197,
 "min_span": 699.304684293759,
 "n_spans": 3,
 "shrt": {"enabled": true,
          "iprc_MAr_coeffs": [[-0.279950379658439, 0.21865565152711106],
                              [-0.2963405729435184, 0.023717052031160073],
                              [-0.37807986732584375, -0.02622200596477857]],
          "iprc_const": 0.9971377952154427,
          "iqty_MAr_coeffs": [[0.07974468664573933, -0.35690945139234065],
                              [0.3260707853369661, -0.14537550855066342],
                              [-0.1313110118362566, -0.3330685689695561]],
          "iqty_const": 0.11764697817779425,
          "markup_MAr_coeffs": [[-0.25893523599869706, -0.35071668603203116],
                                [-0.11966314591071861, -0.08312678388458003],
                                [-0.18172016363710225, -0.2432563824479441]],
          "markup_const": 0.9783167564546716,
          "pbr_limit": 0.42846613295851177,
          "pbr_stop_loss": 0.7887454551429566,
          "rprc_MAr_coeffs": [[-0.07464206236356763, 0.18090735242066713],
                              [-0.2032708386914232, 0.3671113647043085],
                              [0.1858335675689859, 0.04058467054012883]],
          "rprc_PBr_coeffs": [[0.735079183951536, 0.5401300149221407]],
          "rprc_const": 1.03,
          "rqty_MAr_coeffs": [[-0.21606715874467067, 0.2686332509166667],
                              [-0.18832787692035882, -0.2909605611250609],
                              [0.09694651085319946, 0.12679863211464812]],
          "rqty_const": 0.1565161692953077}}