{"config_name": "binance_mkrusdt_211days_adg0.33%_bkr99.98%",
 "logging_level": 0,
 "long": {"enabled": true,
          "iprc_MAr_coeffs": [[-0.21293314090067347, -0.0975916880735738],
                              [-0.1687245818542546, 0.3361832721972122],
                              [-0.3885158233961552, -0.13464823880953075]],
          "iprc_const": 1.0093073451324575,
          "iqty_MAr_coeffs": [[-0.2255888270249999, -0.2880438477083578],
                              [0.24491525474719075, -0.3139923268925964],
                              [0.21322681421465708, 0.37604671129192857]],
          "iqty_const": 0.07326302139364148,
          "markup_MAr_coeffs": [[-0.3532000165849395, -0.0061380862570507184],
                                [-0.21083301751781292, -0.21244842945117146],
                                [-0.3939847109055207, 0.3000902026283971]],
          "markup_const": 1.0152085430320807,
          "pbr_limit": 0.5163406459983838,
          "pbr_stop_loss": 0.4836593540016162,
          "rprc_MAr_coeffs": [[0.02182139493942736, 0.2657402853252651],
                              [0.3976644416392531, 0.13645171948909046],
                              [-0.2654372262633536, 0.2902168472215262]],
          "rprc_PBr_coeffs": [[0.09594523020063403, -0.34868266544394205]],
          "rprc_const": 0.9845863303411496,
          "rqty_MAr_coeffs": [[-0.004541322893648493, -0.23328979987960916],
                              [0.10271090685521332, 0.022156867466333805],
                              [0.33413596963663983, 0.1364104055092102]],
          "rqty_const": 0.49642879589659783},
 "max_span": 4674.246271017848,
 "min_span": 172.21218377951416,
 "n_spans": 3,
 "shrt": {"enabled": false,
          "iprc_MAr_coeffs": [[0.21688717328539064, -0.015476142422308648],
                              [-0.19346319151490177, -0.31442605089375375],
                              [0.04698985223376804, 0.25219262260799896]],
          "iprc_const": 0.992383825304867,
          "iqty_MAr_coeffs": [[0.16439870615935906, -0.1232124845212195],
                              [0.09641649275235803, -0.14203246794675875],
                              [-0.034372154032959054, -0.26676190113271747]],
          "iqty_const": 0.38303385993471356,
          "markup_MAr_coeffs": [[-0.22528188789180023, -0.29302789065954316],
                                [0.08042583364365383, 0.21707173093246243],
                                [0.18477045756018487, 0.04960581681782415]],
          "markup_const": 0.9764432368488399,
          "pbr_limit": 0.2576773610757236,
          "pbr_stop_loss": 0.5249910966403813,
          "rprc_MAr_coeffs": [[-0.12809493670958927, -0.02041386931572565],
                              [0.25684216154647693, -0.2723430197946194],
                              [-0.13112303862560915, -0.03154882192820198]],
          "rprc_PBr_coeffs": [[-0.03740362480802534, 0.726993938150956]],
          "rprc_const": 1.0285888972432002,
          "rqty_MAr_coeffs": [[-0.293963462842679, 0.03857978064798772],
                              [0.17571133883610168, 0.060856479523091436],
                              [0.2308194575730349, -0.2624716980663084]],
          "rqty_const": 1.1598237077404194}}