{"config_name": "binance_mkrusdt_211days_adg0.67%_bkr99.97%",
 "logging_level": 0,
 "long": {"enabled": true,
          "iprc_MAr_coeffs": [[-0.029787137148698413, 0.21603132282379256],
                              [-0.4375445834685654, 0.34842973364718194],
                              [0.4510927086734194, 0.021939318024791384]],
          "iprc_const": 0.985748156616819,
          "iqty_MAr_coeffs": [[0.29289113948156437, -0.08570952671818842],
                              [0.40648140524840926, 0.29018548205168737],
                              [-0.019331316639012507, 0.47074429994677025]],
          "iqty_const": 0.03280302837296072,
          "markup_MAr_coeffs": [[0.21738134310899676, 0.382675807746607],
                                [-0.25962214140261175, 0.4066970081806865],
                                [0.04810943963720073, 0.08105371641362716]],
          "markup_const": 1.0088237450781012,
          "pbr_limit": 0.0284772798498788,
          "pbr_stop_loss": 0.9715227201501212,
          "rprc_MAr_coeffs": [[0.04191488459359298, 0.037871472363607925],
                              [0.07193079368129911, -0.4108734639111245],
                              [-0.10023110458736877, 0.039728931139136364]],
          "rprc_PBr_coeffs": [[0.1445761258756588, -0.09841503462071972]],
          "rprc_const": 0.9808263041147796,
          "rqty_MAr_coeffs": [[-0.07986854459431793, -0.3389974298546417],
                              [0.5, 0.12144917814667114],
                              [0.07505178280304761, -0.2918756915184297]],
          "rqty_const": 0.7870523209322401},
 "max_span": 5373.515164567736,
 "min_span": 256.49272145937255,
 "n_spans": 3,
 "shrt": {"enabled": false,
          "iprc_MAr_coeffs": [[0.0, 0.0], [0.0, 0.0], [0.0, 0.0]],
          "iprc_const": 0.0,
          "iqty_MAr_coeffs": [[0.0, 0.0], [0.0, 0.0], [0.0, 0.0]],
          "iqty_const": 0.0,
          "markup_MAr_coeffs": [[0.0, 0.0], [0.0, 0.0], [0.0, 0.0]],
          "markup_const": 0.0,
          "pbr_limit": 0.0,
          "pbr_stop_loss": 0.0,
          "rprc_MAr_coeffs": [[0.0, 0.0], [0.0, 0.0], [0.0, 0.0]],
          "rprc_PBr_coeffs": [[0.0, 0.0]],
          "rprc_const": 0.0,
          "rqty_MAr_coeffs": [[0.0, 0.0], [0.0, 0.0], [0.0, 0.0]],
          "rqty_const": 0.0}}