{"config_name": "binance_umausdt_211days_adg0.40%_bkr100.00%",
 "logging_level": 0,
 "long": {"enabled": true,
          "iprc_MAr_coeffs": [[-0.07438270577626314, -0.4],
                              [0.20802089314189065, 0.2818422564176448],
                              [0.4, 0.2674455793169212]],
          "iprc_const": 0.9916516605245325,
          "iqty_MAr_coeffs": [[0.3538803672123062, 0.08071441867577801],
                              [-0.19072031953537166, -0.07925610621950925],
                              [-0.2948571960133839, 0.06156299410523675]],
          "iqty_const": 0.051044941727557774,
          "markup_MAr_coeffs": [[-0.257784987409239, 0.06283701934494948],
                                [0.05390800368319542, 0.30841803437560644],
                                [0.1469033762670359, -0.09690053407660904]],
          "markup_const": 1.019073668227921,
          "pbr_limit": 0.7957263610268032,
          "pbr_stop_loss": 0.19628761943343717,
          "rprc_MAr_coeffs": [[0.05754911670082041, 0.07233076568820922],
                              [-0.0796544652195189, -0.0695315915533083],
                              [-0.3008327814021983, -0.04368143782656952]],
          "rprc_PBr_coeffs": [[-0.2029833784649611, -0.018596991993659325]],
          "rprc_const": 0.9825604899170495,
          "rqty_MAr_coeffs": [[0.16364377457201626, 0.19860966100259422],
                              [0.07221921960993953, 0.2617286951167097],
                              [0.14169003092761742, 0.0641086731179342]],
          "rqty_const": 0.43826933954831837},
 "max_span": 183.60911617006184,
 "min_span": 862.6572236362413,
 "n_spans": 3,
 "shrt": {"enabled": false,
          "iprc_MAr_coeffs": [[0.19521893226674109, -0.1483952937425568],
                              [-0.036658797301601966, 0.19752343893485397],
                              [-0.3251501817854612, -0.03318525715349972]],
          "iprc_const": 1.0123259360654981,
          "iqty_MAr_coeffs": [[-0.2939180304264201, -0.356299652580013],
                              [0.19930709235348798, -0.017939936630099917],
                              [-0.32697981016094374, -0.2319461399182526]],
          "iqty_const": 0.4285061479535004,
          "markup_MAr_coeffs": [[-0.198164127280512, 0.24657594455257945],
                                [-0.19302369383717125, -0.37011623959723416],
                                [-0.05238948002951179, 0.333528630616554]],
          "markup_const": 0.97,
          "pbr_limit": 0.5593762386085411,
          "pbr_stop_loss": 0.0,
          "rprc_MAr_coeffs": [[0.04456369333489211, 0.29724633973011844],
                              [-0.2407721964192473, 0.10971470712282727],
                              [-0.030533052123346057, 0.022369441750992067]],
          "rprc_PBr_coeffs": [[0.7807775271577057, 0.4280481387382477]],
          "rprc_const": 1.016916899505602,
          "rqty_MAr_coeffs": [[0.3271329706536914, 0.01977739034090276],
                              [-0.17833792996791764, 0.36524546655922124],
                              [0.1790173699881658, 0.0403002843111469]],
          "rqty_const": 0.8628030968151422}}