{"config_name": "binance_xrpbusd_211days_adg0.47%_bkr99.96%",
 "logging_level": 0,
 "long": {"enabled": true,
          "iprc_MAr_coeffs": [[-0.8946227014521666, -0.2741009954057243],
                              [-0.26301384652929877, -0.8584564368468084],
                              [-0.027608999684839788, 0.3528731078745961]],
          "iprc_const": 0.9742488674548876,
          "iqty_MAr_coeffs": [[-0.2569686123982289, 0.24752368262366134],
                              [-0.35779934428308957, -0.18706054233826763],
                              [-0.5838638658486708, -0.44880858408180196]],
          "iqty_const": 0.25599313447342403,
          "markup_MAr_coeffs": [[-0.6526677380127118, 0.06027058211044856],
                                [-0.04128456388323694, 0.11112389956905817],
                                [-0.28072140814435736, 0.4516383300609495]],
          "markup_const": 1.0118340570804953,
          "pbr_limit": 0.45045788383157415,
          "pbr_stop_loss": 0.5495421161684259,
          "rprc_MAr_coeffs": [[-0.8690618067974102, 0.5626726998125312],
                              [0.5358288518548866, -0.45308589989781306],
                              [-0.8408667838527214, -0.6706041881954847]],
          "rprc_PBr_coeffs": [[-0.27665654526907163, -0.8692140227112812]],
          "rprc_const": 0.9791542982777564,
          "rqty_MAr_coeffs": [[0.5299359023125438, 0.06139893820684736],
                              [0.5486525983405871, -0.8144509809127327],
                              [0.30614019955909677, -0.1986535093907909]],
          "rqty_const": 0.40582203241026027},
 "max_span": 8395.70755148167,
 "min_span": 622.5463694139457,
 "n_spans": 3,
 "shrt": {"enabled": false,
          "iprc_MAr_coeffs": [[0.0, 0.0], [0.0, 0.0], [0.0, 0.0]],
          "iprc_const": 0.0,
          "iqty_MAr_coeffs": [[0.0, 0.0], [0.0, 0.0], [0.0, 0.0]],
          "iqty_const": 0.0,
          "markup_MAr_coeffs": [[0.0, 0.0], [0.0, 0.0], [0.0, 0.0]],
          "markup_const": 0.0,
          "pbr_limit": 0.0,
          "pbr_stop_loss": 0.0,
          "rprc_MAr_coeffs": [[0.0, 0.0], [0.0, 0.0], [0.0, 0.0]],
          "rprc_PBr_coeffs": [[0.0, 0.0]],
          "rprc_const": 0.0,
          "rqty_MAr_coeffs": [[0.0, 0.0], [0.0, 0.0], [0.0, 0.0]],
          "rqty_const": 0.0}}