{"config_name": "longonly_binance_ltcusdt_248days_adg0.379%_bkr54.04%_eqbal58.43%",
 "logging_level": 0,
 "long": {"enabled": true,
          "eprice_exp_base": 1.8871091131070363,
          "eprice_pprice_diff": 0.019260250470483513,
          "grid_span": 0.12509740109688783,
          "initial_qty_pct": 0.02658755149747575,
          "markup_range": 0.006238857329630803,
          "max_n_entry_orders": 7,
          "min_markup": 0.004842822605546392,
          "n_close_orders": 8,
          "pbr_limit": 1.4883735277222636,
          "secondary_pbr_allocation": 0.18156899348368433,
          "secondary_pprice_diff": 0.16475769379074126},
 "shrt": {"enabled": false,
          "eprice_exp_base": 1.618034,
          "eprice_pprice_diff": 0.001,
          "grid_span": 0.03,
          "initial_qty_pct": 0.001,
          "markup_range": 0.004,
          "max_n_entry_orders": 10,
          "min_markup": 0.0005,
          "n_close_orders": 7,
          "pbr_limit": 0.5,
          "secondary_pbr_allocation": 0,
          "secondary_pprice_diff": 0.21}}