{"config_name": "binance_egldusdt_211days_adg0.64%_bkr99.94%",
 "logging_level": 0,
 "long": {"enabled": true,
          "iprc_MAr_coeffs": [[0.08525881246915441, 0.13854450877333005],
                              [0.3603503348219749, -0.17730004065675867],
                              [0.457565776473271, 0.3942902433570191]],
          "iprc_const": 0.9758623724153747,
          "iqty_MAr_coeffs": [[-0.08976454790068343, -0.04553039502556395],
                              [-0.02635101298570696, 0.08799325279935606],
                              [-0.08402458957687602, 0.12932665031211574]],
          "iqty_const": 0.1343178018641309,
          "markup_MAr_coeffs": [[-0.47371201692754195, 0.25106869310286095],
                                [-0.37430202965031306, -0.13085407395606444],
                                [0.28649895013147225, -0.0523318783380505]],
          "markup_const": 1.0298432626573433,
          "pbr_limit": 0.06150081005922936,
          "pbr_stop_loss": 0.9384991899407706,
          "rprc_MAr_coeffs": [[-0.06349708078323081, -0.043286247571122295],
                              [0.29389458661199114, 0.4307654622366558],
                              [-0.19415269502539725, 0.3399437878799862]],
          "rprc_PBr_coeffs": [[0.4851720081532914, -0.46470101003925246]],
          "rprc_const": 0.9814618978481114,
          "rqty_MAr_coeffs": [[0.2911755640167697, -0.43720736402419014],
                              [0.04174625617023124, -0.5],
                              [-0.26719442678820154, -0.18523152141885066]],
          "rqty_const": 0.9627824325411432},
 "max_span": 3676.6383484093612,
 "min_span": 1419.0151236266868,
 "n_spans": 3,
 "shrt": {"enabled": false,
          "iprc_MAr_coeffs": [[0.0, 0.0], [0.0, 0.0], [0.0, 0.0]],
          "iprc_const": 0.0,
          "iqty_MAr_coeffs": [[0.0, 0.0], [0.0, 0.0], [0.0, 0.0]],
          "iqty_const": 0.0,
          "markup_MAr_coeffs": [[0.0, 0.0], [0.0, 0.0], [0.0, 0.0]],
          "markup_const": 0.0,
          "pbr_limit": 0.0,
          "pbr_stop_loss": 0.0,
          "rprc_MAr_coeffs": [[0.0, 0.0], [0.0, 0.0], [0.0, 0.0]],
          "rprc_PBr_coeffs": [[0.0, 0.0]],
          "rprc_const": 0.0,
          "rqty_MAr_coeffs": [[0.0, 0.0], [0.0, 0.0], [0.0, 0.0]],
          "rqty_const": 0.0}}