{"config_name": "binance_aaveusdt_211days_adg0.20%_bkr100.00%",
 "logging_level": 0,
 "long": {"enabled": true,
          "iprc_MAr_coeffs": [[-0.073646868311884, -0.39320716508305414],
                              [0.21975317290095264, 0.3970570544074349],
                              [-0.37626839713206667, 0.09834239194750793]],
          "iprc_const": 0.9943262392045943,
          "iqty_MAr_coeffs": [[0.09632012002219276, 0.006593539471707266],
                              [-0.17876457937277684, 0.3814068178527549],
                              [-0.3233990688189162, 0.1505501614035053]],
          "iqty_const": 0.010399861274311684,
          "markup_MAr_coeffs": [[0.023822910368473227, 0.08863349988478902],
                                [-0.26525054223959754, 0.16115656014778112],
                                [0.06258415063785067, 0.23247142437598256]],
          "markup_const": 1.0256388120336701,
          "pbr_limit": 0.10130105854384575,
          "pbr_stop_loss": 0.8986989414561543,
          "rprc_MAr_coeffs": [[0.2986699114495748, -0.2809503385301554],
                              [-0.3061191057837235, -0.06053847801129997],
                              [-0.14347968508683034, 0.05023980527576466]],
          "rprc_PBr_coeffs": [[0.09115995716165592, -0.6038116249651981]],
          "rprc_const": 0.9740121521419047,
          "rqty_MAr_coeffs": [[0.20597048487046965, 0.04670840368639323],
                              [-0.2617880073345458, -0.29871038745031175],
                              [-0.07998539767593177, 0.11121564875081746]],
          "rqty_const": 1.1819711820295238},
 "max_span": 20679.74194645882,
 "min_span": 896.9543011803249,
 "n_spans": 3,
 "shrt": {"enabled": false,
          "iprc_MAr_coeffs": [[0.2804348875108421, 0.266542145979069],
                              [0.34730394203747916, -0.11109648142262513],
                              [-0.13929489524337768, 0.12728897693524022]],
          "iprc_const": 1.0281310135126591,
          "iqty_MAr_coeffs": [[0.2329565179078884, -0.2817988310796624],
                              [-0.043988761643201535, 0.33272634683855096],
                              [0.12483268624038046, -0.3783048542723562]],
          "iqty_const": 0.13379153398236857,
          "markup_MAr_coeffs": [[-0.3475288854136347, -0.3903151098208459],
                                [0.07727927733556789, -0.008463191288193173],
                                [0.024111105850242454, 0.299163095613742]],
          "markup_const": 0.9843562900271475,
          "pbr_limit": 0.4449054119551583,
          "pbr_stop_loss": 0.86382483253551,
          "rprc_MAr_coeffs": [[0.3054407776226885, 0.09361025910480542],
                              [0.3680953127047848, -0.1907755250793164],
                              [-0.06777742692765154, -0.04746550944134037]],
          "rprc_PBr_coeffs": [[0.6549826057137136, 0.5906549868290839]],
          "rprc_const": 1.0136036049695654,
          "rqty_MAr_coeffs": [[0.2817469742479196, -0.2277799095902216],
                              [0.09704080918894836, -0.16456313828345134],
                              [-0.16252250268909185, 0.34107491698925796]],
          "rqty_const": 0.8653504493151112}}