{"config_name": "binance_rsrusdt_211days_adg0.41%_bkr100.00%",
 "logging_level": 0,
 "long": {"enabled": true,
          "iprc_MAr_coeffs": [[0.023977674843680807, 0.17557154470156586],
                              [0.3513801270915554, 0.16933376727301236],
                              [0.23337031067892097, 0.37051643138313545]],
          "iprc_const": 0.972079347835818,
          "iqty_MAr_coeffs": [[-0.3399176098577705, -0.06261542448068531],
                              [-0.20906329472571253, 0.1381616255104235],
                              [0.3982249612818794, 0.3696244556175923]],
          "iqty_const": 0.013214110632801729,
          "markup_MAr_coeffs": [[0.09536366837765815, 0.1571919425153021],
                                [-0.1132698503928904, 0.21331184491698696],
                                [0.07768970193542477, 0.3432819000811567]],
          "markup_const": 1.0001004071142607,
          "pbr_limit": 0.6558515268156269,
          "pbr_stop_loss": 0.30407805209392696,
          "rprc_MAr_coeffs": [[0.23043471863768092, 0.4],
                              [-0.3834618652368325, 0.00010322288286039129],
                              [0.02216359395722191, 0.1364540501746792]],
          "rprc_PBr_coeffs": [[-0.5165712177707596, -0.4923426349320322]],
          "rprc_const": 0.9957415014125002,
          "rqty_MAr_coeffs": [[0.24019490800336402, -0.2845704733327977],
                              [-0.3337935362610772, 0.16674519754574688],
                              [0.2605095005048902, 0.26098070896973347]],
          "rqty_const": 0.22146330913321588},
 "max_span": 6103.463042407671,
 "min_span": 1126.596634558591,
 "n_spans": 3,
 "shrt": {"enabled": false,
          "iprc_MAr_coeffs": [[0.4, -0.1471008644813099],
                              [-0.38244131780960183, -0.039512176498339005],
                              [-0.19620005552174483, 0.18065393275559744]],
          "iprc_const": 0.9994436877239974,
          "iqty_MAr_coeffs": [[0.29071892798117394, 0.0545233001995506],
                              [-0.09171105908511434, 0.4],
                              [-0.3860141240164468, -0.25669839632120317]],
          "iqty_const": 0.07239363016485592,
          "markup_MAr_coeffs": [[-0.19536178820212913, -0.029910495139213365],
                                [-0.026171702962511614, -0.2778376455775186],
                                [0.03610004207909657, 0.4]],
          "markup_const": 0.9787735170348161,
          "pbr_limit": 0.38040009255996715,
          "pbr_stop_loss": 0.0851982758826897,
          "rprc_MAr_coeffs": [[-0.39106445246267024, 0.06023520255903339],
                              [-0.24957017305711884, -0.0863283120561083],
                              [-0.1753126312511526, 0.18811110717893847]],
          "rprc_PBr_coeffs": [[0.7981006427487896, 0.40287102043098677]],
          "rprc_const": 1.0035611327760168,
          "rqty_MAr_coeffs": [[0.3189559470615918, -0.264197321228916],
                              [0.13783038194392322, 0.1544320210469821],
                              [-0.038460213521708704, 0.07073243942742517]],
          "rqty_const": 1.8893090740607357}}