{"config_name": "binance_fttusdt_211days_adg0.28%_bkr100.00%",
 "logging_level": 0,
 "long": {"enabled": true,
          "iprc_MAr_coeffs": [[0.27506862392266557, -0.11854013701998052],
                              [0.2674939153926008, 0.33289959066979885],
                              [0.3526018284363118, 0.11475044764446274]],
          "iprc_const": 1.005054792755013,
          "iqty_MAr_coeffs": [[-0.11395741246124184, 0.16022684076789231],
                              [-0.2498631081518457, 0.050768331633926606],
                              [-0.08572283629679635, -0.2681445584253236]],
          "iqty_const": 0.3146955095281712,
          "markup_MAr_coeffs": [[-0.2838591337245461, -0.1800623906978661],
                                [-0.31575911182195165, 0.37921325159992136],
                                [0.0986585975228716, 0.18316073962027762]],
          "markup_const": 1.027734154512725,
          "pbr_limit": 0.17873625971079676,
          "pbr_stop_loss": 0.8212637402892032,
          "rprc_MAr_coeffs": [[0.09241527250964587, -0.17936361003766074],
                              [0.21175080465283436, 0.16205602443223963],
                              [-0.29243429739205984, 0.10730771069107235]],
          "rprc_PBr_coeffs": [[-0.6316033431073573, -0.5696558960191603]],
          "rprc_const": 0.9861509536751774,
          "rqty_MAr_coeffs": [[0.15615915629249436, 0.4],
                              [-0.13915952639419904, -0.4],
                              [0.3060032620175723, 0.1646268108993839]],
          "rqty_const": 0.6041134208208951},
 "max_span": 5539.01688269011,
 "min_span": 1150.0091084337935,
 "n_spans": 3,
 "shrt": {"enabled": false,
          "iprc_MAr_coeffs": [[0.16222869094454495, -0.4],
                              [0.31463146463443187, -0.31326014830958016],
                              [-0.09271869548842301, -0.04756810506319114]],
          "iprc_const": 1.0082498230697394,
          "iqty_MAr_coeffs": [[0.008917811856104647, -0.17029062752685473],
                              [0.36130059736192877, -0.23586939522035263],
                              [0.11805532638961337, -0.1349270766876949]],
          "iqty_const": 0.14136018734313294,
          "markup_MAr_coeffs": [[-0.08961579875699603, 0.2625230052197612],
                                [0.07170027242959874, -0.17713806271557278],
                                [0.1415842579776231, -0.09364550411467971]],
          "markup_const": 0.9915714070027801,
          "pbr_limit": 0.16983590976365262,
          "pbr_stop_loss": 0.4423475637962793,
          "rprc_MAr_coeffs": [[0.08777901259954324, 0.28040130867162355],
                              [-0.11979249950096908, -0.19958255196772756],
                              [0.26011437540646914, -0.3465352979651955]],
          "rprc_PBr_coeffs": [[-0.0016749296476110751, 0.8283252326827126]],
          "rprc_const": 1.021472417364047,
          "rqty_MAr_coeffs": [[-0.2804284276827825, -0.19571317491311593],
                              [-0.12695043686015675, 0.05193317362423121],
                              [0.27628471147147704, 0.28544628631872376]],
          "rqty_const": 1.10159954607022}}