{"config_name": "binance_btcusdt_152days_adg0.12%_bkr61.35%",
 "logging_level": 0,
 "long": {"enabled": true,
          "iprc_MAr_coeffs": [[0.16943738511605771, 0.29153308777729137],
                              [0.14308854633223675, 0.2682822821699019],
                              [0.14088259917080684, 0.20259456412205373]],
          "iprc_const": 0.9889211963871657,
          "iqty_MAr_coeffs": [[0.02174035150657499, 0.37513116043458117],
                              [0.19899714173816752, 0.14113660241854217],
                              [-0.3554341019523523, -0.24432697496396924]],
          "iqty_const": 0.016563200438363148,
          "markup_MAr_coeffs": [[-0.015146337312452463, 0.3225327081985072],
                                [-0.2175585002326578, -0.3002399220226076],
                                [0.19428325691705634, 0.3128588577855106]],
          "markup_const": 1.0256873996299223,
          "pbr_limit": 1.317199797743768,
          "pbr_stop_loss": -0.08120489421291681,
          "rprc_MAr_coeffs": [[0.19729672916728913, 0.07277618795371005],
                              [-0.308791186589297, 0.3486164055386981],
                              [0.049854818890418984, -0.28082204590868404]],
          "rprc_PBr_coeffs": [[-0.8302945120432877, -0.5612094721306203]],
          "rprc_const": 0.9746646226313698,
          "rqty_MAr_coeffs": [[0.07299971383830475, -0.36534597406199293],
                              [-0.03826207954621339, -0.3080052767434264],
                              [-0.0032395088070420438, 0.3579042889831785]],
          "rqty_const": 0.6125965160716056},
 "max_span": 3080.1534736102512,
 "min_span": 928.5492218951092,
 "n_spans": 3,
 "shrt": {"enabled": true,
          "iprc_MAr_coeffs": [[0.34574166388016886, 0.10578848309994415],
                              [0.08212991212137372, 0.3113754552205048],
                              [0.3184035375613561, 0.20295077363702124]],
          "iprc_const": 0.9976506288437295,
          "iqty_MAr_coeffs": [[0.07357469879076857, -0.3782700578949048],
                              [-0.28009211510875043, -0.23925304721875584],
                              [0.025183530031401117, 0.16230395880110757]],
          "iqty_const": 0.062127106303878056,
          "markup_MAr_coeffs": [[-0.27282952984625786, 0.12027809829144245],
                                [0.06610717339320041, -0.015403656447996912],
                                [-0.0020250605460805293, -0.36424415072322897]],
          "markup_const": 0.972497969660119,
          "pbr_limit": 0.9614657537825256,
          "pbr_stop_loss": 0.30478537979328174,
          "rprc_MAr_coeffs": [[-0.04137312128302205, 0.31815735169802395],
                              [0.37517062435386694, -0.10917703570424221],
                              [-0.36235579139865237, 0.3662931533707404]],
          "rprc_PBr_coeffs": [[-0.0677263935276502, 0.2580726575793768]],
          "rprc_const": 1.027937346551165,
          "rqty_MAr_coeffs": [[0.3864308009434504, 0.003003874877038945],
                              [-0.3890168847624204, 0.16545608205470463],
                              [0.38097077025202425, 0.20487345164139484]],
          "rqty_const": 1.877364689614545}}