{"config_name": "scalp_longonly_binance_compusdt_248days_adg0.00%_bkr5.93%",
 "logging_level": 0,
 "long": {"enabled": true,
          "markup_range": 0.009185967183121781,
          "min_markup": 0.004414270962830689,
          "n_close_orders": 10,
          "primary_ddown_factor": 0.8439161226343135,
          "primary_grid_spacing": 0.003151161661725627,
          "primary_grid_spacing_pbr_weighting": [0.03266263864505852,
                                                 0.07224963782726793],
          "primary_initial_qty_pct": 0.05385817029019715,
          "primary_pbr_limit": 1.2944362594505532,
          "secondary_ddown_factor": 0.8449184490538657,
          "secondary_grid_spacing": 0.3583939068366636,
          "secondary_pbr_limit_added": 0.35614471025513816},
 "shrt": {"enabled": false,
          "markup_range": 0.004,
          "min_markup": 0.0005,
          "n_close_orders": 10,
          "primary_ddown_factor": 0.3,
          "primary_grid_spacing": 0.001,
          "primary_grid_spacing_pbr_weighting": [0, 0],
          "primary_initial_qty_pct": 0.001,
          "primary_pbr_limit": 0.3,
          "secondary_ddown_factor": 0.3,
          "secondary_grid_spacing": 0.09,
          "secondary_pbr_limit_added": 0.3}}