{"config_name": "binance_axsusdt_152days_adg0.50%_bkr76.28%",
 "logging_level": 0,
 "long": {"enabled": true,
          "iprc_MAr_coeffs": [[0.2891743907533466, 0.03227493304266157],
                              [0.3093419569268487, 0.12100128833013203],
                              [0.3715246471105944, 0.32053511828977554]],
          "iprc_const": 0.9927061259866375,
          "iqty_MAr_coeffs": [[-0.24197945398158627, 0.21293604587236917],
                              [0.24509324347387781, -0.06101244509540857],
                              [0.033756688331371465, -0.32508494493073564]],
          "iqty_const": 0.03169059133582673,
          "markup_MAr_coeffs": [[-0.31088685241386704, 0.3834830207986289],
                                [0.3542560022839264, 0.4],
                                [0.3382715873799808, 0.0022852722350885854]],
          "markup_const": 1.0235891585102157,
          "pbr_limit": 0.9462217526404141,
          "pbr_stop_loss": 0.21255535701433978,
          "rprc_MAr_coeffs": [[0.0024429068888109392, -0.23536882782839688],
                              [0.1955434966130602, -0.4],
                              [-0.044413924409756916, -0.12108983172587236]],
          "rprc_PBr_coeffs": [[0.07297670492712165, -0.518194477473289]],
          "rprc_const": 0.9950827902986845,
          "rqty_MAr_coeffs": [[-0.0745001139446514, 0.027728454282537333],
                              [0.1202927544738858, 0.2207928820050178],
                              [-0.03595659497829126, -0.25129600604538394]],
          "rqty_const": 0.8914110149199526},
 "max_span": 1445.538991752882,
 "min_span": 1274.861193796122,
 "n_spans": 3,
 "shrt": {"enabled": true,
          "iprc_MAr_coeffs": [[0.3762548587145365, 0.3800934818629484],
                              [0.18666591024025772, -0.22534876396161888],
                              [-0.1933028366333448, 0.1438758109548359]],
          "iprc_const": 1.001890167705858,
          "iqty_MAr_coeffs": [[-0.12224722862224768, -0.39786355527272504],
                              [-0.3326981064152942, -0.0006962813018826099],
                              [0.24225517450166056, 0.30574913590447456]],
          "iqty_const": 0.026171343185537974,
          "markup_MAr_coeffs": [[0.22811390029223827, -0.08667720816191586],
                                [-0.12435951114283712, 0.3491346826618469],
                                [-0.050652624374358524, 0.09507803044142794]],
          "markup_const": 0.9861230596657367,
          "pbr_limit": 0.8711756716548217,
          "pbr_stop_loss": -0.08556221586301249,
          "rprc_MAr_coeffs": [[0.16084788559896707, 0.30278680432943383],
                              [-0.2696977452207164, -0.30744229674226303],
                              [0.18698877574577583, -0.21541753099195168]],
          "rprc_PBr_coeffs": [[0.5061227226992292, 0.9118560189172817]],
          "rprc_const": 1.023282782546215,
          "rqty_MAr_coeffs": [[-0.25220163415033064, -0.3465206621614371],
                              [-0.11626089200961119, 0.4],
                              [0.16815553599444208, 0.1525238613709195]],
          "rqty_const": 0.2607843139958965}}