{"config_name": "scalp_longonly_binance_aliceusdt_174days_adg-0.15%_bkr9.81%",
 "logging_level": 0,
 "long": {"enabled": true,
          "markup_range": 0.009822920928154252,
          "min_markup": 0.004827858823687956,
          "n_close_orders": 10,
          "primary_ddown_factor": 2.6361240386904194,
          "primary_grid_spacing": 0.026723152884286266,
          "primary_grid_spacing_pbr_weighting": [0.040464991274758486,
                                                 0.007342538771213365],
          "primary_initial_qty_pct": 0.06789925226379596,
          "primary_pbr_limit": 1.1886688512920272,
          "secondary_ddown_factor": 2.7616705494385103,
          "secondary_grid_spacing": 0.3341949343629859,
          "secondary_pbr_limit_added": 0.4512175767533079},
 "shrt": {"enabled": false,
          "markup_range": 0.004,
          "min_markup": 0.0005,
          "n_close_orders": 10,
          "primary_ddown_factor": 0.3,
          "primary_grid_spacing": 0.001,
          "primary_grid_spacing_pbr_weighting": [0, 0],
          "primary_initial_qty_pct": 0.001,
          "primary_pbr_limit": 0.3,
          "secondary_ddown_factor": 0.3,
          "secondary_grid_spacing": 0.09,
          "secondary_pbr_limit_added": 0.3}}