{"config_name": "longonly_binance_etcusdt_248days_adg0.771%_bkr49.73%_eqbal63.11%",
 "logging_level": 0,
 "long": {"enabled": true,
          "eprice_exp_base": 1.53633884354201,
          "eprice_pprice_diff": 0.018186722741757592,
          "grid_span": 0.21386855659612514,
          "initial_qty_pct": 0.031974854344517946,
          "markup_range": 0.019724602068950346,
          "max_n_entry_orders": 8,
          "min_markup": 0.004735639295852787,
          "n_close_orders": 6,
          "pbr_limit": 1.9552941430988828,
          "secondary_pbr_allocation": 0.16386101086352822,
          "secondary_pprice_diff": 0.3316917768237857},
 "shrt": {"enabled": false,
          "eprice_exp_base": 1.618034,
          "eprice_pprice_diff": 0.001,
          "grid_span": 0.03,
          "initial_qty_pct": 0.001,
          "markup_range": 0.004,
          "max_n_entry_orders": 10,
          "min_markup": 0.0005,
          "n_close_orders": 7,
          "pbr_limit": 0.5,
          "secondary_pbr_allocation": 0,
          "secondary_pprice_diff": 0.21}}