{"config_name": "binance_hotusdt_211days_adg1.46%_bkr99.94%",
 "logging_level": 0,
 "long": {"enabled": true,
          "iprc_MAr_coeffs": [[0.06931018917092167, -0.037007483011349644],
                              [0.3834609008835968, 0.03990491211711113],
                              [0.22406001126124667, 0.38644872167938765]],
          "iprc_const": 0.9837199021871944,
          "iqty_MAr_coeffs": [[-0.4, -0.23393041390597807],
                              [-0.2124180310038963, 0.21933999512417052],
                              [-0.04990433786570425, 0.16321919420917805]],
          "iqty_const": 0.05693407846669068,
          "markup_MAr_coeffs": [[0.10553507580163539, 0.33983967467688814],
                                [-0.030796948781739532, 0.3601020802484851],
                                [0.026721574359038016, 0.18697645340255917]],
          "markup_const": 1.0049496570627134,
          "pbr_limit": 0.21621483390784024,
          "pbr_stop_loss": 0.7837851660921598,
          "rprc_MAr_coeffs": [[-0.2907758190392738, -0.07658799811084437],
                              [0.04295346686667924, 0.23108975514302757],
                              [0.21555754929865795, 0.14080640338752365]],
          "rprc_PBr_coeffs": [[-0.37951308346758006, -0.03632678095879496]],
          "rprc_const": 0.9742596031290386,
          "rqty_MAr_coeffs": [[-0.3384539488831503, 0.28108246467586306],
                              [0.02045853103204975, -0.20412116270728115],
                              [-0.053549933611590717, 0.28805238442323555]],
          "rqty_const": 0.8846318312693493},
 "max_span": 2864.156424908469,
 "min_span": 367.66231176732117,
 "n_spans": 3,
 "shrt": {"enabled": false,
          "iprc_MAr_coeffs": [[0.0, 0.0], [0.0, 0.0], [0.0, 0.0]],
          "iprc_const": 0.0,
          "iqty_MAr_coeffs": [[0.0, 0.0], [0.0, 0.0], [0.0, 0.0]],
          "iqty_const": 0.0,
          "markup_MAr_coeffs": [[0.0, 0.0], [0.0, 0.0], [0.0, 0.0]],
          "markup_const": 0.0,
          "pbr_limit": 0.0,
          "pbr_stop_loss": 0.0,
          "rprc_MAr_coeffs": [[0.0, 0.0], [0.0, 0.0], [0.0, 0.0]],
          "rprc_PBr_coeffs": [[0.0, 0.0]],
          "rprc_const": 0.0,
          "rqty_MAr_coeffs": [[0.0, 0.0], [0.0, 0.0], [0.0, 0.0]],
          "rqty_const": 0.0}}