{"config_name": "binance_hotusdt_211days_adg1.38%_bkr99.94%",
 "logging_level": 0,
 "long": {"enabled": true,
          "iprc_MAr_coeffs": [[-0.38290902820190464, -0.130264983885866],
                              [-0.2352762322596584, -0.16690647839657494],
                              [0.08978033260186598, 0.23431040982496132]],
          "iprc_const": 1.001968102685163,
          "iqty_MAr_coeffs": [[0.07262813778807628, -0.0064611222657060974],
                              [-0.363188222055197, -0.0490729283863955],
                              [0.21639866274653244, -0.10452755101994442]],
          "iqty_const": 0.05532193369126247,
          "markup_MAr_coeffs": [[-0.24225795025353292, 0.15224013995462976],
                                [0.18981702389502092, 0.37514155021913526],
                                [-0.009984276231265275, 0.16017926014139142]],
          "markup_const": 1.0117228397310163,
          "pbr_limit": 0.401462143318298,
          "pbr_stop_loss": 0.598537856681702,
          "rprc_MAr_coeffs": [[-0.14001109314575824, 0.07111336293883044],
                              [0.3912912043166102, 0.07762814197335755],
                              [0.386944655325873, -0.034927828553197385]],
          "rprc_PBr_coeffs": [[0.018823243896801022, -0.003079238283236086]],
          "rprc_const": 0.9753931414071108,
          "rqty_MAr_coeffs": [[-0.3334351979890798, -0.023640552205380905],
                              [-0.36311528023267153, -0.39314050691283997],
                              [-0.1503414668329733, 0.04501349216231809]],
          "rqty_const": 0.7364511003759288},
 "max_span": 4480.263339635338,
 "min_span": 160.3861303919394,
 "n_spans": 3,
 "shrt": {"enabled": false,
          "iprc_MAr_coeffs": [[0.4, -0.037162921016481984],
                              [-0.16860202884724576, -0.18571719131754805],
                              [-0.14866974018455242, 0.2633076124054314]],
          "iprc_const": 1.0061454462306436,
          "iqty_MAr_coeffs": [[-0.07261616760127318, -0.35103404515888825],
                              [0.4, 0.15422958295154393],
                              [-0.33105709359314883, 0.01919100300473378]],
          "iqty_const": 0.01,
          "markup_MAr_coeffs": [[0.09022573987316453, 0.27841213603393034],
                                [0.39908981945062405, 0.17952795231679153],
                                [0.20578287001012177, -0.1956828835323963]],
          "markup_const": 0.9907264356069728,
          "pbr_limit": 0.30406022797650895,
          "pbr_stop_loss": 0.3645357279699887,
          "rprc_MAr_coeffs": [[-0.0007395083475233283, -0.04356009010636181],
                              [-0.18686027754682846, 0.3711178727158927],
                              [0.22307281150660804, 0.06770529137957919]],
          "rprc_PBr_coeffs": [[0.585551998476193, 0.7105925665836387]],
          "rprc_const": 1.0094872981454195,
          "rqty_MAr_coeffs": [[-0.19611344562884994, -0.06479840426255795],
                              [-0.16376985351790588, -0.11238989553429243],
                              [-0.2058930378703466, 0.26410510143833027]],
          "rqty_const": 0.5455141927277327}}