{"config_name": "binance_dashusdt_211days_adg0.34%_bkr100.00%",
 "logging_level": 0,
 "long": {"enabled": true,
          "iprc_MAr_coeffs": [[-0.2244515117595908, 0.5470745680770389],
                              [0.5081574570208635, 0.19452705376830665],
                              [0.7105691333306227, 0.5838151691719857]],
          "iprc_const": 0.977276408269638,
          "iqty_MAr_coeffs": [[0.8543208605643002, 0.3683917140493649],
                              [0.1700032881850627, 0.8760620371686427],
                              [0.5547267478949883, 0.08989260792449981]],
          "iqty_const": 0.03844658831442631,
          "markup_MAr_coeffs": [[-0.6557546340848646, 0.7198877913271655],
                                [0.3919664063391019, 0.19677199402261983],
                                [-0.4372004980219623, 0.03830765626359514]],
          "markup_const": 1.0270773554600259,
          "pbr_limit": 0.5635096526781577,
          "pbr_stop_loss": 0.24389392099042012,
          "rprc_MAr_coeffs": [[-0.1800260576914356, -0.022359778890875235],
                              [0.09293805656665685, 0.8849539584448339],
                              [0.8279213377103896, -0.028206167080713596]],
          "rprc_PBr_coeffs": [[0.8026866224639555, -0.5583630104302862]],
          "rprc_const": 0.9751670457528111,
          "rqty_MAr_coeffs": [[0.6563739207233923, 0.3671283401762686],
                              [0.03682714539501017, 0.336824842371345],
                              [-0.43199077023838833, 0.6107354509866592]],
          "rqty_const": 0.2813387432968196},
 "max_span": 2001.0558035873185,
 "min_span": 1185.2890961640671,
 "n_spans": 3,
 "shrt": {"enabled": false,
          "iprc_MAr_coeffs": [[0.0, 0.0], [0.0, 0.0], [0.0, 0.0]],
          "iprc_const": 0.0,
          "iqty_MAr_coeffs": [[0.0, 0.0], [0.0, 0.0], [0.0, 0.0]],
          "iqty_const": 0.0,
          "markup_MAr_coeffs": [[0.0, 0.0], [0.0, 0.0], [0.0, 0.0]],
          "markup_const": 0.0,
          "pbr_limit": 0.0,
          "pbr_stop_loss": 0.0,
          "rprc_MAr_coeffs": [[0.0, 0.0], [0.0, 0.0], [0.0, 0.0]],
          "rprc_PBr_coeffs": [[0.0, 0.0]],
          "rprc_const": 0.0,
          "rqty_MAr_coeffs": [[0.0, 0.0], [0.0, 0.0], [0.0, 0.0]],
          "rqty_const": 0.0}}