{"config_name": "binance_algousdt_211days_adg0.57%_bkr99.95%",
 "logging_level": 0,
 "long": {"enabled": true,
          "iprc_MAr_coeffs": [[-0.35426853855317003, -0.4113048516586476],
                              [0.03489855015734155, 0.3067461523757245],
                              [0.09107926594614095, 0.03303854354097437]],
          "iprc_const": 0.9728177841233103,
          "iqty_MAr_coeffs": [[-0.08989231169847822, -0.28275360490315854],
                              [-0.07612800019304408, -0.25213452337348846],
                              [-0.2766777823792949, 0.2860587692768573]],
          "iqty_const": 0.028762388126953586,
          "markup_MAr_coeffs": [[-0.4136972042279054, 0.4886202318873415],
                                [-0.21129534487221346, 0.34243399779118],
                                [-0.307838671795208, 0.44146373128965327]],
          "markup_const": 1.0034451019589659,
          "pbr_limit": 0.0,
          "pbr_stop_loss": 1.0,
          "rprc_MAr_coeffs": [[-0.3363222058991007, 0.44552767642449626],
                              [0.07985007553963708, -0.41660773517875016],
                              [0.16244625837297835, 0.3035335564725559]],
          "rprc_PBr_coeffs": [[0.4582245708055078, -0.8216297958065367]],
          "rprc_const": 0.9785060496608623,
          "rqty_MAr_coeffs": [[-0.472173326926277, 0.40397593956408945],
                              [0.5, -0.22712754398534457],
                              [-0.41602589915426746, -0.4633744663849987]],
          "rqty_const": 0.7394780015766723},
 "max_span": 4353.3170271855615,
 "min_span": 1292.9767774045192,
 "n_spans": 3,
 "shrt": {"enabled": false,
          "iprc_MAr_coeffs": [[0.0, 0.0], [0.0, 0.0], [0.0, 0.0]],
          "iprc_const": 0.0,
          "iqty_MAr_coeffs": [[0.0, 0.0], [0.0, 0.0], [0.0, 0.0]],
          "iqty_const": 0.0,
          "markup_MAr_coeffs": [[0.0, 0.0], [0.0, 0.0], [0.0, 0.0]],
          "markup_const": 0.0,
          "pbr_limit": 0.0,
          "pbr_stop_loss": 0.0,
          "rprc_MAr_coeffs": [[0.0, 0.0], [0.0, 0.0], [0.0, 0.0]],
          "rprc_PBr_coeffs": [[0.0, 0.0]],
          "rprc_const": 0.0,
          "rqty_MAr_coeffs": [[0.0, 0.0], [0.0, 0.0], [0.0, 0.0]],
          "rqty_const": 0.0}}