{"config_name": "binance_ethbusd_211days_adg0.45%_bkr99.93%",
 "logging_level": 0,
 "long": {"enabled": true,
          "iprc_MAr_coeffs": [[-0.7400622817796034, -0.2269142648635165],
                              [0.8305497580298618, 0.6585041322400096],
                              [-0.06968055351762727, 0.6739599191811894]],
          "iprc_const": 0.9977696327727223,
          "iqty_MAr_coeffs": [[-0.8856560448775225, 0.2852275945622338],
                              [-0.12036118989766476, 0.4765701558068772],
                              [-0.562537676873547, -0.02351127688521571]],
          "iqty_const": 0.05713740177199145,
          "markup_MAr_coeffs": [[-0.3947246563476741, -0.38902647302456916],
                                [0.036368191601250134, 0.4407830053370111],
                                [-0.1343025205215679, 0.7507143994222116]],
          "markup_const": 1.020611217968596,
          "pbr_limit": 0.2260581782133163,
          "pbr_stop_loss": 0.7739418217866837,
          "rprc_MAr_coeffs": [[0.010145720840289647, 0.031184524414732365],
                              [0.7482362566088231, 0.6716850911184086],
                              [-0.7039979945309058, -0.15994293076654229]],
          "rprc_PBr_coeffs": [[-0.43006982304546015, -0.7744788275113759]],
          "rprc_const": 0.9837319210951834,
          "rqty_MAr_coeffs": [[-0.38066271979041133, -0.5867391005161986],
                              [-0.9, 0.46899645490163705],
                              [0.6589999541589358, 0.1089283817229293]],
          "rqty_const": 1.0470452087286444},
 "max_span": 6722.950433271995,
 "min_span": 1054.8103863622714,
 "n_spans": 3,
 "shrt": {"enabled": false,
          "iprc_MAr_coeffs": [[0.0, 0.0], [0.0, 0.0], [0.0, 0.0]],
          "iprc_const": 0.0,
          "iqty_MAr_coeffs": [[0.0, 0.0], [0.0, 0.0], [0.0, 0.0]],
          "iqty_const": 0.0,
          "markup_MAr_coeffs": [[0.0, 0.0], [0.0, 0.0], [0.0, 0.0]],
          "markup_const": 0.0,
          "pbr_limit": 0.0,
          "pbr_stop_loss": 0.0,
          "rprc_MAr_coeffs": [[0.0, 0.0], [0.0, 0.0], [0.0, 0.0]],
          "rprc_PBr_coeffs": [[0.0, 0.0]],
          "rprc_const": 0.0,
          "rqty_MAr_coeffs": [[0.0, 0.0], [0.0, 0.0], [0.0, 0.0]],
          "rqty_const": 0.0}}