{
  "avg_periodic_gain_key": "avg_3days_gain",
  "base_dir": "/Users/erwinhoeckx/passivbot_configs/backtests",
  "break_early_factor": 0.5,
  "c_mult": 1.0,
  "caches_dirpath": "/Users/erwinhoeckx/passivbot_configs/backtests/binance/XMRUSDT/caches/",
  "config_name": "name",
  "do_long": true,
  "do_shrt": true,
  "end_date": "2021-07-01",
  "exchange": "binance",
  "hedge_mode": true,
  "inverse": false,
  "iters": 10,
  "latency_simulation_ms": 750,
  "logging_level": 0,
  "long\u00a3enabled": true,
  "long\u00a3iprc_MAr_coeffs$00$00": -0.06739217384769924,
  "long\u00a3iprc_MAr_coeffs$00$01": -0.3872996026841213,
  "long\u00a3iprc_MAr_coeffs$01$00": 0.120402567420269,
  "long\u00a3iprc_MAr_coeffs$01$01": -0.26871720104284436,
  "long\u00a3iprc_MAr_coeffs$02$00": -0.2058765712223683,
  "long\u00a3iprc_MAr_coeffs$02$01": 0.23376150023555808,
  "long\u00a3iprc_const": 0.9735425544776943,
  "long\u00a3iqty_MAr_coeffs$00$00": 0.24608164083138562,
  "long\u00a3iqty_MAr_coeffs$00$01": -0.2664277592715112,
  "long\u00a3iqty_MAr_coeffs$01$00": 0.3402337117833545,
  "long\u00a3iqty_MAr_coeffs$01$01": -0.28556735705539094,
  "long\u00a3iqty_MAr_coeffs$02$00": -0.3222457355266262,
  "long\u00a3iqty_MAr_coeffs$02$01": -0.2720968595331624,
  "long\u00a3iqty_const": 0.3835009594050135,
  "long\u00a3markup_MAr_coeffs$00$00": 0.202128318697246,
  "long\u00a3markup_MAr_coeffs$00$01": 0.3228994296221055,
  "long\u00a3markup_MAr_coeffs$01$00": -0.22934196776705598,
  "long\u00a3markup_MAr_coeffs$01$01": -0.023273912845751643,
  "long\u00a3markup_MAr_coeffs$02$00": 0.052463082738478495,
  "long\u00a3markup_MAr_coeffs$02$01": -0.08433734170938212,
  "long\u00a3markup_const": 1.0144906026276372,
  "long\u00a3pbr_limit": 1.07941908337517,
  "long\u00a3pbr_stop_loss": 0.15447994968271175,
  "long\u00a3rprc_MAr_coeffs$00$00": -0.004607536509840304,
  "long\u00a3rprc_MAr_coeffs$00$01": -0.1956357057497372,
  "long\u00a3rprc_MAr_coeffs$01$00": -0.024265836450642286,
  "long\u00a3rprc_MAr_coeffs$01$01": -0.3292622321146816,
  "long\u00a3rprc_MAr_coeffs$02$00": 0.39452652645855546,
  "long\u00a3rprc_MAr_coeffs$02$01": 0.16040246025102678,
  "long\u00a3rprc_PBr_coeffs$00$00": -0.5053718971658625,
  "long\u00a3rprc_PBr_coeffs$00$01": -0.243059416649128,
  "long\u00a3rprc_const": 0.9902193687545515,
  "long\u00a3rqty_MAr_coeffs$00$00": -0.01108787276125378,
  "long\u00a3rqty_MAr_coeffs$00$01": 0.364750925640962,
  "long\u00a3rqty_MAr_coeffs$01$00": 0.08934533038373738,
  "long\u00a3rqty_MAr_coeffs$01$01": -0.36734307736862787,
  "long\u00a3rqty_MAr_coeffs$02$00": -0.16025485603639478,
  "long\u00a3rqty_MAr_coeffs$02$01": 0.06550817356001437,
  "long\u00a3rqty_const": 1.7055513425438646,
  "maker_fee": 0.0002,
  "market_type": "futures",
  "max_leverage": 75,
  "max_span": 9058.808377652724,
  "maximum_hrs_no_fills": 72,
  "maximum_hrs_no_fills_same_side": 144,
  "metric": "adjusted_daily_gain",
  "min_cost": 5.0,
  "min_qty": 0.001,
  "min_span": 101.21173809195307,
  "minimum_bankruptcy_distance": 0.5,
  "minimum_equity_balance_ratio": 0.5,
  "minimum_sharpe_ratio": 1,
  "minimum_slice_adg": 1,
  "n_days": 29.99996527777778,
  "n_particles": 48,
  "n_spans": 3,
  "num_cpus": 4,
  "optimize_dirpath": "/Users/erwinhoeckx/passivbot_configs/backtests/binance/XMRUSDT/optimize/2021-07-27T222505/",
  "options": {
    "c1": 1.4962,
    "c2": 1.4962,
    "w": 0.7298
  },
  "periodic_gain_n_days": 3,
  "plots_dirpath": "/Users/erwinhoeckx/passivbot_configs/backtests/binance/XMRUSDT/plots/",
  "price_step": 0.01,
  "qty_step": 0.001,
  "ranges": {
    "long\u00a3iprc_MAr_coeffs$00$00": [
      -0.4,
      0.4
    ],
    "long\u00a3iprc_MAr_coeffs$00$01": [
      -0.4,
      0.4
    ],
    "long\u00a3iprc_MAr_coeffs$01$00": [
      -0.4,
      0.4
    ],
    "long\u00a3iprc_MAr_coeffs$01$01": [
      -0.4,
      0.4
    ],
    "long\u00a3iprc_MAr_coeffs$02$00": [
      -0.4,
      0.4
    ],
    "long\u00a3iprc_MAr_coeffs$02$01": [
      -0.4,
      0.4
    ],
    "long\u00a3iprc_const": [
      0.97,
      1.01
    ],
    "long\u00a3iqty_MAr_coeffs$00$00": [
      -0.4,
      0.4
    ],
    "long\u00a3iqty_MAr_coeffs$00$01": [
      -0.4,
      0.4
    ],
    "long\u00a3iqty_MAr_coeffs$01$00": [
      -0.4,
      0.4
    ],
    "long\u00a3iqty_MAr_coeffs$01$01": [
      -0.4,
      0.4
    ],
    "long\u00a3iqty_MAr_coeffs$02$00": [
      -0.4,
      0.4
    ],
    "long\u00a3iqty_MAr_coeffs$02$01": [
      -0.4,
      0.4
    ],
    "long\u00a3iqty_const": [
      0.01,
      0.5
    ],
    "long\u00a3markup_MAr_coeffs$00$00": [
      -0.4,
      0.4
    ],
    "long\u00a3markup_MAr_coeffs$00$01": [
      -0.4,
      0.4
    ],
    "long\u00a3markup_MAr_coeffs$01$00": [
      -0.4,
      0.4
    ],
    "long\u00a3markup_MAr_coeffs$01$01": [
      -0.4,
      0.4
    ],
    "long\u00a3markup_MAr_coeffs$02$00": [
      -0.4,
      0.4
    ],
    "long\u00a3markup_MAr_coeffs$02$01": [
      -0.4,
      0.4
    ],
    "long\u00a3markup_const": [
      1,
      1.03
    ],
    "long\u00a3pbr_limit": [
      0.1,
      2
    ],
    "long\u00a3pbr_stop_loss": [
      -0.1,
      0.5
    ],
    "long\u00a3rprc_MAr_coeffs$00$00": [
      -0.4,
      0.4
    ],
    "long\u00a3rprc_MAr_coeffs$00$01": [
      -0.4,
      0.4
    ],
    "long\u00a3rprc_MAr_coeffs$01$00": [
      -0.4,
      0.4
    ],
    "long\u00a3rprc_MAr_coeffs$01$01": [
      -0.4,
      0.4
    ],
    "long\u00a3rprc_MAr_coeffs$02$00": [
      -0.4,
      0.4
    ],
    "long\u00a3rprc_MAr_coeffs$02$01": [
      -0.4,
      0.4
    ],
    "long\u00a3rprc_PBr_coeffs$00$00": [
      -1,
      0.1
    ],
    "long\u00a3rprc_PBr_coeffs$00$01": [
      -1,
      0.1
    ],
    "long\u00a3rprc_const": [
      0.97,
      1
    ],
    "long\u00a3rqty_MAr_coeffs$00$00": [
      -0.4,
      0.4
    ],
    "long\u00a3rqty_MAr_coeffs$00$01": [
      -0.4,
      0.4
    ],
    "long\u00a3rqty_MAr_coeffs$01$00": [
      -0.4,
      0.4
    ],
    "long\u00a3rqty_MAr_coeffs$01$01": [
      -0.4,
      0.4
    ],
    "long\u00a3rqty_MAr_coeffs$02$00": [
      -0.4,
      0.4
    ],
    "long\u00a3rqty_MAr_coeffs$02$01": [
      -0.4,
      0.4
    ],
    "long\u00a3rqty_const": [
      0,
      2
    ],
    "max_span": [
      720,
      30000
    ],
    "min_span": [
      20,
      720
    ],
    "shrt\u00a3iprc_MAr_coeffs$00$00": [
      -0.4,
      0.4
    ],
    "shrt\u00a3iprc_MAr_coeffs$00$01": [
      -0.4,
      0.4
    ],
    "shrt\u00a3iprc_MAr_coeffs$01$00": [
      -0.4,
      0.4
    ],
    "shrt\u00a3iprc_MAr_coeffs$01$01": [
      -0.4,
      0.4
    ],
    "shrt\u00a3iprc_MAr_coeffs$02$00": [
      -0.4,
      0.4
    ],
    "shrt\u00a3iprc_MAr_coeffs$02$01": [
      -0.4,
      0.4
    ],
    "shrt\u00a3iprc_const": [
      0.99,
      1.03
    ],
    "shrt\u00a3iqty_MAr_coeffs$00$00": [
      -0.4,
      0.4
    ],
    "shrt\u00a3iqty_MAr_coeffs$00$01": [
      -0.4,
      0.4
    ],
    "shrt\u00a3iqty_MAr_coeffs$01$00": [
      -0.4,
      0.4
    ],
    "shrt\u00a3iqty_MAr_coeffs$01$01": [
      -0.4,
      0.4
    ],
    "shrt\u00a3iqty_MAr_coeffs$02$00": [
      -0.4,
      0.4
    ],
    "shrt\u00a3iqty_MAr_coeffs$02$01": [
      -0.4,
      0.4
    ],
    "shrt\u00a3iqty_const": [
      0.01,
      0.5
    ],
    "shrt\u00a3markup_MAr_coeffs$00$00": [
      -0.4,
      0.4
    ],
    "shrt\u00a3markup_MAr_coeffs$00$01": [
      -0.4,
      0.4
    ],
    "shrt\u00a3markup_MAr_coeffs$01$00": [
      -0.4,
      0.4
    ],
    "shrt\u00a3markup_MAr_coeffs$01$01": [
      -0.4,
      0.4
    ],
    "shrt\u00a3markup_MAr_coeffs$02$00": [
      -0.4,
      0.4
    ],
    "shrt\u00a3markup_MAr_coeffs$02$01": [
      -0.4,
      0.4
    ],
    "shrt\u00a3markup_const": [
      0.97,
      1
    ],
    "shrt\u00a3pbr_limit": [
      0.1,
      2
    ],
    "shrt\u00a3pbr_stop_loss": [
      -0.1,
      0.5
    ],
    "shrt\u00a3rprc_MAr_coeffs$00$00": [
      -0.4,
      0.4
    ],