{"config_name": "scalp_longonly_binance_hntusdt_211days_adg1.18%_bkr86.88%",
 "logging_level": 0,
 "long": {"enabled": true,
          "markup_range": 0.00919684711955701,
          "min_markup": 0.004079326796307499,
          "n_close_orders": 10,
          "primary_ddown_factor": 1.1877084400623854,
          "primary_grid_spacing": 0.01668701918742168,
          "primary_grid_spacing_pbr_weighting": [0.0040005282203168825,
                                                 0.020766021208230623],
          "primary_initial_qty_pct": 0.015291322249861157,
          "primary_pbr_limit": 0.97269592,
          "secondary_ddown_factor": 1.2131137436455472,
          "secondary_grid_spacing": 0.08569519925177005,
          "secondary_pbr_limit_added": 0.02730408},
 "shrt": {"enabled": false,
          "markup_range": 0.004,
          "min_markup": 0.0005,
          "n_close_orders": 10,
          "primary_ddown_factor": 0.3,
          "primary_grid_spacing": 0.001,
          "primary_grid_spacing_pbr_weighting": [0, 0],
          "primary_initial_qty_pct": 0.001,
          "primary_pbr_limit": 0.3,
          "secondary_ddown_factor": 0.3,
          "secondary_grid_spacing": 0.07,
          "secondary_pbr_limit_added": 0.3}}