{"config_name": "scalp_longonly_binance_xrpusdt_248days_adg0.00%_bkr5.62%",
 "logging_level": 0,
 "long": {"enabled": true,
          "markup_range": 0.006584787267217809,
          "min_markup": 0.0030539115402450803,
          "n_close_orders": 10,
          "primary_ddown_factor": 2.0723828311293424,
          "primary_grid_spacing": 0.012093596457882052,
          "primary_grid_spacing_pbr_weighting": [0.05247401933203628,
                                                 0.004380358802379923],
          "primary_initial_qty_pct": 0.14453975978583217,
          "primary_pbr_limit": 1.605063491481187,
          "secondary_ddown_factor": 2.60664066692619,
          "secondary_grid_spacing": 0.1132774375219615,
          "secondary_pbr_limit_added": 0.542207634547805},
 "shrt": {"enabled": false,
          "markup_range": 0.004,
          "min_markup": 0.0005,
          "n_close_orders": 10,
          "primary_ddown_factor": 0.3,
          "primary_grid_spacing": 0.001,
          "primary_grid_spacing_pbr_weighting": [0, 0],
          "primary_initial_qty_pct": 0.001,
          "primary_pbr_limit": 0.3,
          "secondary_ddown_factor": 0.3,
          "secondary_grid_spacing": 0.09,
          "secondary_pbr_limit_added": 0.3}}