{"config_name": "scalp_longonly_binance_dotusdt_248days_adg0.00%_bkr5.39%",
 "logging_level": 0,
 "long": {"enabled": true,
          "markup_range": 0.008128268992212829,
          "min_markup": 0.00383292345752979,
          "n_close_orders": 10,
          "primary_ddown_factor": 2.8243035964966405,
          "primary_grid_spacing": 0.01085798477937318,
          "primary_grid_spacing_pbr_weighting": [0.03560688072036979,
                                                 0.018839020584069215],
          "primary_initial_qty_pct": 0.14212361147495917,
          "primary_pbr_limit": 1.9934702919678133,
          "secondary_ddown_factor": 2.2415465747849797,
          "secondary_grid_spacing": 0.3323576753099172,
          "secondary_pbr_limit_added": 0.8188969251336702},
 "shrt": {"enabled": false,
          "markup_range": 0.004,
          "min_markup": 0.0005,
          "n_close_orders": 10,
          "primary_ddown_factor": 0.3,
          "primary_grid_spacing": 0.001,
          "primary_grid_spacing_pbr_weighting": [0, 0],
          "primary_initial_qty_pct": 0.001,
          "primary_pbr_limit": 0.3,
          "secondary_ddown_factor": 0.3,
          "secondary_grid_spacing": 0.09,
          "secondary_pbr_limit_added": 0.3}}