{"config_name": "binance_onebusd_211days_adg0.91%_bkr99.96%",
 "logging_level": 0,
 "long": {"enabled": true,
          "iprc_MAr_coeffs": [[-0.6479259359799808, -0.151945425017881],
                              [-0.04548262988723255, -0.8372958948353778],
                              [0.1387581639137885, 0.5765514880109731]],
          "iprc_const": 0.9925940496325067,
          "iqty_MAr_coeffs": [[-0.744785107620437, 0.5377455658087459],
                              [-0.9, 0.08288397577982995],
                              [0.6322754884628201, 0.68269386846153]],
          "iqty_const": 0.05360102545186915,
          "markup_MAr_coeffs": [[-0.8272758042885986, 0.46338840197668024],
                                [0.20129799088031497, 0.25910756967518306],
                                [-0.08844408629198684, 0.7373958431591121]],
          "markup_const": 1.0035369642722662,
          "pbr_limit": 0.49137345165753155,
          "pbr_stop_loss": 0.5086265483424685,
          "rprc_MAr_coeffs": [[-0.046024295321952846, 0.35787390879612385],
                              [-0.7312050729321008, 0.04202059811916717],
                              [-0.12987365874153448, -0.14821531569137386]],
          "rprc_PBr_coeffs": [[-0.15909303932663046, -0.8393054332350707]],
          "rprc_const": 0.976130252832952,
          "rqty_MAr_coeffs": [[-0.4173071895332149, -0.333075507451742],
                              [-0.41265114016545723, -0.7079197424840237],
                              [-0.21400245379935198, 0.33030335287815504]],
          "rqty_const": 1.5499568777679138},
 "max_span": 7978.781697556742,
 "min_span": 309.87947139186616,
 "n_spans": 3,
 "shrt": {"enabled": false,
          "iprc_MAr_coeffs": [[0.0, 0.0], [0.0, 0.0], [0.0, 0.0]],
          "iprc_const": 0.0,
          "iqty_MAr_coeffs": [[0.0, 0.0], [0.0, 0.0], [0.0, 0.0]],
          "iqty_const": 0.0,
          "markup_MAr_coeffs": [[0.0, 0.0], [0.0, 0.0], [0.0, 0.0]],
          "markup_const": 0.0,
          "pbr_limit": 0.0,
          "pbr_stop_loss": 0.0,
          "rprc_MAr_coeffs": [[0.0, 0.0], [0.0, 0.0], [0.0, 0.0]],
          "rprc_PBr_coeffs": [[0.0, 0.0]],
          "rprc_const": 0.0,
          "rqty_MAr_coeffs": [[0.0, 0.0], [0.0, 0.0], [0.0, 0.0]],
          "rqty_const": 0.0}}