{"config_name": "scalp_longonly_binance_ftmusdt_248days_adg0.00%_bkr5.58%",
 "logging_level": 0,
 "long": {"enabled": true,
          "markup_range": 0.005384046936357022,
          "min_markup": 0.00392772656933993,
          "n_close_orders": 10,
          "primary_ddown_factor": 2.439541167498453,
          "primary_grid_spacing": 0.001721797577596274,
          "primary_grid_spacing_pbr_weighting": [0.06223898867819478,
                                                 0.08380688548069498],
          "primary_initial_qty_pct": 0.1308500224144948,
          "primary_pbr_limit": 1.2863001005264567,
          "secondary_ddown_factor": 2.7024425682560533,
          "secondary_grid_spacing": 0.3279221931981759,
          "secondary_pbr_limit_added": 0.3577468164480912},
 "shrt": {"enabled": false,
          "markup_range": 0.004,
          "min_markup": 0.0005,
          "n_close_orders": 10,
          "primary_ddown_factor": 0.3,
          "primary_grid_spacing": 0.001,
          "primary_grid_spacing_pbr_weighting": [0, 0],
          "primary_initial_qty_pct": 0.001,
          "primary_pbr_limit": 0.3,
          "secondary_ddown_factor": 0.3,
          "secondary_grid_spacing": 0.09,
          "secondary_pbr_limit_added": 0.3}}