{"config_name": "scalp_longonly_binance_atomusdt_248days_adg0.66%_bkr27.12%",
 "logging_level": 0,
 "long": {"enabled": true,
          "markup_range": 0.008062267611986673,
          "min_markup": 0.004837846941662029,
          "n_close_orders": 10,
          "primary_ddown_factor": 1.8262173617840207,
          "primary_grid_spacing": 0.009675169386368195,
          "primary_grid_spacing_pbr_weighting": [0.03685202770756074,
                                                 0.008348610405417315],
          "primary_initial_qty_pct": 0.14740074615311313,
          "primary_pbr_limit": 0.8752021859442837,
          "secondary_ddown_factor": 1.1338003409846487,
          "secondary_grid_spacing": 0.253276593347974,
          "secondary_pbr_limit_added": 0.4100401448357642},
 "shrt": {"enabled": false,
          "markup_range": 0.004,
          "min_markup": 0.0005,
          "n_close_orders": 10,
          "primary_ddown_factor": 0.3,
          "primary_grid_spacing": 0.001,
          "primary_grid_spacing_pbr_weighting": [0, 0],
          "primary_initial_qty_pct": 0.001,
          "primary_pbr_limit": 0.3,
          "secondary_ddown_factor": 0.3,
          "secondary_grid_spacing": 0.09,
          "secondary_pbr_limit_added": 0.3}}