{
  "avg_periodic_gain_key": "avg_3days_gain",
  "base_dir": "/Users/erwinhoeckx/passivbot_configs/backtests",
  "break_early_factor": 0.5,
  "c_mult": 1.0,
  "caches_dirpath": "/Users/erwinhoeckx/passivbot_configs/backtests/binance/XLMUSDT/caches/",
  "config_name": "name",
  "do_long": true,
  "do_shrt": true,
  "end_date": "2021-07-01",
  "exchange": "binance",
  "hedge_mode": true,
  "inverse": false,
  "iters": 10,
  "latency_simulation_ms": 750,
  "logging_level": 0,
  "long\u00a3enabled": true,
  "long\u00a3iprc_MAr_coeffs$00$00": -0.32607758190614433,
  "long\u00a3iprc_MAr_coeffs$00$01": 0.031009369945814602,
  "long\u00a3iprc_MAr_coeffs$01$00": -0.1461441677464655,
  "long\u00a3iprc_MAr_coeffs$01$01": -0.348136552404692,
  "long\u00a3iprc_MAr_coeffs$02$00": 0.38643222288797596,
  "long\u00a3iprc_MAr_coeffs$02$01": -0.15609903520061874,
  "long\u00a3iprc_const": 1.0010109674866006,
  "long\u00a3iqty_MAr_coeffs$00$00": 0.11072233820456368,
  "long\u00a3iqty_MAr_coeffs$00$01": -0.2338246897707002,
  "long\u00a3iqty_MAr_coeffs$01$00": -0.1551679626868742,
  "long\u00a3iqty_MAr_coeffs$01$01": 0.3074277078443757,
  "long\u00a3iqty_MAr_coeffs$02$00": 0.16780830044063277,
  "long\u00a3iqty_MAr_coeffs$02$01": 0.1727962619151311,
  "long\u00a3iqty_const": 0.1259776535933175,
  "long\u00a3markup_MAr_coeffs$00$00": -0.28522495975982753,
  "long\u00a3markup_MAr_coeffs$00$01": -0.2748740804553148,
  "long\u00a3markup_MAr_coeffs$01$00": 0.2487786409723397,
  "long\u00a3markup_MAr_coeffs$01$01": 0.23077618615836548,
  "long\u00a3markup_MAr_coeffs$02$00": 0.33789281935984616,
  "long\u00a3markup_MAr_coeffs$02$01": 0.28562942069827346,
  "long\u00a3markup_const": 1.0229465989244249,
  "long\u00a3pbr_limit": 1.526878844404189,
  "long\u00a3pbr_stop_loss": 0.09511203172752777,
  "long\u00a3rprc_MAr_coeffs$00$00": 0.031329559175233335,
  "long\u00a3rprc_MAr_coeffs$00$01": 0.2556808900358283,
  "long\u00a3rprc_MAr_coeffs$01$00": -0.3857247635069019,
  "long\u00a3rprc_MAr_coeffs$01$01": -0.03960396454110715,
  "long\u00a3rprc_MAr_coeffs$02$00": 0.39686407163909154,
  "long\u00a3rprc_MAr_coeffs$02$01": 0.20824069329425476,
  "long\u00a3rprc_PBr_coeffs$00$00": -0.7475519235829535,
  "long\u00a3rprc_PBr_coeffs$00$01": -0.5221428711313352,
  "long\u00a3rprc_const": 0.9975576738425767,
  "long\u00a3rqty_MAr_coeffs$00$00": 0.21150330796377304,
  "long\u00a3rqty_MAr_coeffs$00$01": -0.37673094084947345,
  "long\u00a3rqty_MAr_coeffs$01$00": -0.18151006073843023,
  "long\u00a3rqty_MAr_coeffs$01$01": 0.1691095870488699,
  "long\u00a3rqty_MAr_coeffs$02$00": 0.2958206221004258,
  "long\u00a3rqty_MAr_coeffs$02$01": -0.09127785210672801,
  "long\u00a3rqty_const": 0.05208023980404852,
  "maker_fee": 0.0002,
  "market_type": "futures",
  "max_leverage": 75,
  "max_span": 6034.723850430633,
  "maximum_hrs_no_fills": 72,
  "maximum_hrs_no_fills_same_side": 144,
  "metric": "adjusted_daily_gain",
  "min_cost": 5.0,
  "min_qty": 1.0,
  "min_span": 193.42165115775745,
  "minimum_bankruptcy_distance": 0.5,
  "minimum_equity_balance_ratio": 0.5,
  "minimum_sharpe_ratio": 1,
  "minimum_slice_adg": 1,
  "n_days": 29.999988425925928,
  "n_particles": 48,
  "n_spans": 3,
  "num_cpus": 4,
  "optimize_dirpath": "/Users/erwinhoeckx/passivbot_configs/backtests/binance/XLMUSDT/optimize/2021-07-27T222735/",
  "options": {
    "c1": 1.4962,
    "c2": 1.4962,
    "w": 0.7298
  },
  "periodic_gain_n_days": 3,
  "plots_dirpath": "/Users/erwinhoeckx/passivbot_configs/backtests/binance/XLMUSDT/plots/",
  "price_step": 1e-05,
  "qty_step": 1.0,
  "ranges": {
    "long\u00a3iprc_MAr_coeffs$00$00": [
      -0.4,
      0.4
    ],
    "long\u00a3iprc_MAr_coeffs$00$01": [
      -0.4,
      0.4
    ],
    "long\u00a3iprc_MAr_coeffs$01$00": [
      -0.4,
      0.4
    ],
    "long\u00a3iprc_MAr_coeffs$01$01": [
      -0.4,
      0.4
    ],
    "long\u00a3iprc_MAr_coeffs$02$00": [
      -0.4,
      0.4
    ],
    "long\u00a3iprc_MAr_coeffs$02$01": [
      -0.4,
      0.4
    ],
    "long\u00a3iprc_const": [
      0.97,
      1.01
    ],
    "long\u00a3iqty_MAr_coeffs$00$00": [
      -0.4,
      0.4
    ],
    "long\u00a3iqty_MAr_coeffs$00$01": [
      -0.4,
      0.4
    ],
    "long\u00a3iqty_MAr_coeffs$01$00": [
      -0.4,
      0.4
    ],
    "long\u00a3iqty_MAr_coeffs$01$01": [
      -0.4,
      0.4
    ],
    "long\u00a3iqty_MAr_coeffs$02$00": [
      -0.4,
      0.4
    ],
    "long\u00a3iqty_MAr_coeffs$02$01": [
      -0.4,
      0.4
    ],
    "long\u00a3iqty_const": [
      0.01,
      0.5
    ],
    "long\u00a3markup_MAr_coeffs$00$00": [
      -0.4,
      0.4
    ],
    "long\u00a3markup_MAr_coeffs$00$01": [
      -0.4,
      0.4
    ],
    "long\u00a3markup_MAr_coeffs$01$00": [
      -0.4,
      0.4
    ],
    "long\u00a3markup_MAr_coeffs$01$01": [
      -0.4,
      0.4
    ],
    "long\u00a3markup_MAr_coeffs$02$00": [
      -0.4,
      0.4
    ],
    "long\u00a3markup_MAr_coeffs$02$01": [
      -0.4,
      0.4
    ],
    "long\u00a3markup_const": [
      1,
      1.03
    ],
    "long\u00a3pbr_limit": [
      0.1,
      2
    ],
    "long\u00a3pbr_stop_loss": [
      -0.1,
      0.5
    ],
    "long\u00a3rprc_MAr_coeffs$00$00": [
      -0.4,
      0.4
    ],
    "long\u00a3rprc_MAr_coeffs$00$01": [
      -0.4,
      0.4
    ],
    "long\u00a3rprc_MAr_coeffs$01$00": [
      -0.4,
      0.4
    ],
    "long\u00a3rprc_MAr_coeffs$01$01": [
      -0.4,
      0.4
    ],
    "long\u00a3rprc_MAr_coeffs$02$00": [
      -0.4,
      0.4
    ],
    "long\u00a3rprc_MAr_coeffs$02$01": [
      -0.4,
      0.4
    ],
    "long\u00a3rprc_PBr_coeffs$00$00": [
      -1,
      0.1
    ],
    "long\u00a3rprc_PBr_coeffs$00$01": [
      -1,
      0.1
    ],
    "long\u00a3rprc_const": [
      0.97,
      1
    ],
    "long\u00a3rqty_MAr_coeffs$00$00": [
      -0.4,
      0.4
    ],
    "long\u00a3rqty_MAr_coeffs$00$01": [
      -0.4,
      0.4
    ],
    "long\u00a3rqty_MAr_coeffs$01$00": [
      -0.4,
      0.4
    ],
    "long\u00a3rqty_MAr_coeffs$01$01": [
      -0.4,
      0.4
    ],
    "long\u00a3rqty_MAr_coeffs$02$00": [
      -0.4,
      0.4
    ],
    "long\u00a3rqty_MAr_coeffs$02$01": [
      -0.4,
      0.4
    ],
    "long\u00a3rqty_const": [
      0,
      2
    ],
    "max_span": [
      720,
      30000
    ],
    "min_span": [
      20,
      720
    ],
    "shrt\u00a3iprc_MAr_coeffs$00$00": [
      -0.4,
      0.4
    ],
    "shrt\u00a3iprc_MAr_coeffs$00$01": [
      -0.4,
      0.4
    ],
    "shrt\u00a3iprc_MAr_coeffs$01$00": [
      -0.4,
      0.4
    ],
    "shrt\u00a3iprc_MAr_coeffs$01$01": [
      -0.4,
      0.4
    ],
    "shrt\u00a3iprc_MAr_coeffs$02$00": [
      -0.4,
      0.4
    ],
    "shrt\u00a3iprc_MAr_coeffs$02$01": [
      -0.4,
      0.4
    ],
    "shrt\u00a3iprc_const": [
      0.99,
      1.03
    ],
    "shrt\u00a3iqty_MAr_coeffs$00$00": [
      -0.4,
      0.4
    ],
    "shrt\u00a3iqty_MAr_coeffs$00$01": [
      -0.4,
      0.4
    ],
    "shrt\u00a3iqty_MAr_coeffs$01$00": [
      -0.4,
      0.4
    ],
    "shrt\u00a3iqty_MAr_coeffs$01$01": [
      -0.4,
      0.4
    ],
    "shrt\u00a3iqty_MAr_coeffs$02$00": [
      -0.4,
      0.4
    ],
    "shrt\u00a3iqty_MAr_coeffs$02$01": [
      -0.4,
      0.4
    ],
    "shrt\u00a3iqty_const": [
      0.01,
      0.5
    ],
    "shrt\u00a3markup_MAr_coeffs$00$00": [
      -0.4,
      0.4
    ],
    "shrt\u00a3markup_MAr_coeffs$00$01": [
      -0.4,
      0.4
    ],
    "shrt\u00a3markup_MAr_coeffs$01$00": [
      -0.4,
      0.4
    ],
    "shrt\u00a3markup_MAr_coeffs$01$01": [
      -0.4,
      0.4
    ],
    "shrt\u00a3markup_MAr_coeffs$02$00": [
      -0.4,
      0.4
    ],
    "shrt\u00a3markup_MAr_coeffs$02$01": [
      -0.4,
      0.4
    ],
    "shrt\u00a3markup_const": [
      0.97,
      1
    ],
    "shrt\u00a3pbr_limit": [
      0.1,
      2
    ],
    "shrt\u00a3pbr_stop_loss": [
      -0.1,
      0.5
    ],
    "shrt\u00a3rprc_MAr_coeffs$00$00": [
      -0.4,
      0.4
    ],