{"config_name": "scalp_longonly_binance_ksmusdt_248days_adg0.00%_bkr3.91%",
 "logging_level": 0,
 "long": {"enabled": true,
          "markup_range": 0.006226888645797023,
          "min_markup": 0.004631947276490278,
          "n_close_orders": 10,
          "primary_ddown_factor": 2.992373472052461,
          "primary_grid_spacing": 0.01822352414489926,
          "primary_grid_spacing_pbr_weighting": [0.017559302241113364,
                                                 0.054050851998721235],
          "primary_initial_qty_pct": 0.12059197456264567,
          "primary_pbr_limit": 1.1931843671523887,
          "secondary_ddown_factor": 2.4469689085552853,
          "secondary_grid_spacing": 0.36357609660001267,
          "secondary_pbr_limit_added": 0.575273358042784},
 "shrt": {"enabled": false,
          "markup_range": 0.004,
          "min_markup": 0.0005,
          "n_close_orders": 10,
          "primary_ddown_factor": 0.3,
          "primary_grid_spacing": 0.001,
          "primary_grid_spacing_pbr_weighting": [0, 0],
          "primary_initial_qty_pct": 0.001,
          "primary_pbr_limit": 0.3,
          "secondary_ddown_factor": 0.3,
          "secondary_grid_spacing": 0.09,
          "secondary_pbr_limit_added": 0.3}}