{"config_name": "binance_zrxusdt_211days_adg0.29%_bkr99.94%",
 "logging_level": 0,
 "long": {"enabled": true,
          "iprc_MAr_coeffs": [[-0.2045717057245316, 0.08290550403414701],
                              [0.4, 0.06113659773388435],
                              [0.04412857672405326, 0.18030149499725698]],
          "iprc_const": 0.9888248413807558,
          "iqty_MAr_coeffs": [[0.0693800609851457, -0.11558514363704239],
                              [-0.4, 0.11416881658858812],
                              [0.1863819342810918, -0.12087838132446]],
          "iqty_const": 0.049304335376994995,
          "markup_MAr_coeffs": [[-0.2568278404051086, -0.28978766028801434],
                                [-0.16403066912959852, -0.06568647685272913],
                                [-0.14317549497208856, 0.1590638492764514]],
          "markup_const": 1.0103733057924267,
          "pbr_limit": 0.863200131932866,
          "pbr_stop_loss": 0.13679986806713393,
          "rprc_MAr_coeffs": [[-0.2974603247317115, -0.4],
                              [-0.18163741240205195, -0.20168510423186534],
                              [-0.4, -0.2113845557199404]],
          "rprc_PBr_coeffs": [[0.04933180290744052, -0.53085493199253]],
          "rprc_const": 0.97,
          "rqty_MAr_coeffs": [[0.02902425201345682, -0.3418194787466959],
                              [0.24752496672633192, -0.10664240278086802],
                              [0.19625888611318276, 0.004447176422623142]],
          "rqty_const": 1.5057535510546338},
 "max_span": 1423.2243389901778,
 "min_span": 20.0,
 "n_spans": 3,
 "shrt": {"enabled": false,
          "iprc_MAr_coeffs": [[-0.07431282795993643, -0.07164729318617734],
                              [-0.2037334094751043, 0.11145773343378106],
                              [0.146940648081796, -0.3334741880465314]],
          "iprc_const": 0.9962548574272776,
          "iqty_MAr_coeffs": [[-0.3928089484868394, -0.09324735161808216],
                              [-0.37101410544347707, 0.20669514895463284],
                              [-0.4, -0.31116121572820576]],
          "iqty_const": 0.013429157838660733,
          "markup_MAr_coeffs": [[0.021564432722323074, -0.3061692124664621],
                                [0.2731930406401775, -0.3612058664647838],
                                [0.11969647620125183, 0.029951398132383514]],
          "markup_const": 0.9957875330823053,
          "pbr_limit": 1.0,
          "pbr_stop_loss": 0.7725837288779994,
          "rprc_MAr_coeffs": [[-0.21212516187466252, -0.18880187868817233],
                              [0.4, -0.2618438095466544],
                              [-0.11260470757319577, -0.02289766276061889]],
          "rprc_PBr_coeffs": [[0.276173294259926, 0.237729369511534]],
          "rprc_const": 1.0067652030800112,
          "rqty_MAr_coeffs": [[0.30825173070994455, -0.028355009548879453],
                              [-0.2209794463572283, 0.24188733742722288],
                              [-0.4, 0.27598686401133576]],
          "rqty_const": 1.4693960061652318}}