{"config_name": "binance_zrxusdt_211days_adg0.36%_bkr100.00%",
 "logging_level": 0,
 "long": {"enabled": true,
          "iprc_MAr_coeffs": [[-0.4878444871551332, 0.3231667342240429],
                              [-0.5, -0.36467564361554644],
                              [-0.3923765198727834, -0.3436487440752682]],
          "iprc_const": 0.9718844077081881,
          "iqty_MAr_coeffs": [[-0.5, 0.3848256283521924],
                              [-0.24567254360110796, -0.21764088529663733],
                              [-0.2470270746251832, -0.13204521933916266]],
          "iqty_const": 0.046939962728883226,
          "markup_MAr_coeffs": [[-0.19450694865655607, 0.199217070530545],
                                [0.22416563157597494, 0.5],
                                [-0.2209777379723461, 0.41717534824860636]],
          "markup_const": 1.0143610554716165,
          "pbr_limit": 0.8136203081668978,
          "pbr_stop_loss": 0.18637969183310218,
          "rprc_MAr_coeffs": [[0.12364227504176008, -0.28201026495875675],
                              [-0.3662165195208796, 0.0855198765319048],
                              [-0.42466122024863, -0.2648178688693281]],
          "rprc_PBr_coeffs": [[0.03602893589837563, -0.3740603111703676]],
          "rprc_const": 0.9960051759370393,
          "rqty_MAr_coeffs": [[-0.044889830964343715, -0.24923010207299226],
                              [0.3127198573106426, 0.41254144740347864],
                              [-0.15646353224044515, -0.5]],
          "rqty_const": 2.0},
 "max_span": 2521.3552532884623,
 "min_span": 945.1754272430187,
 "n_spans": 3,
 "shrt": {"enabled": false,
          "iprc_MAr_coeffs": [[0.0, 0.0], [0.0, 0.0], [0.0, 0.0]],
          "iprc_const": 0.0,
          "iqty_MAr_coeffs": [[0.0, 0.0], [0.0, 0.0], [0.0, 0.0]],
          "iqty_const": 0.0,
          "markup_MAr_coeffs": [[0.0, 0.0], [0.0, 0.0], [0.0, 0.0]],
          "markup_const": 0.0,
          "pbr_limit": 0.0,
          "pbr_stop_loss": 0.0,
          "rprc_MAr_coeffs": [[0.0, 0.0], [0.0, 0.0], [0.0, 0.0]],
          "rprc_PBr_coeffs": [[0.0, 0.0]],
          "rprc_const": 0.0,
          "rqty_MAr_coeffs": [[0.0, 0.0], [0.0, 0.0], [0.0, 0.0]],
          "rqty_const": 0.0}}