{"config_name": "longonly_binance_solusdt_248days_adg1.430%_bkr52.70%_eqbal41.62%",
 "logging_level": 0,
 "long": {"enabled": true,
          "eprice_exp_base": 2.4420921164392686,
          "eprice_pprice_diff": 0.01021826205197176,
          "grid_span": 0.10546237124873308,
          "initial_qty_pct": 0.0986425519458763,
          "markup_range": 0.008577992609270649,
          "max_n_entry_orders": 4,
          "min_markup": 0.004874478412117454,
          "n_close_orders": 7,
          "pbr_limit": 1.3705008492838224,
          "secondary_pbr_allocation": 0.24453255812164768,
          "secondary_pprice_diff": 0.15118993443071838},
 "shrt": {"enabled": false,
          "eprice_exp_base": 1.618034,
          "eprice_pprice_diff": 0.001,
          "grid_span": 0.03,
          "initial_qty_pct": 0.001,
          "markup_range": 0.004,
          "max_n_entry_orders": 10,
          "min_markup": 0.0005,
          "n_close_orders": 7,
          "pbr_limit": 0.5,
          "secondary_pbr_allocation": 0,
          "secondary_pprice_diff": 0.21}}