{"config_name": "longonly_binance_solusdt_248days_adg1.213%_bkr51.59%_eqbal58.44%",
 "logging_level": 0,
 "long": {"enabled": true,
          "eprice_exp_base": 1.618034,
          "eprice_pprice_diff": 0.008784514736803084,
          "grid_span": 0.1467288564895899,
          "initial_qty_pct": 0.02013968046734274,
          "markup_range": 0.005208367171235405,
          "max_n_entry_orders": 12,
          "min_markup": 0.003648623515977496,
          "n_close_orders": 9,
          "pbr_limit": 1.4752564973169868,
          "secondary_pbr_allocation": 0.03161073456032966,
          "secondary_pprice_diff": 0.5},
 "shrt": {"enabled": false,
          "eprice_exp_base": 1.618034,
          "eprice_pprice_diff": 0.001,
          "grid_span": 0.03,
          "initial_qty_pct": 0.001,
          "markup_range": 0.004,
          "max_n_entry_orders": 10,
          "min_markup": 0.0005,
          "n_close_orders": 7,
          "pbr_limit": 0.5,
          "secondary_pbr_allocation": 0,
          "secondary_pprice_diff": 0.21}}