{"config_name": "binance_linkusdt_211days_adg0.33%_bkr100.00%",
 "logging_level": 0,
 "long": {"enabled": true,
          "iprc_MAr_coeffs": [[0.02556610746424144, 0.3366797651358833],
                              [-0.20395847420086394, 0.20895035091084804],
                              [0.14539373865513333, -0.3513883780020715]],
          "iprc_const": 0.990424307520864,
          "iqty_MAr_coeffs": [[0.14881435773729668, 0.34253208210087777],
                              [-0.15597083315361815, 0.05092404190711267],
                              [0.26420759467554933, 0.37269174717220227]],
          "iqty_const": 0.03024600639713926,
          "markup_MAr_coeffs": [[-0.29416910937036445, -0.04162297910768871],
                                [-0.1757841661692452, 0.3410575105221861],
                                [-0.3433916305419334, -0.1901439886634625]],
          "markup_const": 1.0180388255978459,
          "pbr_limit": 0.019983780003827945,
          "pbr_stop_loss": 0.980016219996172,
          "rprc_MAr_coeffs": [[0.14466213904187336, 0.3994062122603608],
                              [0.026614881556535384, 0.0807888053988076],
                              [0.08562428473416342, -0.3444042038648967]],
          "rprc_PBr_coeffs": [[-0.9361796513960469, -0.22495024514115378]],
          "rprc_const": 0.9710090625591788,
          "rqty_MAr_coeffs": [[0.37299737661026344, 0.26719475087993144],
                              [-0.17525901875794275, -0.1101405568371681],
                              [-0.07436456910919034, 0.1733412336905053]],
          "rqty_const": 1.2518574553446897},
 "max_span": 3737.036170904471,
 "min_span": 1202.1653363492298,
 "n_spans": 3,
 "shrt": {"enabled": false,
          "iprc_MAr_coeffs": [[0.03874922827733362, -0.0026075920892888603],
                              [0.38212586379571734, -0.30559367978216867],
                              [0.1925853594426548, -0.1733533316053165]],
          "iprc_const": 1.0227565661892024,
          "iqty_MAr_coeffs": [[-0.37629081261040076, 0.18789544618957293],
                              [0.03147142397602221, -0.3359709052554632],
                              [0.23062790790181717, -0.14775688285436941]],
          "iqty_const": 0.3664699969405258,
          "markup_MAr_coeffs": [[-0.28643150232298414, -0.32953162616395204],
                                [0.10598724551339199, -0.14118716981901305],
                                [-0.19168100311460418, -0.31574377347689697]],
          "markup_const": 0.9989181752051727,
          "pbr_limit": 0.267344066999334,
          "pbr_stop_loss": 0.9082635959585864,
          "rprc_MAr_coeffs": [[-0.18153242448997184, 0.3630437437120629],
                              [0.1982183439662886, -0.17054844703012068],
                              [-0.10943564384475199, 0.30301564311364015]],
          "rprc_PBr_coeffs": [[0.4605971095218838, -0.1]],
          "rprc_const": 1.013413435040547,
          "rqty_MAr_coeffs": [[-0.0934782333593421, 0.3631651727274688],
                              [-0.07966061729021155, -0.23368608748436775],
                              [0.16937111045618652, -0.11381760312732217]],
          "rqty_const": 0.8949842352396763}}