{"config_name": "binance_adausdt_211days_adg0.27%_bkr100.00%",
 "logging_level": 0,
 "long": {"enabled": true,
          "iprc_MAr_coeffs": [[-0.3417290901461896, 0.18378365597981025],
                              [0.06285400870763436, -0.004059816780392438],
                              [0.034311436965791205, -0.08191661676714215]],
          "iprc_const": 0.9888836739687785,
          "iqty_MAr_coeffs": [[-0.2860373085320308, 0.36549653311805896],
                              [0.020740977596697224, 0.18317317409653253],
                              [0.4, 0.28669565313742346]],
          "iqty_const": 0.06353846837684866,
          "markup_MAr_coeffs": [[-0.32171017508990174, 0.16950100799111167],
                                [0.27214432421690427, 0.1396016940666147],
                                [-0.36117663098942854, 0.1778214788897102]],
          "markup_const": 1.027292682575683,
          "pbr_limit": 0.8625396893587555,
          "pbr_stop_loss": 0.030903853477302,
          "rprc_MAr_coeffs": [[-0.25847247536600715, -0.36685210190948925],
                              [-0.0918320263460969, -0.3610664037897758],
                              [-0.2643590522566329, -0.24116795446243947]],
          "rprc_PBr_coeffs": [[0.07436259971511741, -1.0]],
          "rprc_const": 0.97,
          "rqty_MAr_coeffs": [[-0.1701072849976383, 0.12042433969269059],
                              [-0.3092809727103203, -0.3287743782339556],
                              [-0.4, -0.4]],
          "rqty_const": 0.47667558036943725},
 "max_span": 1825.9153108017692,
 "min_span": 1270.7588472782377,
 "n_spans": 3,
 "shrt": {"enabled": true,
          "iprc_MAr_coeffs": [[-0.21654008940637395, 0.3472746351328959],
                              [0.4, -0.3453541200366284],
                              [0.06811878014364536, -0.2165392664898761]],
          "iprc_const": 1.0161489782025444,
          "iqty_MAr_coeffs": [[-0.2368639316104064, 0.10460702856505955],
                              [-0.18975967974518926, 0.3650801044330243],
                              [-0.24924460887569802, -0.09833822507076678]],
          "iqty_const": 0.022406811346465074,
          "markup_MAr_coeffs": [[-0.2273879439053842, 0.04425312444652027],
                                [-0.14854815777563368, -0.23625525864757047],
                                [0.06169547643777545, 0.37633832998686384]],
          "markup_const": 0.9828517720716565,
          "pbr_limit": 0.9249935741250486,
          "pbr_stop_loss": 0.957034538621256,
          "rprc_MAr_coeffs": [[0.36799175777285137, -0.2479642418837995],
                              [0.4, -0.031753545067946455],
                              [0.2711327115324751, 0.27455752072565154]],
          "rprc_PBr_coeffs": [[0.9054073873047498, 0.48567665663760745]],
          "rprc_const": 1.0150516591160466,
          "rqty_MAr_coeffs": [[-0.3718721341362145, 0.09250719174787267],
                              [0.11411050530725045, -0.16786020537392815],
                              [0.2895474594627359, 0.102838140701882]],
          "rqty_const": 0.3322414823018998}}