{"config_name": "binance_btcusdt_2days_adg1.43%_bkr49.13%",
 "logging_level": 0,
 "long": {"enabled": true,
          "iprc_MAr_coeffs": [[0, 0], [0, 0], [0, 0]],
          "iprc_const": 1,
          "iqty_MAr_coeffs": [[0, 0], [0, 0], [0, 0]],
          "iqty_const": 0.016,
          "markup_MAr_coeffs": [[0, 0], [0, 0], [0, 0]],
          "markup_const": 1.0120977893716452,
          "pbr_limit": 2.0,
          "pbr_stop_loss": 0.026349387236902305,
          "rprc_MAr_coeffs": [[0, 0], [0, 0], [0, 0]],
          "rprc_PBr_coeffs": [[0, 0]],
          "rprc_const": 1,
          "rqty_MAr_coeffs": [[0, 0], [0, 0], [0, 0]],
          "rqty_const": 2},
 "max_span": 1465.1862805167484,
 "min_span": 20.0,
 "n_spans": 3,
 "shrt": {"enabled": true,
          "iprc_MAr_coeffs": [[-0.006961329159070142, 0.2098930625821439],
                              [-0.4, 0.20580079828755912],
                              [0.0565419647990246, 0.170124236035111]],
          "iprc_const": 1.0011667659850956,
          "iqty_MAr_coeffs": [[0.025530246098863393, -0.24271037518199184],
                              [-0.04288438731184484, 0.3671840483199811],
                              [0.1537177585399762, -0.2807512211639545]],
          "iqty_const": 0.013358234048656504,
          "markup_MAr_coeffs": [[-0.14650856854395905, -0.07546805446863251],
                                [-0.2479700066396614, -0.029290724424950756],
                                [0.17670742087553573, -0.10542612258551126]],
          "markup_const": 0.9778257857893309,
          "pbr_limit": 1.2321030570045424,
          "pbr_stop_loss": 0.24071944705857815,
          "rprc_MAr_coeffs": [[0.06274070131629395, 0.3072957915786607],
                              [0.026019153259717875, 0.23855266371514056],
                              [-0.03571997299117344, 0.12149135539090426]],
          "rprc_PBr_coeffs": [[-0.1, 0.07581453094650188]],
          "rprc_const": 1.0208669099572092,
          "rqty_MAr_coeffs": [[0.0036397527209385857, -0.21941240681892413],
                              [-0.1245673784484431, -0.34533535272485505],
                              [0.012861369999384014, -0.2520010379610141]],
          "rqty_const": 1.5752208730816888}}