{"config_name": "binance_hotbusd_106days_adg0.62%_bkr99.99%",
 "logging_level": 0,
 "long": {"enabled": true,
          "iprc_MAr_coeffs": [[-0.38784252708796263, -0.29368449029187343],
                              [-0.3334839240374688, -0.040689385446882206],
                              [-0.13037979789367987, -0.09420522963352881]],
          "iprc_const": 0.9917788947316644,
          "iqty_MAr_coeffs": [[0.09031228771317931, -0.3272202717361845],
                              [-0.13453863856791035, 0.05205416975737671],
                              [0.36484387454615147, -0.35959004995664084]],
          "iqty_const": 0.173275787682936,
          "markup_MAr_coeffs": [[-0.07349119897006205, 0.03483501928588943],
                                [0.019443088634094895, -0.2105472536522754],
                                [-0.02006170543489365, 0.30356581763371904]],
          "markup_const": 1.0116324885009587,
          "pbr_limit": 0.016704061609638776,
          "pbr_stop_loss": 0.9832959383903612,
          "rprc_MAr_coeffs": [[0.1502269594193442, -0.20708856577610668],
                              [-0.13962681666356494, 0.2919871204073688],
                              [0.14549897073619206, 0.23392140557610683]],
          "rprc_PBr_coeffs": [[0.012413674481085303, -0.08596742112488033]],
          "rprc_const": 0.9836776576567134,
          "rqty_MAr_coeffs": [[-0.12247045124114249, 0.023422761248989357],
                              [-0.2519508497014763, -0.11832663255664533],
                              [0.07798123545247593, 0.020891514412540554]],
          "rqty_const": 0.27559971334790356},
 "max_span": 4822.554245910068,
 "min_span": 1241.190984452355,
 "n_spans": 3,
 "shrt": {"enabled": false,
          "iprc_MAr_coeffs": [[0.0, 0.0], [0.0, 0.0], [0.0, 0.0]],
          "iprc_const": 0.0,
          "iqty_MAr_coeffs": [[0.0, 0.0], [0.0, 0.0], [0.0, 0.0]],
          "iqty_const": 0.0,
          "markup_MAr_coeffs": [[0.0, 0.0], [0.0, 0.0], [0.0, 0.0]],
          "markup_const": 0.0,
          "pbr_limit": 0.0,
          "pbr_stop_loss": 0.0,
          "rprc_MAr_coeffs": [[0.0, 0.0], [0.0, 0.0], [0.0, 0.0]],
          "rprc_PBr_coeffs": [[0.0, 0.0]],
          "rprc_const": 0.0,
          "rqty_MAr_coeffs": [[0.0, 0.0], [0.0, 0.0], [0.0, 0.0]],
          "rqty_const": 0.0}}