{"config_name": "binance_sxpusdt_30days_adg0.55%_bkr55.34%",
 "logging_level": 0,
 "long": {"enabled": true,
          "iprc_MAr_coeffs": [[0.2791440444651282, -0.05369543534002846],
                              [-0.13264001999828923, -0.23311135903403005],
                              [-0.2491390142711091, 0.11097404874326211]],
          "iprc_const": 0.9876625390475692,
          "iqty_MAr_coeffs": [[-0.21995908929954205, -0.08977667900229591],
                              [-0.2970951631698965, -0.07336982097614675],
                              [0.26045581567769394, 0.0402085826563664]],
          "iqty_const": 0.4257572009663546,
          "markup_MAr_coeffs": [[-0.01940054143473341, 0.0652920098008124],
                                [0.18925319084468595, 0.17854672909293112],
                                [-0.19591464569453276, -0.358654448165186]],
          "markup_const": 1.0148457543701632,
          "pbr_limit": 0.9898674054963538,
          "pbr_stop_loss": 0.07309986107604205,
          "rprc_MAr_coeffs": [[-0.24427735398276218, 0.2524730126540039],
                              [-0.19057860742137028, -0.06748442937985788],
                              [0.31677637582708484, 0.1342590868349014]],
          "rprc_PBr_coeffs": [[-0.344727930750389, -0.835267655945488]],
          "rprc_const": 0.9802085159782029,
          "rqty_MAr_coeffs": [[-0.3230428172027484, -0.08565181386894061],
                              [0.21670792799440064, -0.15147557557108302],
                              [-0.35363032609637923, -0.22063079914475853]],
          "rqty_const": 1.6543709466262801},
 "max_span": 4875.515365127493,
 "min_span": 294.5957198804635,
 "n_spans": 3,
 "shrt": {"enabled": true,
          "iprc_MAr_coeffs": [[-0.03750005131702644, 0.015236230578431875],
                              [-0.13230360659476004, -0.16965833617759643],
                              [0.3408860193255211, -0.24304010511490795]],
          "iprc_const": 1.0102520521497202,
          "iqty_MAr_coeffs": [[-0.19005970575516473, 0.046500346144172866],
                              [0.0028136323388041617, 0.04167675435978646],
                              [-0.26032539739936245, 0.20061714685828258]],
          "iqty_const": 0.331586654074878,
          "markup_MAr_coeffs": [[0.008939058088955343, 0.17816303574198744],
                                [0.162372759842633, 0.10429027421208137],
                                [0.033158198379819315, -0.25577611248629073]],
          "markup_const": 0.9841972984583189,
          "pbr_limit": 1.198981222963005,
          "pbr_stop_loss": 0.24842188098489068,
          "rprc_MAr_coeffs": [[-0.11654693127052279, 0.357770914728308],
                              [0.15668158625688222, 0.21968706396239435],
                              [-0.2388073051126134, 0.15690492666152522]],
          "rprc_PBr_coeffs": [[-0.01243413409982308, 0.9869974534535585]],
          "rprc_const": 1.0039198307890105,
          "rqty_MAr_coeffs": [[0.31822881382519763, 0.34836787031004035],
                              [-0.04411885260124404, 0.24423111373042816],
                              [0.25721249758464304, -0.3462398040212243]],
          "rqty_const": 1.3082856420336209}}