{"config_name": "binance_ontusdt_211days_adg0.33%_bkr100.00%",
 "logging_level": 0,
 "long": {"enabled": true,
          "iprc_MAr_coeffs": [[-0.08282307148890643, 0.06183595936471354],
                              [-0.35311421635255785, -0.039285304346876534],
                              [0.3230505121496377, -0.03941980221466929]],
          "iprc_const": 1.0042207045339917,
          "iqty_MAr_coeffs": [[-0.212963146392285, -0.2754828654082698],
                              [-0.5, -0.5],
                              [-0.12862446921945692, 0.06401762859477426]],
          "iqty_const": 0.024596494161933265,
          "markup_MAr_coeffs": [[-0.018509243331761936, 0.14559886283753595],
                                [-0.3726760511003374, -0.32405946195140795],
                                [-0.015251865882020373, 0.24039773704402603]],
          "markup_const": 1.0175814539011916,
          "pbr_limit": 0.7701488831963188,
          "pbr_stop_loss": 0.0,
          "rprc_MAr_coeffs": [[-0.5, 0.16798723546920374],
                              [-0.2651635649232779, -0.01147444875854407],
                              [-0.19142142436476434, -0.2808208227209639]],
          "rprc_PBr_coeffs": [[-0.498192983748371, -0.768540572275591]],
          "rprc_const": 0.9927624390825378,
          "rqty_MAr_coeffs": [[0.38392604643931766, 0.11234038580678404],
                              [0.03376226135987715, 0.08934784604077366],
                              [-0.29980750384402766, -0.11900574382154845]],
          "rqty_const": 1.0786326827138975},
 "max_span": 9318.89106692809,
 "min_span": 121.66178929759478,
 "n_spans": 3,
 "shrt": {"enabled": false,
          "iprc_MAr_coeffs": [[0.0, 0.0], [0.0, 0.0], [0.0, 0.0]],
          "iprc_const": 0.0,
          "iqty_MAr_coeffs": [[0.0, 0.0], [0.0, 0.0], [0.0, 0.0]],
          "iqty_const": 0.0,
          "markup_MAr_coeffs": [[0.0, 0.0], [0.0, 0.0], [0.0, 0.0]],
          "markup_const": 0.0,
          "pbr_limit": 0.0,
          "pbr_stop_loss": 0.0,
          "rprc_MAr_coeffs": [[0.0, 0.0], [0.0, 0.0], [0.0, 0.0]],
          "rprc_PBr_coeffs": [[0.0, 0.0]],
          "rprc_const": 0.0,
          "rqty_MAr_coeffs": [[0.0, 0.0], [0.0, 0.0], [0.0, 0.0]],
          "rqty_const": 0.0}}