{"config_name": "binance_xemusdt_211days_adg0.58%_bkr99.97%",
 "logging_level": 0,
 "long": {"enabled": true,
          "iprc_MAr_coeffs": [[-0.47529299461456836, -0.19101101526385447],
                              [0.2725206415343417, -0.25902122170699987],
                              [0.4475414030997209, 0.2629824908167296]],
          "iprc_const": 1.0095739252658005,
          "iqty_MAr_coeffs": [[0.08793562024910033, 0.048388590694600754],
                              [0.10196044158890237, -0.26168264393814966],
                              [0.14642296957271259, -0.2752971441979088]],
          "iqty_const": 0.013690430482355777,
          "markup_MAr_coeffs": [[-0.4372369266068249, -0.10350292041055201],
                                [-0.19619282869634008, 0.17227620493024384],
                                [-0.004457954181566763, 0.23121255399956653]],
          "markup_const": 1.0267354710764476,
          "pbr_limit": 0.3552332155659269,
          "pbr_stop_loss": 0.6447667844340731,
          "rprc_MAr_coeffs": [[-0.24664057540195894, 0.3495975458942954],
                              [0.35293691856001563, -0.07627495542504124],
                              [-0.04369440327090055, -0.21300547948718357]],
          "rprc_PBr_coeffs": [[0.3837476630625777, -0.5773568388574767]],
          "rprc_const": 0.9899142347368431,
          "rqty_MAr_coeffs": [[0.16315639589889927, -0.05293297318272773],
                              [-0.04930184804213023, -0.13149802910763764],
                              [-0.0224795493680636, 0.19190253533366647]],
          "rqty_const": 0.6068421154032274},
 "max_span": 6648.8320733061755,
 "min_span": 220.7229273133388,
 "n_spans": 3,
 "shrt": {"enabled": false,
          "iprc_MAr_coeffs": [[0.0, 0.0], [0.0, 0.0], [0.0, 0.0]],
          "iprc_const": 0.0,
          "iqty_MAr_coeffs": [[0.0, 0.0], [0.0, 0.0], [0.0, 0.0]],
          "iqty_const": 0.0,
          "markup_MAr_coeffs": [[0.0, 0.0], [0.0, 0.0], [0.0, 0.0]],
          "markup_const": 0.0,
          "pbr_limit": 0.0,
          "pbr_stop_loss": 0.0,
          "rprc_MAr_coeffs": [[0.0, 0.0], [0.0, 0.0], [0.0, 0.0]],
          "rprc_PBr_coeffs": [[0.0, 0.0]],
          "rprc_const": 0.0,
          "rqty_MAr_coeffs": [[0.0, 0.0], [0.0, 0.0], [0.0, 0.0]],
          "rqty_const": 0.0}}