{"config_name": "binance_crvusdt_211days_adg0.50%_bkr99.96%",
 "logging_level": 0,
 "long": {"enabled": true,
          "iprc_MAr_coeffs": [[-0.2735264039715318, 0.4],
                              [0.2218686234372954, -0.4],
                              [0.05095869535393919, 0.19636766103093664]],
          "iprc_const": 0.9812567462016002,
          "iqty_MAr_coeffs": [[0.14754421382196106, 0.3446390852852461],
                              [0.12998291329826298, 0.3427165529189789],
                              [0.345623018138077, -0.010306913992141037]],
          "iqty_const": 0.019553832485852938,
          "markup_MAr_coeffs": [[-0.2684731121999107, -0.2535130954020558],
                                [0.2764288097908551, 0.19416542265604642],
                                [-0.18760433984732677, 0.35003070029177236]],
          "markup_const": 1.0113992319913434,
          "pbr_limit": 0.6800334084774302,
          "pbr_stop_loss": 0.31996659152256984,
          "rprc_MAr_coeffs": [[0.17648154664753368, 0.03147729470989106],
                              [0.4, 0.4],
                              [-0.33559060648012995, -0.4]],
          "rprc_PBr_coeffs": [[0.004483364513142049, 0.004257375585527553]],
          "rprc_const": 0.9770278384526427,
          "rqty_MAr_coeffs": [[-0.08772236380354326, -0.34650389856901487],
                              [0.21911044794098972, -0.1128603818858238],
                              [-0.3573566399083156, 0.05255373732241512]],
          "rqty_const": 0.9692486368345722},
 "max_span": 2217.0336621961974,
 "min_span": 1193.5002472110332,
 "n_spans": 3,
 "shrt": {"enabled": false,
          "iprc_MAr_coeffs": [[0.38293104410469203, -0.2419669148998293],
                              [-0.09084791290281176, 0.18370952376450206],
                              [0.31583761373137675, 0.2147454898674505]],
          "iprc_const": 1.0033954048324205,
          "iqty_MAr_coeffs": [[-0.04313287493806619, -0.11426583335771016],
                              [0.1336573625685382, -0.27603454747379413],
                              [0.049802350319607544, -0.1278069696879082]],
          "iqty_const": 0.3278811445500681,
          "markup_MAr_coeffs": [[0.1394949553278274, -0.4],
                                [0.1434372202657188, 0.35361882792503246],
                                [0.09983466616287792, -0.2887031289072328]],
          "markup_const": 0.9811932251005812,
          "pbr_limit": 0.7053977424599965,
          "pbr_stop_loss": 0.6487955513183763,
          "rprc_MAr_coeffs": [[0.4, 0.0440781997579489],
                              [-0.19497684385811104, -0.3147329919001754],
                              [0.18452566966860764, 0.4]],
          "rprc_PBr_coeffs": [[0.7218269089437884, 0.1360472586687907]],
          "rprc_const": 1.0100137410013994,
          "rqty_MAr_coeffs": [[-0.07501577622442418, -0.33838333716610636],
                              [0.14364860748697147, -0.4],
                              [-0.4, 0.2338464129674195]],
          "rqty_const": 0.3793531656720922}}