{"config_name": "binance_ftmusdt_211days_adg0.65%_bkr99.99%",
 "logging_level": 0,
 "long": {"enabled": true,
          "iprc_MAr_coeffs": [[-0.10014345930952341, 0.3878650713290149],
                              [0.09802456474546618, -0.23721546399859056],
                              [-0.10994115712386215, -0.21330347155814944]],
          "iprc_const": 1.0049266582362513,
          "iqty_MAr_coeffs": [[-0.1685510177190195, 0.2962206039107321],
                              [0.19207657167794082, -0.025004631479158112],
                              [0.06065194568312897, 0.16934121778184086]],
          "iqty_const": 0.024449648014067706,
          "markup_MAr_coeffs": [[-0.27896462106184844, -0.28331689349587397],
                                [-0.3362280737586528, 0.39587904037798766],
                                [-0.18861770713027054, 0.22439693223076593]],
          "markup_const": 1.0180978487250651,
          "pbr_limit": 0.7339002057405863,
          "pbr_stop_loss": 0.2660997942594137,
          "rprc_MAr_coeffs": [[0.2828487481428547, 0.14337644740912364],
                              [0.034948309005508646, -0.016501967169641196],
                              [0.0773533033690117, 0.289886206396387]],
          "rprc_PBr_coeffs": [[-0.5706612416750738, -0.13594185943360215]],
          "rprc_const": 0.9819800008835752,
          "rqty_MAr_coeffs": [[0.16965388702210685, -0.18696477162514377],
                              [0.14909133745213632, 0.2496549682879274],
                              [-0.3861031037919579, 0.07933807113796791]],
          "rqty_const": 1.5435559703203214},
 "max_span": 3360.6754115528033,
 "min_span": 974.6364494909534,
 "n_spans": 3,
 "shrt": {"enabled": false,
          "iprc_MAr_coeffs": [[0.2379786219199818, -0.33115443827271734],
                              [0.19116632181308638, 0.06952371832823469],
                              [-0.4, 0.27561967174323676]],
          "iprc_const": 1.0250682440344436,
          "iqty_MAr_coeffs": [[-0.1251357775120591, -0.15179358373878868],
                              [-0.31542181254031515, 0.22975864383438213],
                              [-0.1818489774597865, -0.13609770043555072]],
          "iqty_const": 0.028817822740549018,
          "markup_MAr_coeffs": [[0.1233317757768654, 0.26544238028977696],
                                [0.3136388112632621, -0.0343091401275503],
                                [0.2842349121996418, 0.3909893145938593]],
          "markup_const": 0.9873171665949185,
          "pbr_limit": 0.663238618021374,
          "pbr_stop_loss": 0.5121534002163336,
          "rprc_MAr_coeffs": [[-0.2581221011403073, 0.37580412779609573],
                              [-0.09276481087907255, -0.27602228952674884],
                              [-0.15852852386976898, 0.08831451283815643]],
          "rprc_PBr_coeffs": [[0.763725863287433, 0.034270348157775715]],
          "rprc_const": 1.0296194283160311,
          "rqty_MAr_coeffs": [[0.23553936301433448, 0.17674932935254353],
                              [0.18481139033117, 0.0351038582448495],
                              [-0.3405659383912882, 0.18928242607520496]],
          "rqty_const": 0.8212350637066669}}