{"config_name": "longonly_binance_aaveusdt_274days_adg0.499%_bkr55.01%_eqbal47.50%",
 "logging_level": 0,
 "long": {"enabled": true,
          "eprice_exp_base": 1.5242980310740655,
          "eprice_pprice_diff": 0.011103467307450012,
          "grid_span": 0.24960857019164392,
          "initial_qty_pct": 0.0018846286909130648,
          "markup_range": 0.017983569530922058,
          "max_n_entry_orders": 8,
          "min_markup": 0.006811662900774475,
          "n_close_orders": 6,
          "pbr_limit": 1.3625463163033074,
          "secondary_pbr_allocation": 0.039721654258538706,
          "secondary_pprice_diff": 0.3820860431485488},
 "shrt": {"enabled": false,
          "eprice_exp_base": 1.618034,
          "eprice_pprice_diff": 0.001,
          "grid_span": 0.03,
          "initial_qty_pct": 0.001,
          "markup_range": 0.004,
          "max_n_entry_orders": 10,
          "min_markup": 0.0005,
          "n_close_orders": 7,
          "pbr_limit": 0.5,
          "secondary_pbr_allocation": 0,
          "secondary_pprice_diff": 0.21}}