{"config_name": "longonly_binance_adausdt_274days_adg1.172%_bkr45.51%_eqbal65.79%",
 "logging_level": 0,
 "long": {"enabled": true,
          "eprice_exp_base": 1.0856549677863585,
          "eprice_pprice_diff": 0.00973497050413054,
          "grid_span": 0.18638336304665473,
          "initial_qty_pct": 0.053547389758550806,
          "markup_range": 0.006238019903554286,
          "max_n_entry_orders": 22,
          "min_markup": 0.009999145550480728,
          "n_close_orders": 5,
          "pbr_limit": 1.7032478815235619,
          "secondary_pbr_allocation": 0.31773611473727054,
          "secondary_pprice_diff": 0.05709177897726385},
 "shrt": {"enabled": false,
          "eprice_exp_base": 1.618034,
          "eprice_pprice_diff": 0.001,
          "grid_span": 0.03,
          "initial_qty_pct": 0.001,
          "markup_range": 0.004,
          "max_n_entry_orders": 10,
          "min_markup": 0.0005,
          "n_close_orders": 7,
          "pbr_limit": 0.5,
          "secondary_pbr_allocation": 0,
          "secondary_pprice_diff": 0.21}}