{"config_name": "longonly_binance_filusdt_274days_adg0.520%_bkr41.25%_eqbal52.39%",
 "logging_level": 0,
 "long": {"enabled": true,
          "eprice_exp_base": 1.079771088595017,
          "eprice_pprice_diff": 0.010748701277854003,
          "grid_span": 0.28499681622559925,
          "initial_qty_pct": 0.02447225216621903,
          "markup_range": 0.01527631472879187,
          "max_n_entry_orders": 18,
          "min_markup": 0.00656563463150273,
          "n_close_orders": 7,
          "pbr_limit": 1.872594472856776,
          "secondary_pbr_allocation": 0.10811078384565408,
          "secondary_pprice_diff": 0.3911583787238889},
 "shrt": {"enabled": false,
          "eprice_exp_base": 1.618034,
          "eprice_pprice_diff": 0.001,
          "grid_span": 0.03,
          "initial_qty_pct": 0.001,
          "markup_range": 0.004,
          "max_n_entry_orders": 10,
          "min_markup": 0.0005,
          "n_close_orders": 7,
          "pbr_limit": 0.5,
          "secondary_pbr_allocation": 0,
          "secondary_pprice_diff": 0.21}}