{"config_name": "scalp_longonly_binance_adausdt_248days_adg0.00%_bkr5.65%",
 "logging_level": 0,
 "long": {"enabled": true,
          "markup_range": 0.005814603100009659,
          "min_markup": 0.004365821657352223,
          "n_close_orders": 10,
          "primary_ddown_factor": 2.5115567610632397,
          "primary_grid_spacing": 0.00225744657525855,
          "primary_grid_spacing_pbr_weighting": [0.056532386202835926,
                                                 0.04234340954737481],
          "primary_initial_qty_pct": 0.05594241626330671,
          "primary_pbr_limit": 1.3909229870578517,
          "secondary_ddown_factor": 1.1276888178235085,
          "secondary_grid_spacing": 0.3430764711986053,
          "secondary_pbr_limit_added": 0.8855414283092213},
 "shrt": {"enabled": false,
          "markup_range": 0.004,
          "min_markup": 0.0005,
          "n_close_orders": 10,
          "primary_ddown_factor": 0.3,
          "primary_grid_spacing": 0.001,
          "primary_grid_spacing_pbr_weighting": [0, 0],
          "primary_initial_qty_pct": 0.001,
          "primary_pbr_limit": 0.3,
          "secondary_ddown_factor": 0.3,
          "secondary_grid_spacing": 0.09,
          "secondary_pbr_limit_added": 0.3}}