{"config_name": "binance_thetausdt_211days_adg-1.09%_bkr100.00%",
 "logging_level": 0,
 "long": {"enabled": true,
          "iprc_MAr_coeffs": [[-0.3790115932168022, 0.21080406151876063],
                              [-0.20454395336206305, 0.2912409655042686],
                              [-0.0034010049985361834, 0.09559904457005086]],
          "iprc_const": 1.005944073465058,
          "iqty_MAr_coeffs": [[-0.34762773021711174, -0.20148702737191462],
                              [-0.055379155725906515, -0.09346758304902753],
                              [-0.2600920368365397, 0.21160038143597137]],
          "iqty_const": 0.24054775391926927,
          "markup_MAr_coeffs": [[0.37221859554947734, 0.1984419376973059],
                                [0.2038720011430678, 0.07371189675826928],
                                [0.34110959343738645, -0.12896483874565157]],
          "markup_const": 1.0030784159742545,
          "pbr_limit": 0.41551326189331816,
          "pbr_stop_loss": 0.17058204607892602,
          "rprc_MAr_coeffs": [[-0.0806461401483684, -0.16294711494261593],
                              [0.2651832223217334, 0.055529965220215805],
                              [0.09917609666095994, 0.1513833144685074]],
          "rprc_PBr_coeffs": [[-0.34314384858743896, -0.3955827091878088]],
          "rprc_const": 0.9712942882366692,
          "rqty_MAr_coeffs": [[0.39699319394314914, 0.3183067514924899],
                              [0.09706259377973236, 0.19949484148683905],
                              [-0.16152310428067926, 0.3527249992404987]],
          "rqty_const": 1.7187130415540925},
 "max_span": 2670.41222901149,
 "min_span": 1156.3948856333318,
 "n_spans": 3,
 "shrt": {"enabled": false,
          "iprc_MAr_coeffs": [[-0.22322754450340013, 0.3525072894901473],
                              [0.3548794921231424, -0.07544307965711272],
                              [-0.03671675853377526, 0.13397571410741105]],
          "iprc_const": 1.0188892792900526,
          "iqty_MAr_coeffs": [[-0.2591373749357796, -0.297413484772831],
                              [0.31680496778952727, 0.32894368354845804],
                              [-0.0207972978517299, -0.1269474259214043]],
          "iqty_const": 0.11810845280836255,
          "markup_MAr_coeffs": [[-0.38954948825428154, -0.3519111776132882],
                                [-0.3191506164939051, 0.20110414497475304],
                                [0.11407023518069637, 0.019475856770656275]],
          "markup_const": 0.973618944796013,
          "pbr_limit": 0.5429698418183303,
          "pbr_stop_loss": 0.4733463622624928,
          "rprc_MAr_coeffs": [[-0.2049207051203081, 0.38863291299212965],
                              [0.3548981006859857, 0.1381955730950779],
                              [0.26005657660976345, -0.1836358631843134]],
          "rprc_PBr_coeffs": [[0.33976571578710046, 0.28542582180104603]],
          "rprc_const": 1.0003482910769486,
          "rqty_MAr_coeffs": [[-0.06520029136473893, -0.06531131157916648],
                              [0.32228208890449284, -0.3129663547894973],
                              [0.18277523912441362, -0.24565952677968222]],
          "rqty_const": 1.8458722400309213}}