{"config_name": "binance_thetausdt_211days_adg0.72%_bkr99.96%",
 "logging_level": 0,
 "long": {"enabled": true,
          "iprc_MAr_coeffs": [[-0.3079961124240832, -0.5510714614696566],
                              [0.22201143125959996, 0.8001743065907103],
                              [0.17904145882551556, 0.32391258432356096]],
          "iprc_const": 0.9795696808812335,
          "iqty_MAr_coeffs": [[0.037975044271153856, 0.74701380589847],
                              [-0.8333759249538878, -0.4571882241583462],
                              [-0.14850978164511963, -0.46470740911820213]],
          "iqty_const": 0.015668222263405595,
          "markup_MAr_coeffs": [[-0.5984385952128752, 0.27011480809964455],
                                [0.218756396946953, 0.6755656791042484],
                                [-0.6161979561081026, 0.6288726351880449]],
          "markup_const": 1.0284854215478503,
          "pbr_limit": 0.4310788709801415,
          "pbr_stop_loss": 0.5689211290198585,
          "rprc_MAr_coeffs": [[0.18549801522022058, 0.17806069478209255],
                              [0.7740171945894463, 0.7609181788768768],
                              [0.7679206911867713, -0.3625126827292816]],
          "rprc_PBr_coeffs": [[0.2660930099629285, -0.15274755832955736]],
          "rprc_const": 0.9783194079273675,
          "rqty_MAr_coeffs": [[0.23047892759527516, -0.45035472967187057],
                              [0.5337014360037944, -0.482137382381473],
                              [0.8590897383060456, 0.45695036484176926]],
          "rqty_const": 0.41497822233266957},
 "max_span": 2172.8848616306022,
 "min_span": 1180.5336546552785,
 "n_spans": 3,
 "shrt": {"enabled": false,
          "iprc_MAr_coeffs": [[0.0, 0.0], [0.0, 0.0], [0.0, 0.0]],
          "iprc_const": 0.0,
          "iqty_MAr_coeffs": [[0.0, 0.0], [0.0, 0.0], [0.0, 0.0]],
          "iqty_const": 0.0,
          "markup_MAr_coeffs": [[0.0, 0.0], [0.0, 0.0], [0.0, 0.0]],
          "markup_const": 0.0,
          "pbr_limit": 0.0,
          "pbr_stop_loss": 0.0,
          "rprc_MAr_coeffs": [[0.0, 0.0], [0.0, 0.0], [0.0, 0.0]],
          "rprc_PBr_coeffs": [[0.0, 0.0]],
          "rprc_const": 0.0,
          "rqty_MAr_coeffs": [[0.0, 0.0], [0.0, 0.0], [0.0, 0.0]],
          "rqty_const": 0.0}}