{"config_name": "binance_xlmusdt_30days_adg-0.00%_bkr100.00%",
 "logging_level": 0,
 "long": {"enabled": true,
          "iprc_MAr_coeffs": [[-0.32607758190614433, 0.031009369945814602],
                              [-0.1461441677464655, -0.348136552404692],
                              [0.38643222288797596, -0.15609903520061874]],
          "iprc_const": 1.0010109674866006,
          "iqty_MAr_coeffs": [[0.11072233820456368, -0.2338246897707002],
                              [-0.1551679626868742, 0.3074277078443757],
                              [0.16780830044063277, 0.1727962619151311]],
          "iqty_const": 0.1259776535933175,
          "markup_MAr_coeffs": [[-0.28522495975982753, -0.2748740804553148],
                                [0.2487786409723397, 0.23077618615836548],
                                [0.33789281935984616, 0.28562942069827346]],
          "markup_const": 1.0229465989244249,
          "pbr_limit": 1.526878844404189,
          "pbr_stop_loss": 0.09511203172752777,
          "rprc_MAr_coeffs": [[0.031329559175233335, 0.2556808900358283],
                              [-0.3857247635069019, -0.03960396454110715],
                              [0.39686407163909154, 0.20824069329425476]],
          "rprc_PBr_coeffs": [[-0.7475519235829535, -0.5221428711313352]],
          "rprc_const": 0.9975576738425767,
          "rqty_MAr_coeffs": [[0.21150330796377304, -0.37673094084947345],
                              [-0.18151006073843023, 0.1691095870488699],
                              [0.2958206221004258, -0.09127785210672801]],
          "rqty_const": 0.05208023980404852},
 "max_span": 6034.723850430633,
 "min_span": 193.42165115775745,
 "n_spans": 3,
 "shrt": {"enabled": true,
          "iprc_MAr_coeffs": [[0.21078780760846572, -0.3428185956645525],
                              [-0.31663533838102254, -0.09413613916787689],
                              [-0.23373676674324184, -0.18004805525052783]],
          "iprc_const": 1.0267069092839436,
          "iqty_MAr_coeffs": [[-0.13491461324790965, -0.030150272527079913],
                              [0.3264874798664392, 0.2065807372707099],
                              [0.1856533698269448, -0.20044482683995613]],
          "iqty_const": 0.1855632900999577,
          "markup_MAr_coeffs": [[-0.0896116655978133, 0.03201521241818134],
                                [0.097703865515616, 0.27956600340528304],
                                [0.036019647014124856, -0.16806171725198357]],
          "markup_const": 0.9806084436596563,
          "pbr_limit": 0.5013313594721281,
          "pbr_stop_loss": 0.330032094103181,
          "rprc_MAr_coeffs": [[0.18991299446700638, 0.19380610635835693],
                              [-0.0605307682895706, -0.26361152226819257],
                              [0.28473524685288165, 0.11973750929882532]],
          "rprc_PBr_coeffs": [[0.3027862589054242, 0.29409271068142084]],
          "rprc_const": 1.0188435524112298,
          "rqty_MAr_coeffs": [[0.2108911493462572, -0.030732372800118923],
                              [-0.2657672395494576, 0.34615700826157403],
                              [0.11194415681627834, -0.08167377755427163]],
          "rqty_const": 0.4640533830280573}}