{"config_name": "binance_xlmusdt_211days_adg0.63%_bkr99.92%",
 "logging_level": 0,
 "long": {"enabled": true,
          "iprc_MAr_coeffs": [[-0.5191318413901153, 0.7555112995887208],
                              [-0.22165655383983765, -0.8866603893088375],
                              [0.8850472353216201, -0.0773265424438791]],
          "iprc_const": 0.9737471556689636,
          "iqty_MAr_coeffs": [[0.20127886257141703, 0.21606028089002985],
                              [-0.5485942268405036, 0.24044972185261942],
                              [-0.4003867356040186, 0.5676686752453828]],
          "iqty_const": 0.1586896167584879,
          "markup_MAr_coeffs": [[-0.7731673700381863, -0.14131962393490166],
                                [-0.299394230019786, 0.2068572042465244],
                                [0.15370053305802592, 0.6959003263808231]],
          "markup_const": 1.0108679173924608,
          "pbr_limit": 0.0876488715130812,
          "pbr_stop_loss": 0.9123511284869188,
          "rprc_MAr_coeffs": [[-0.6134463764278899, 0.28347232440026476],
                              [0.7657466959961691, -0.09429670344944226],
                              [-0.05196160259444717, -0.6417268677644526]],
          "rprc_PBr_coeffs": [[-0.7810907988131253, -0.3503986295671667]],
          "rprc_const": 0.9880164891818672,
          "rqty_MAr_coeffs": [[0.19905052163860337, 0.3009949935224829],
                              [-0.8118279070077645, 0.20277911631836648],
                              [0.7669456670283467, 0.22111435760841888]],
          "rqty_const": 1.7736494611078666},
 "max_span": 12618.100789026834,
 "min_span": 850.4206441188636,
 "n_spans": 3,
 "shrt": {"enabled": false,
          "iprc_MAr_coeffs": [[0.0, 0.0], [0.0, 0.0], [0.0, 0.0]],
          "iprc_const": 0.0,
          "iqty_MAr_coeffs": [[0.0, 0.0], [0.0, 0.0], [0.0, 0.0]],
          "iqty_const": 0.0,
          "markup_MAr_coeffs": [[0.0, 0.0], [0.0, 0.0], [0.0, 0.0]],
          "markup_const": 0.0,
          "pbr_limit": 0.0,
          "pbr_stop_loss": 0.0,
          "rprc_MAr_coeffs": [[0.0, 0.0], [0.0, 0.0], [0.0, 0.0]],
          "rprc_PBr_coeffs": [[0.0, 0.0]],
          "rprc_const": 0.0,
          "rqty_MAr_coeffs": [[0.0, 0.0], [0.0, 0.0], [0.0, 0.0]],
          "rqty_const": 0.0}}