{"config_name": "binance_xlmusdt_211days_adg0.33%_bkr99.98%",
 "logging_level": 0,
 "long": {"enabled": true,
          "iprc_MAr_coeffs": [[-0.09064884126022908, -0.20629040475802754],
                              [0.3590331978582719, 0.3499684162427512],
                              [0.19336024637436977, -0.1515623370407465]],
          "iprc_const": 0.9816593035548755,
          "iqty_MAr_coeffs": [[-0.03162296195900183, -0.4],
                              [0.23763969938848592, -0.08059052524211655],
                              [0.013116832583137195, 0.15750220299876772]],
          "iqty_const": 0.01789405720615156,
          "markup_MAr_coeffs": [[-0.243775912915643, -0.18656286154434956],
                                [0.1330370416418761, -0.08002284112661488],
                                [-0.13361179894442293, 0.3030429469785028]],
          "markup_const": 1.0017488755119146,
          "pbr_limit": 0.7850253766936044,
          "pbr_stop_loss": 0.21497462330639555,
          "rprc_MAr_coeffs": [[-0.059564899146176124, -0.3344669920912803],
                              [-0.0021250724849499743, 0.23687135443042975],
                              [0.27810744400487536, -0.15531295413315993]],
          "rprc_PBr_coeffs": [[-0.0467881632878689, -0.07271592313855514]],
          "rprc_const": 0.999826721749861,
          "rqty_MAr_coeffs": [[0.06938031089883151, 0.2858480967518051],
                              [-0.18001223500574942, -0.3762629878873593],
                              [0.3160963251572037, -0.4]],
          "rqty_const": 1.7903415569245644},
 "max_span": 1886.8249378008315,
 "min_span": 267.39516309412033,
 "n_spans": 3,
 "shrt": {"enabled": false,
          "iprc_MAr_coeffs": [[0.0, 0.0], [0.0, 0.0], [0.0, 0.0]],
          "iprc_const": 0.0,
          "iqty_MAr_coeffs": [[0.0, 0.0], [0.0, 0.0], [0.0, 0.0]],
          "iqty_const": 0.0,
          "markup_MAr_coeffs": [[0.0, 0.0], [0.0, 0.0], [0.0, 0.0]],
          "markup_const": 0.0,
          "pbr_limit": 0.0,
          "pbr_stop_loss": 0.0,
          "rprc_MAr_coeffs": [[0.0, 0.0], [0.0, 0.0], [0.0, 0.0]],
          "rprc_PBr_coeffs": [[0.0, 0.0]],
          "rprc_const": 0.0,
          "rqty_MAr_coeffs": [[0.0, 0.0], [0.0, 0.0], [0.0, 0.0]],
          "rqty_const": 0.0}}