{"config_name": "longonly_binance_xemusdt_213days_adg0.438%_bkr45.83%_eqbal54.57%",
 "logging_level": 0,
 "long": {"enabled": true,
          "eprice_exp_base": 1.3623742667907883,
          "eprice_pprice_diff": 0.01551751326796907,
          "grid_span": 0.2567011488957608,
          "initial_qty_pct": 0.024067853438687076,
          "markup_range": 0.019930912311813216,
          "max_n_entry_orders": 8,
          "min_markup": 0.009819160671327765,
          "n_close_orders": 9,
          "pbr_limit": 1.6427142390401623,
          "secondary_pbr_allocation": 0.4099936437908307,
          "secondary_pprice_diff": 0.3651226629387074},
 "shrt": {"enabled": false,
          "eprice_exp_base": 1.618034,
          "eprice_pprice_diff": 0.001,
          "grid_span": 0.03,
          "initial_qty_pct": 0.001,
          "markup_range": 0.004,
          "max_n_entry_orders": 10,
          "min_markup": 0.0005,
          "n_close_orders": 7,
          "pbr_limit": 0.5,
          "secondary_pbr_allocation": 0,
          "secondary_pprice_diff": 0.21}}