{"config_name": "longonly_binance_avaxusdt_274days_adg1.004%_bkr55.65%_eqbal56.33%",
 "logging_level": 0,
 "long": {"enabled": true,
          "eprice_exp_base": 1.618034,
          "eprice_pprice_diff": 0.018988452408425106,
          "grid_span": 0.15218956570562242,
          "initial_qty_pct": 0.016410976055973088,
          "markup_range": 0.0093021778959126,
          "max_n_entry_orders": 9,
          "min_markup": 0.0044558858229729395,
          "n_close_orders": 5,
          "pbr_limit": 1.4421474935998073,
          "secondary_pbr_allocation": 0.12665259168145715,
          "secondary_pprice_diff": 0.04738089453457149},
 "shrt": {"enabled": false,
          "eprice_exp_base": 1.618034,
          "eprice_pprice_diff": 0.001,
          "grid_span": 0.03,
          "initial_qty_pct": 0.001,
          "markup_range": 0.004,
          "max_n_entry_orders": 10,
          "min_markup": 0.0005,
          "n_close_orders": 7,
          "pbr_limit": 0.5,
          "secondary_pbr_allocation": 0,
          "secondary_pprice_diff": 0.21}}