{"config_name": "binance_qtumusdt_211days_adg0.37%_bkr99.97%",
 "logging_level": 0,
 "long": {"enabled": true,
          "iprc_MAr_coeffs": [[-0.5049427814145206, -0.8173984064446056],
                              [0.05798754713178585, 0.8672928944083099],
                              [0.5032372147458289, -0.5075962403100045]],
          "iprc_const": 0.9961163618103509,
          "iqty_MAr_coeffs": [[0.881985575264788, 0.2903740561247636],
                              [-0.3000912434003016, 0.6096778753682022],
                              [-0.7112437741034751, 0.40553167535298995]],
          "iqty_const": 0.019571637025659578,
          "markup_MAr_coeffs": [[-0.06595616000939164, -0.1004017893901873],
                                [0.015773853874851966, 0.01646609298883957],
                                [-0.16792138534242843, 0.40529065553594656]],
          "markup_const": 1.0112040757464362,
          "pbr_limit": 0.4078341546548623,
          "pbr_stop_loss": 0.5921658453451377,
          "rprc_MAr_coeffs": [[-0.09908896168115783, 0.040322810506879275],
                              [0.09150857293350693, 0.4847911766528776],
                              [-0.04919450458583269, -0.42116458820252456]],
          "rprc_PBr_coeffs": [[0.15193596055886285, -0.48399378773529467]],
          "rprc_const": 0.9920467596435653,
          "rqty_MAr_coeffs": [[-0.6706778512660547, 0.24760925524866995],
                              [-0.10305324630439447, 0.017508029447924848],
                              [-0.595617041661088, -0.765155973814027]],
          "rqty_const": 0.3165122109038593},
 "max_span": 5688.638141260627,
 "min_span": 1115.5692497375903,
 "n_spans": 3,
 "shrt": {"enabled": false,
          "iprc_MAr_coeffs": [[0.0, 0.0], [0.0, 0.0], [0.0, 0.0]],
          "iprc_const": 0.0,
          "iqty_MAr_coeffs": [[0.0, 0.0], [0.0, 0.0], [0.0, 0.0]],
          "iqty_const": 0.0,
          "markup_MAr_coeffs": [[0.0, 0.0], [0.0, 0.0], [0.0, 0.0]],
          "markup_const": 0.0,
          "pbr_limit": 0.0,
          "pbr_stop_loss": 0.0,
          "rprc_MAr_coeffs": [[0.0, 0.0], [0.0, 0.0], [0.0, 0.0]],
          "rprc_PBr_coeffs": [[0.0, 0.0]],
          "rprc_const": 0.0,
          "rqty_MAr_coeffs": [[0.0, 0.0], [0.0, 0.0], [0.0, 0.0]],
          "rqty_const": 0.0}}