{"config_name": "longonly_binance_compusdt_274days_adg0.593%_bkr50.03%_eqbal62.31%",
 "logging_level": 0,
 "long": {"enabled": true,
          "eprice_exp_base": 1.0877947201814135,
          "eprice_pprice_diff": 0.03517730512833065,
          "grid_span": 0.21388609852317778,
          "initial_qty_pct": 0.03535711531055386,
          "markup_range": 0.007952092436861805,
          "max_n_entry_orders": 13,
          "min_markup": 0.007761711905426426,
          "n_close_orders": 8,
          "pbr_limit": 1.8139763865602956,
          "secondary_pbr_allocation": 0.12559213887821796,
          "secondary_pprice_diff": 0.4144551384004836},
 "shrt": {"enabled": false,
          "eprice_exp_base": 1.618034,
          "eprice_pprice_diff": 0.001,
          "grid_span": 0.03,
          "initial_qty_pct": 0.001,
          "markup_range": 0.004,
          "max_n_entry_orders": 10,
          "min_markup": 0.0005,
          "n_close_orders": 7,
          "pbr_limit": 0.5,
          "secondary_pbr_allocation": 0,
          "secondary_pprice_diff": 0.21}}