{"config_name": "longonly_binance_dogeusdt_283days_adg1.779%_bkr31.42%_eqbal39.09%",
 "logging_level": 0,
 "long": {"enabled": true,
          "eprice_exp_base": 1.0042824888346595,
          "eprice_pprice_diff": 0.03658338534868811,
          "grid_span": 0.21172865968363058,
          "initial_qty_pct": 0.061294392762679326,
          "markup_range": 0.006885232018724414,
          "max_n_entry_orders": 24,
          "min_markup": 0.011516756539386306,
          "n_close_orders": 10,
          "pbr_limit": 1.772377831220501,
          "secondary_pbr_allocation": 0.4340497084402551,
          "secondary_pprice_diff": 0.04430744636096648},
 "shrt": {"enabled": false,
          "eprice_exp_base": 1.618034,
          "eprice_pprice_diff": 0.001,
          "grid_span": 0.03,
          "initial_qty_pct": 0.001,
          "markup_range": 0.004,
          "max_n_entry_orders": 10,
          "min_markup": 0.0005,
          "n_close_orders": 7,
          "pbr_limit": 0.5,
          "secondary_pbr_allocation": 0,
          "secondary_pprice_diff": 0.21}}