{"config_name": "binance_hoteur_113days_adg0.12%_bkr100.00%",
 "logging_level": 0,
 "long": {"enabled": true,
          "iprc_MAr_coeffs": [[-0.292765929503713, 0.3860453876657794],
                              [0.4, 0.15623115457962117],
                              [-0.06579901278967606, -0.4]],
          "iprc_const": 0.9961222512736413,
          "iqty_MAr_coeffs": [[0.2822563671313831, 0.17093661720169506],
                              [-0.278239007641554, -0.06792423305019682],
                              [-0.13496330051745348, -0.3841958260233556]],
          "iqty_const": 0.012337696617035128,
          "markup_MAr_coeffs": [[-0.23965640018550183, 0.025099520801813],
                                [-0.03242068904153785, -0.038736687263099125],
                                [-0.20995087251278508, -0.15034338432856242]],
          "markup_const": 1.0116169243540016,
          "pbr_limit": 0.41639742737553276,
          "pbr_stop_loss": 0.3168317316462684,
          "rprc_MAr_coeffs": [[0.25722304148959757, -0.4],
                              [-0.2741564786131057, 0.3526006204210642],
                              [-0.01288534083953544, 0.18663137082557632]],
          "rprc_PBr_coeffs": [[-0.6040772408055375, -0.4566106386597289]],
          "rprc_const": 0.9969755259865416,
          "rqty_MAr_coeffs": [[-0.3055262269696552, -0.012650090570937396],
                              [0.3853129593040228, -0.09337236063747084],
                              [-0.09005506781583156, 0.021638812832154616]],
          "rqty_const": 0.895464810183831},
 "max_span": 4288.8930545360445,
 "min_span": 1186.2303505487355,
 "n_spans": 3,
 "shrt": {"enabled": false,
          "iprc_MAr_coeffs": [[0.0, 0.0], [0.0, 0.0], [0.0, 0.0]],
          "iprc_const": 0.0,
          "iqty_MAr_coeffs": [[0.0, 0.0], [0.0, 0.0], [0.0, 0.0]],
          "iqty_const": 0.0,
          "markup_MAr_coeffs": [[0.0, 0.0], [0.0, 0.0], [0.0, 0.0]],
          "markup_const": 0.0,
          "pbr_limit": 0.0,
          "pbr_stop_loss": 0.0,
          "rprc_MAr_coeffs": [[0.0, 0.0], [0.0, 0.0], [0.0, 0.0]],
          "rprc_PBr_coeffs": [[0.0, 0.0]],
          "rprc_const": 0.0,
          "rqty_MAr_coeffs": [[0.0, 0.0], [0.0, 0.0], [0.0, 0.0]],
          "rqty_const": 0.0}}