{"config_name": "binance_manausdt_211days_adg1.08%_bkr99.96%",
 "logging_level": 0,
 "long": {"enabled": true,
          "iprc_MAr_coeffs": [[-0.24934502653853313, -0.24653635993143036],
                              [0.430851959157884, 0.4343431939547351],
                              [0.09413106263394254, 0.33282630196531504]],
          "iprc_const": 0.97067345123346,
          "iqty_MAr_coeffs": [[0.45557602960592486, 0.14645795938582018],
                              [0.3906627182606233, -0.220395454658249],
                              [-0.25201965180016656, -0.31868944672043553]],
          "iqty_const": 0.1596303829986117,
          "markup_MAr_coeffs": [[-0.2712227754283597, 0.4510476418909435],
                                [0.219890202290183, 0.05358657135371768],
                                [-0.040228100882764, -0.2960645235521569]],
          "markup_const": 1.011193997151498,
          "pbr_limit": 0.7931894358233782,
          "pbr_stop_loss": 0.20681056417662186,
          "rprc_MAr_coeffs": [[0.028224121962029766, 0.0885626950305705],
                              [0.4276499715448135, -0.25953029627277574],
                              [0.4234171813606388, -0.1204696327569308]],
          "rprc_PBr_coeffs": [[0.44942760459750564, -0.20089449360126008]],
          "rprc_const": 0.9734857802894885,
          "rqty_MAr_coeffs": [[-0.05094337779048772, 0.3107806480832609],
                              [0.4393068194126314, 0.2961312004940078],
                              [0.10261040865563027, 0.00989148996258165]],
          "rqty_const": 0.2726529205507595},
 "max_span": 4980.962895821626,
 "min_span": 1045.4834098544136,
 "n_spans": 3,
 "shrt": {"enabled": false,
          "iprc_MAr_coeffs": [[0.0, 0.0], [0.0, 0.0], [0.0, 0.0]],
          "iprc_const": 0.0,
          "iqty_MAr_coeffs": [[0.0, 0.0], [0.0, 0.0], [0.0, 0.0]],
          "iqty_const": 0.0,
          "markup_MAr_coeffs": [[0.0, 0.0], [0.0, 0.0], [0.0, 0.0]],
          "markup_const": 0.0,
          "pbr_limit": 0.0,
          "pbr_stop_loss": 0.0,
          "rprc_MAr_coeffs": [[0.0, 0.0], [0.0, 0.0], [0.0, 0.0]],
          "rprc_PBr_coeffs": [[0.0, 0.0]],
          "rprc_const": 0.0,
          "rqty_MAr_coeffs": [[0.0, 0.0], [0.0, 0.0], [0.0, 0.0]],
          "rqty_const": 0.0}}