{"config_name": "binance_slpeth_211days_adg0.19%_bkr100.00%",
 "logging_level": 0,
 "long": {"enabled": true,
          "iprc_MAr_coeffs": [[-0.32178488224146656, -0.16278608959898366],
                              [0.27829126211646804, 0.2635809525901242],
                              [0.23428493365898015, 0.3725140548996984]],
          "iprc_const": 0.9773643489397081,
          "iqty_MAr_coeffs": [[0.1795740627350878, -0.3171136916862441],
                              [-0.3641879640092638, 0.4],
                              [-0.4, 0.1608157466948123]],
          "iqty_const": 0.05537751346855067,
          "markup_MAr_coeffs": [[-0.2722050712387939, -0.08253509722908621],
                                [0.20626613191754495, 0.39194385469440585],
                                [0.0012620306203234137, 0.2918149332382552]],
          "markup_const": 1.0202331310542379,
          "pbr_limit": 0.6526657488486407,
          "pbr_stop_loss": 0.34733425115135924,
          "rprc_MAr_coeffs": [[-0.28638866736710206, -0.2229443448954547],
                              [-0.24619372030428968, 0.38114426600538315],
                              [0.03491551806607101, -0.34589680261029104]],
          "rprc_PBr_coeffs": [[-0.23316932025585918, 0.03381188211101024]],
          "rprc_const": 0.9889497954019623,
          "rqty_MAr_coeffs": [[0.20311797474314874, 0.4],
                              [-0.39934317680751924, 0.0016101623289401417],
                              [-0.4, 0.3889854859850031]],
          "rqty_const": 0.7244742975728824},
 "max_span": 5943.079363724413,
 "min_span": 64.99590680115809,
 "n_spans": 3,
 "shrt": {"enabled": false,
          "iprc_MAr_coeffs": [[0.0, 0.0], [0.0, 0.0], [0.0, 0.0]],
          "iprc_const": 0.0,
          "iqty_MAr_coeffs": [[0.0, 0.0], [0.0, 0.0], [0.0, 0.0]],
          "iqty_const": 0.0,
          "markup_MAr_coeffs": [[0.0, 0.0], [0.0, 0.0], [0.0, 0.0]],
          "markup_const": 0.0,
          "pbr_limit": 0.0,
          "pbr_stop_loss": 0.0,
          "rprc_MAr_coeffs": [[0.0, 0.0], [0.0, 0.0], [0.0, 0.0]],
          "rprc_PBr_coeffs": [[0.0, 0.0]],
          "rprc_const": 0.0,
          "rqty_MAr_coeffs": [[0.0, 0.0], [0.0, 0.0], [0.0, 0.0]],
          "rqty_const": 0.0}}