{"config_name": "binance_xmrusdt_30days",
 "logging_level": 0,
 "long": {"enabled": true,
          "iprc_MAr_coeffs": [[-0.06739217384769924, -0.3872996026841213],
                              [0.120402567420269, -0.26871720104284436],
                              [-0.2058765712223683, 0.23376150023555808]],
          "iprc_const": 0.9735425544776943,
          "iqty_MAr_coeffs": [[0.24608164083138562, -0.2664277592715112],
                              [0.3402337117833545, -0.28556735705539094],
                              [-0.3222457355266262, -0.2720968595331624]],
          "iqty_const": 0.3835009594050135,
          "markup_MAr_coeffs": [[0.202128318697246, 0.3228994296221055],
                                [-0.22934196776705598, -0.023273912845751643],
                                [0.052463082738478495, -0.08433734170938212]],
          "markup_const": 1.0144906026276372,
          "pbr_limit": 1.07941908337517,
          "pbr_stop_loss": 0.15447994968271175,
          "rprc_MAr_coeffs": [[-0.004607536509840304, -0.1956357057497372],
                              [-0.024265836450642286, -0.3292622321146816],
                              [0.39452652645855546, 0.16040246025102678]],
          "rprc_PBr_coeffs": [[-0.5053718971658625, -0.243059416649128]],
          "rprc_const": 0.9902193687545515,
          "rqty_MAr_coeffs": [[-0.01108787276125378, 0.364750925640962],
                              [0.08934533038373738, -0.36734307736862787],
                              [-0.16025485603639478, 0.06550817356001437]],
          "rqty_const": 1.7055513425438646},
 "max_span": 9058.808377652724,
 "min_span": 101.21173809195307,
 "n_spans": 3,
 "shrt": {"enabled": true,
          "iprc_MAr_coeffs": [[-0.10373719254962221, -0.0914513326686251],
                              [-0.35916148649251894, -0.23327641937370586],
                              [-0.3636499424506249, 0.34963579278387735]],
          "iprc_const": 1.0285410641438448,
          "iqty_MAr_coeffs": [[-0.03776139389507216, -0.2583447919043266],
                              [0.3009857062323936, 0.3557751618341184],
                              [0.1274362114943235, -0.08945219929059067]],
          "iqty_const": 0.4197530267332081,
          "markup_MAr_coeffs": [[0.23196907424288227, 0.15209495528284944],
                                [-0.36286224688498153, -0.03707850583970218],
                                [0.09363996539483443, -0.09101697176136991]],
          "markup_const": 0.991878206347469,
          "pbr_limit": 1.3434289866887317,
          "pbr_stop_loss": 0.06865848997482638,
          "rprc_MAr_coeffs": [[0.24042664075911746, 0.3059136608003483],
                              [0.31739985932831083, 0.30479179459558947],
                              [-0.2460545729735607, -0.24040178817443858]],
          "rprc_PBr_coeffs": [[0.8857748851822546, 0.9563905220763748]],
          "rprc_const": 1.0134672213994447,
          "rqty_MAr_coeffs": [[0.24327197833938607, -0.2938628574985094],
                              [0.37341127280773334, -0.27687334037879846],
                              [-0.2124924230748338, 0.1312276185768636]],
          "rqty_const": 0.5948659136383248}}