{"config_name": "binance_oceanusdt_211days_adg0.39%_bkr100.00%",
 "logging_level": 0,
 "long": {"enabled": true,
          "iprc_MAr_coeffs": [[-0.26340951336452395, 0.2951172156502531],
                              [0.33582449117394686, -0.08791089005748823],
                              [0.0811514074159172, -0.06759928929211437]],
          "iprc_const": 0.9790404736884644,
          "iqty_MAr_coeffs": [[-0.20524719088292623, 0.2651055371032618],
                              [0.33329318452850165, 0.3194779564279623],
                              [0.2379108278917481, 0.16925574682934874]],
          "iqty_const": 0.047958953770159435,
          "markup_MAr_coeffs": [[-0.27219615145694076, 0.3003811318345349],
                                [-0.20149373754499772, 0.34221342997519644],
                                [-0.05286976915256889, 0.10001172999064652]],
          "markup_const": 1.0039931726937519,
          "pbr_limit": 0.9100119626759111,
          "pbr_stop_loss": 0.034384419139282814,
          "rprc_MAr_coeffs": [[-0.3476788754754768, -0.14822593172225632],
                              [0.1817792533205093, 0.030052967664204254],
                              [0.16638483379532443, 0.3928257748195899]],
          "rprc_PBr_coeffs": [[0.03490738583120682, -0.5735720832588941]],
          "rprc_const": 0.9808706784785258,
          "rqty_MAr_coeffs": [[0.4, -0.292136771915513],
                              [-0.21924557599879993, 0.33414021695082374],
                              [-0.3236506064319701, 0.2265227511677809]],
          "rqty_const": 1.6351927691763264},
 "max_span": 3752.8362728156403,
 "min_span": 195.76341855248836,
 "n_spans": 3,
 "shrt": {"enabled": false,
          "iprc_MAr_coeffs": [[-0.31527993874929977, 0.22452629604375485],
                              [-0.1645429946643283, -0.285393687739644],
                              [0.15066754327324516, -0.34398797192438263]],
          "iprc_const": 1.023152690423412,
          "iqty_MAr_coeffs": [[-0.38125396766072, -0.2264683046235702],
                              [0.20463457801427978, -0.22935677084581166],
                              [0.31385396709543667, 0.36740596138980425]],
          "iqty_const": 0.2168828376655523,
          "markup_MAr_coeffs": [[-0.09856300478123428, -0.4],
                                [-0.4, 0.36417106278528344],
                                [0.009176804377901903, 0.3232459422908209]],
          "markup_const": 0.9927389442430601,
          "pbr_limit": 0.3795666878633753,
          "pbr_stop_loss": 0.21172315764779165,
          "rprc_MAr_coeffs": [[-0.3426402139151721, 0.05588212847855938],
                              [0.10323998959118691, -0.06860475609894351],
                              [0.11185007952510352, -0.24950015038198717]],
          "rprc_PBr_coeffs": [[0.9427160095382897, 0.7115797148470925]],
          "rprc_const": 1.0261455757306845,
          "rqty_MAr_coeffs": [[-0.2072929941997577, 0.17622375582643082],
                              [0.33913309095463384, -0.020389724959332667],
                              [-0.31821943307034073, -0.13709735997164862]],
          "rqty_const": 1.064668725713755}}