{"config_name": "binance_xmrusdt_30days_adg-1.98%_bkr100.00%",
 "logging_level": 0,
 "long": {"enabled": true,
          "iprc_MAr_coeffs": [[-0.33943982907925535, -0.029764143525749798],
                              [-0.3931231689210445, -0.383874051441748],
                              [-0.18499781672217477, -0.19236425030775078]],
          "iprc_const": 1.0092626061583219,
          "iqty_MAr_coeffs": [[-0.34286651714751193, 0.10711402212060261],
                              [0.3650968168313018, 0.020498504580620858],
                              [0.13410788812728058, -0.12441158959073517]],
          "iqty_const": 0.06832942077247216,
          "markup_MAr_coeffs": [[0.3909911784291866, 0.07825783590428781],
                                [0.34028544460223675, 0.32404566245130395],
                                [0.11057674162540676, -0.12116642242785053]],
          "markup_const": 1.0120576454661172,
          "pbr_limit": 0.49094453458451404,
          "pbr_stop_loss": -0.02079186297204684,
          "rprc_MAr_coeffs": [[-0.14887494524073935, 0.02595453487612004],
                              [0.024990517481754904, 0.24527943044492673],
                              [0.37876954836285115, -0.19082488864977823]],
          "rprc_PBr_coeffs": [[-0.1466361241822305, -0.10321377515421604]],
          "rprc_const": 0.9769739913406584,
          "rqty_MAr_coeffs": [[-0.22292371260083482, 0.2254367789437548],
                              [0.10901250958461994, -0.3651302813261835],
                              [-0.32627300501219736, 0.09327958222494337]],
          "rqty_const": 0.9194426562426563},
 "max_span": 1396.1434606714843,
 "min_span": 44.622742422637,
 "n_spans": 3,
 "shrt": {"enabled": true,
          "iprc_MAr_coeffs": [[-0.2404811425538881, -0.23666216251778316],
                              [0.1875229872886507, 0.008707092609871403],
                              [-0.027820639570283467, 0.3874067578195072]],
          "iprc_const": 1.0190791744010923,
          "iqty_MAr_coeffs": [[0.08286116247458564, -0.27350835815277],
                              [-0.05475995435141118, 0.28630634108366615],
                              [0.05392368846799689, -0.10027060016347539]],
          "iqty_const": 0.33223012102314586,
          "markup_MAr_coeffs": [[-0.2100167226411422, 0.2205647302559709],
                                [-0.2494780364655118, 0.1344212274165647],
                                [-0.2591788301407558, -0.3177250654363626]],
          "markup_const": 0.9964591253626809,
          "pbr_limit": 0.2623161283014071,
          "pbr_stop_loss": -0.09539635766466824,
          "rprc_MAr_coeffs": [[-0.2829962259904343, 0.26849659893151256],
                              [0.046057285695958794, 0.07050320994250914],
                              [-0.3554016201470003, -0.27281175749195086]],
          "rprc_PBr_coeffs": [[0.43474156117119167, 0.5967553991488876]],
          "rprc_const": 1.0206872537440825,
          "rqty_MAr_coeffs": [[0.10702665172929748, 0.014229155180408015],
                              [-0.016756901966372972, -0.38214853958996975],
                              [0.04110071463731774, -0.2463033404440953]],
          "rqty_const": 0.08275889483190246}}