{"config_name": "scalp_longonly_binance_sushiusdt_248days_adg0.00%_bkr5.75%",
 "logging_level": 0,
 "long": {"enabled": true,
          "markup_range": 0.009340807839547953,
          "min_markup": 0.0043068773589259885,
          "n_close_orders": 10,
          "primary_ddown_factor": 2.1987026733067294,
          "primary_grid_spacing": 0.01533550889419177,
          "primary_grid_spacing_pbr_weighting": [0.0012958286785090764,
                                                 0.020116201072094362],
          "primary_initial_qty_pct": 0.051026198087834825,
          "primary_pbr_limit": 1.2233412383205788,
          "secondary_ddown_factor": 1.0054930950282495,
          "secondary_grid_spacing": 0.37385137879869573,
          "secondary_pbr_limit_added": 0.5282740510640496},
 "shrt": {"enabled": false,
          "markup_range": 0.004,
          "min_markup": 0.0005,
          "n_close_orders": 10,
          "primary_ddown_factor": 0.3,
          "primary_grid_spacing": 0.001,
          "primary_grid_spacing_pbr_weighting": [0, 0],
          "primary_initial_qty_pct": 0.001,
          "primary_pbr_limit": 0.3,
          "secondary_ddown_factor": 0.3,
          "secondary_grid_spacing": 0.09,
          "secondary_pbr_limit_added": 0.3}}