{"config_name": "scalp_longonly_binance_trxusdt_248days_adg0.00%_bkr5.51%",
 "logging_level": 0,
 "long": {"enabled": true,
          "markup_range": 0.00807979983925664,
          "min_markup": 0.003195209032380491,
          "n_close_orders": 10,
          "primary_ddown_factor": 1.7242678429574596,
          "primary_grid_spacing": 0.011320179587401414,
          "primary_grid_spacing_pbr_weighting": [0.04072074115286362,
                                                 0.009274061318821662],
          "primary_initial_qty_pct": 0.1266625660583857,
          "primary_pbr_limit": 1.231442705294172,
          "secondary_ddown_factor": 2.0306792235391162,
          "secondary_grid_spacing": 0.1197871389335477,
          "secondary_pbr_limit_added": 0.6396846899048007},
 "shrt": {"enabled": false,
          "markup_range": 0.004,
          "min_markup": 0.0005,
          "n_close_orders": 10,
          "primary_ddown_factor": 0.3,
          "primary_grid_spacing": 0.001,
          "primary_grid_spacing_pbr_weighting": [0, 0],
          "primary_initial_qty_pct": 0.001,
          "primary_pbr_limit": 0.3,
          "secondary_ddown_factor": 0.3,
          "secondary_grid_spacing": 0.09,
          "secondary_pbr_limit_added": 0.3}}