{"config_name": "scalp_longonly_binance_xecbusd_31days_adg1.91%_bkr98.96%",
 "logging_level": 0,
 "long": {"enabled": true,
          "markup_range": 0.0073586137296576554,
          "min_markup": 0.0045697004801586736,
          "n_close_orders": 10,
          "primary_ddown_factor": 0.7505208720751544,
          "primary_grid_spacing": 0.019777668957142634,
          "primary_grid_spacing_pbr_weighting": [0.026193744673141544,
                                                 0.08200494443114399],
          "primary_initial_qty_pct": 0.09437604302143511,
          "primary_pbr_limit": 0.34387362,
          "secondary_ddown_factor": 2.9502183450628383,
          "secondary_grid_spacing": 0.15685992662887616,
          "secondary_pbr_limit_added": 0.65612638},
 "shrt": {"enabled": false,
          "markup_range": 0.004,
          "min_markup": 0.0005,
          "n_close_orders": 10,
          "primary_ddown_factor": 0.3,
          "primary_grid_spacing": 0.001,
          "primary_grid_spacing_pbr_weighting": [0, 0],
          "primary_initial_qty_pct": 0.001,
          "primary_pbr_limit": 0.3,
          "secondary_ddown_factor": 0.3,
          "secondary_grid_spacing": 0.09,
          "secondary_pbr_limit_added": 0.3}}