{"config_name": "binance_compusdt_211days_adg0.59%_bkr99.94%",
 "logging_level": 0,
 "long": {"enabled": true,
          "iprc_MAr_coeffs": [[-0.24680605162943503, 0.056814878943435225],
                              [-0.31549918685139255, 0.02598479515397481],
                              [0.17959282572781352, 0.13580114242138755]],
          "iprc_const": 0.9928351722780554,
          "iqty_MAr_coeffs": [[0.2937602147928107, -0.3255081816578221],
                              [0.3495233628190436, -0.24889587740203137],
                              [0.3787859040850963, -0.07054774530658844]],
          "iqty_const": 0.028867590427887318,
          "markup_MAr_coeffs": [[-0.0679111022819425, 0.0853797937257299],
                                [-0.37835241774063755, -0.07022939345840135],
                                [0.20312958705650722, 0.3667628385227893]],
          "markup_const": 1.015103801628973,
          "pbr_limit": 0.5481160569663993,
          "pbr_stop_loss": 0.4518839430336007,
          "rprc_MAr_coeffs": [[0.24655106293957327, 0.3562869693502394],
                              [-0.21362722204080822, 0.3300834024616322],
                              [0.019159785417571445, -0.19337486293284506]],
          "rprc_PBr_coeffs": [[-0.07924430566494169, -0.13082360490661135]],
          "rprc_const": 0.9916025711486666,
          "rqty_MAr_coeffs": [[0.17221435066884166, 0.4],
                              [-0.25957459359779306, -0.026525384269441864],
                              [0.11988877689115754, 0.3469462508498361]],
          "rqty_const": 1.5540173123485845},
 "max_span": 3967.433161097149,
 "min_span": 1384.3919414888803,
 "n_spans": 3,
 "shrt": {"enabled": false,
          "iprc_MAr_coeffs": [[-0.2172101115402551, -0.26146049444147185],
                              [-0.214249910339099, 0.2568939731622243],
                              [-0.03438718001196156, 0.2662631263710208]],
          "iprc_const": 1.0024930796965494,
          "iqty_MAr_coeffs": [[-0.2622583350209689, 0.11861845655667456],
                              [0.10141230127591394, -0.2391767140434052],
                              [-0.27896239542305373, 0.16971808633158586]],
          "iqty_const": 0.23947015167506397,
          "markup_MAr_coeffs": [[-0.04903709589315737, 0.29607774084510435],
                                [-0.20428077657761665, -0.2222766359022485],
                                [-0.3976944711612328, -0.23232768878623203]],
          "markup_const": 0.9708102352968712,
          "pbr_limit": 0.3395599647650914,
          "pbr_stop_loss": 0.7956296589866547,
          "rprc_MAr_coeffs": [[0.25188472723851363, 0.1190592319317959],
                              [-0.04733926716018176, 0.1414659933709891],
                              [-0.36816512308120847, 0.03446002771710199]],
          "rprc_PBr_coeffs": [[0.29521087465657325, 0.6541273821470447]],
          "rprc_const": 1.0227250900448368,
          "rqty_MAr_coeffs": [[-0.16417235333422714, 0.09732439337444132],
                              [-0.3523734423691863, -0.32260252906916564],
                              [0.13289007212555942, -0.2890941871493624]],
          "rqty_const": 1.5319352404333753}}