{"config_name": "scalp_longonly_binance_renusdt_234days_adg1.04%_bkr37.56%",
 "logging_level": 0,
 "long": {"enabled": true,
          "markup_range": 0.00952581386574968,
          "min_markup": 0.003630059393696166,
          "n_close_orders": 10,
          "primary_ddown_factor": 2.629468952879928,
          "primary_grid_spacing": 0.02119761716918519,
          "primary_grid_spacing_pbr_weighting": [0.019107232060373073,
                                                 0.06643596202068855],
          "primary_initial_qty_pct": 0.018440353966267108,
          "primary_pbr_limit": 1.144183099361069,
          "secondary_ddown_factor": 1.100677349879444,
          "secondary_grid_spacing": 0.281491972950605,
          "secondary_pbr_limit_added": 0.5191720567342704},
 "shrt": {"enabled": false,
          "markup_range": 0.004,
          "min_markup": 0.0005,
          "n_close_orders": 10,
          "primary_ddown_factor": 0.3,
          "primary_grid_spacing": 0.001,
          "primary_grid_spacing_pbr_weighting": [0, 0],
          "primary_initial_qty_pct": 0.001,
          "primary_pbr_limit": 0.3,
          "secondary_ddown_factor": 0.3,
          "secondary_grid_spacing": 0.09,
          "secondary_pbr_limit_added": 0.3}}