{"config_name": "scalp_longonly_binance_maskusdt_104days_adg0.32%_bkr99.39%",
 "logging_level": 0,
 "long": {"enabled": true,
          "markup_range": 0.008863280677605433,
          "min_markup": 0.004740073666963757,
          "n_close_orders": 10,
          "primary_ddown_factor": 0.8040472446943614,
          "primary_grid_spacing": 0.020131507839982552,
          "primary_grid_spacing_pbr_weighting": [0.00019074538616360433,
                                                 0.002960055869147461],
          "primary_initial_qty_pct": 0.02529912846281219,
          "primary_pbr_limit": 0.71550005,
          "secondary_ddown_factor": 1.4566636495524803,
          "secondary_grid_spacing": 0.23759752747491214,
          "secondary_pbr_limit_added": 0.28449995},
 "shrt": {"enabled": false,
          "markup_range": 0.004,
          "min_markup": 0.0005,
          "n_close_orders": 10,
          "primary_ddown_factor": 0.3,
          "primary_grid_spacing": 0.001,
          "primary_grid_spacing_pbr_weighting": [0, 0],
          "primary_initial_qty_pct": 0.001,
          "primary_pbr_limit": 0.3,
          "secondary_ddown_factor": 0.3,
          "secondary_grid_spacing": 0.09,
          "secondary_pbr_limit_added": 0.3}}