{"config_name": "binance_avaxusdt_211days_adg0.55%_bkr100.00%",
 "logging_level": 0,
 "long": {"enabled": true,
          "iprc_MAr_coeffs": [[-0.24701764834519077, 0.2284616592915597],
                              [-0.1721593442637637, 0.34844110800725886],
                              [0.3405736625071048, 0.09632268278632423]],
          "iprc_const": 0.9965242400276534,
          "iqty_MAr_coeffs": [[-0.30091181800178113, 0.2625461433702188],
                              [0.32485407037336544, -0.3527600999816368],
                              [0.1908679648361559, 0.3222927068478521]],
          "iqty_const": 0.012144627113014062,
          "markup_MAr_coeffs": [[-0.3507013181272893, -0.36412485795406174],
                                [0.2381447886542954, -0.30370154309664454],
                                [-0.2534366870210563, 0.1633040893756511]],
          "markup_const": 1.0245413533900816,
          "pbr_limit": 0.8820294188676869,
          "pbr_stop_loss": 0.03914886097380281,
          "rprc_MAr_coeffs": [[0.18605587356165582, 0.015472419312246721],
                              [0.13871424282325695, 0.33590248320952326],
                              [0.2095703925237383, -0.01793552462165401]],
          "rprc_PBr_coeffs": [[-0.20413326162160522, -0.054484905520169345]],
          "rprc_const": 0.9718010029944734,
          "rqty_MAr_coeffs": [[0.2820522759555012, -0.0016670766155246436],
                              [-0.20798713312703015, 0.24449427276633753],
                              [0.23547392773804163, 0.012400220161718926]],
          "rqty_const": 1.3222810066236337},
 "max_span": 3850.9470992841925,
 "min_span": 1429.5704221355022,
 "n_spans": 3,
 "shrt": {"enabled": false,
          "iprc_MAr_coeffs": [[0.05614413296756742, 0.08549538739329812],
                              [-0.22711471910896244, -0.2986602249270423],
                              [0.3985713438252414, 0.15478925174316518]],
          "iprc_const": 1.0023019410099498,
          "iqty_MAr_coeffs": [[0.11622761257685241, 0.19002328237080127],
                              [0.31598427245694816, 0.3879398278068962],
                              [-0.02295389192855076, -0.23066484679635008]],
          "iqty_const": 0.3600241300950694,
          "markup_MAr_coeffs": [[-0.1397060459636678, 0.17782226283427835],
                                [-0.3469253389100493, -0.3150848531009029],
                                [-0.3007334682222788, 0.08978705032730006]],
          "markup_const": 0.9770504208165031,
          "pbr_limit": 0.02251746499038306,
          "pbr_stop_loss": 0.2998719585182952,
          "rprc_MAr_coeffs": [[-0.020981932044538656, -0.25166346350783525],
                              [-0.23291310417789132, 0.14412946017995698],
                              [-0.1658407252784935, 0.3444201311626282]],
          "rprc_PBr_coeffs": [[0.3618203564108733, 0.28557165850103533]],
          "rprc_const": 1.025837141539727,
          "rqty_MAr_coeffs": [[-0.385135400354419, -0.05422385449614023],
                              [0.04414893250678874, -0.20500495937693008],
                              [-0.2514909034827061, 0.19112563012903452]],
          "rqty_const": 1.2096039255106485}}