{"config_name": "binance_chzusdt_211days_adg0.47%_bkr99.93%",
 "logging_level": 0,
 "long": {"enabled": true,
          "iprc_MAr_coeffs": [[-0.23985518841141787, 0.3234681724418123],
                              [-0.6045725766358477, -0.20950516842428007],
                              [0.4268284716109604, -0.45963070380132987]],
          "iprc_const": 0.9825036644992141,
          "iqty_MAr_coeffs": [[0.5122355062904688, -0.18988166355813152],
                              [0.5682385280619299, 0.3701752558029168],
                              [0.42186663168166316, -0.7109307933865969]],
          "iqty_const": 0.03502324226889807,
          "markup_MAr_coeffs": [[0.43710915901342057, 0.261452239545104],
                                [-0.8788531538565246, 0.0739373160580649],
                                [0.1103109204106671, -0.7199402002299641]],
          "markup_const": 1.0266917175959032,
          "pbr_limit": 0.023158438480834542,
          "pbr_stop_loss": 0.9768415615191655,
          "rprc_MAr_coeffs": [[0.8780227974891128, 0.06238265540188185],
                              [-0.4011134516333478, 0.8765892986205172],
                              [0.12556352574659269, 0.08018382912334653]],
          "rprc_PBr_coeffs": [[0.6438328273993249, -0.023706454013745975]],
          "rprc_const": 0.9726991023860987,
          "rqty_MAr_coeffs": [[-0.4963521489055861, 0.0547717714952086],
                              [-0.7806440648137956, -0.6807435140294159],
                              [-0.12217640699839179, 0.6425982532431708]],
          "rqty_const": 1.139085335148385},
 "max_span": 9534.398649358529,
 "min_span": 963.807222676158,
 "n_spans": 3,
 "shrt": {"enabled": false,
          "iprc_MAr_coeffs": [[0.0, 0.0], [0.0, 0.0], [0.0, 0.0]],
          "iprc_const": 0.0,
          "iqty_MAr_coeffs": [[0.0, 0.0], [0.0, 0.0], [0.0, 0.0]],
          "iqty_const": 0.0,
          "markup_MAr_coeffs": [[0.0, 0.0], [0.0, 0.0], [0.0, 0.0]],
          "markup_const": 0.0,
          "pbr_limit": 0.0,
          "pbr_stop_loss": 0.0,
          "rprc_MAr_coeffs": [[0.0, 0.0], [0.0, 0.0], [0.0, 0.0]],
          "rprc_PBr_coeffs": [[0.0, 0.0]],
          "rprc_const": 0.0,
          "rqty_MAr_coeffs": [[0.0, 0.0], [0.0, 0.0], [0.0, 0.0]],
          "rqty_const": 0.0}}