{"config_name": "binance_bakeusdt_91days_adg1.00%_bkr100.00%",
 "logging_level": 0,
 "long": {"enabled": true,
          "iprc_MAr_coeffs": [[-0.021285217751011835, 0.27545560740694797],
                              [0.13886866593018096, -0.06460314661193985],
                              [0.10371564205696564, -0.029765379791444502]],
          "iprc_const": 0.9764345034021388,
          "iqty_MAr_coeffs": [[0.4, 0.16933871772217676],
                              [-0.3073210582228645, -0.026708093984274702],
                              [0.4, 0.13199686536916594]],
          "iqty_const": 0.03728706191733183,
          "markup_MAr_coeffs": [[-0.23331471240864182, 0.373591495615296],
                                [0.3881858872014445, 0.34791844930518706],
                                [-0.27863009235190267, 0.2638663826200241]],
          "markup_const": 1.024770866112696,
          "pbr_limit": 0.08641540474279885,
          "pbr_stop_loss": 0.9135845952572011,
          "rprc_MAr_coeffs": [[-0.166935159610134, -0.10468429163568352],
                              [0.31394935006217517, 0.2403949130081495],
                              [-0.04026778806148713, -0.169289828313316]],
          "rprc_PBr_coeffs": [[-0.03993996533049157, -0.08797823322643233]],
          "rprc_const": 0.97,
          "rqty_MAr_coeffs": [[0.4, 0.4],
                              [0.04688510016035571, 0.28967772687122295],
                              [-0.4, -0.4]],
          "rqty_const": 0.23785894448772016},
 "max_span": 8680.459978660285,
 "min_span": 1319.5799056986355,
 "n_spans": 3,
 "shrt": {"enabled": false,
          "iprc_MAr_coeffs": [[0.35096076762748535, -0.04932609873622709],
                              [-0.06426422206436555, -0.1288305391531958],
                              [0.1281968718448695, 0.4]],
          "iprc_const": 0.9915084159718252,
          "iqty_MAr_coeffs": [[0.1655400985600072, 0.0626605540041748],
                              [0.04484391892775586, 0.3161313843849522],
                              [-0.11110320762648071, 0.016119349530962224]],
          "iqty_const": 0.39289653886653536,
          "markup_MAr_coeffs": [[0.1753734108755285, -0.4],
                                [0.013874063844412763, 0.040868079541926505],
                                [-0.14962201827814162, -0.2085636221593115]],
          "markup_const": 0.9725587338328499,
          "pbr_limit": 0.21142090254945844,
          "pbr_stop_loss": 0.11937983553618282,
          "rprc_MAr_coeffs": [[0.34479484647789105, 0.3152885513671807],
                              [0.26937814431623663, -0.002120802265086796],
                              [0.06646378591977177, -0.049263110690455365]],
          "rprc_PBr_coeffs": [[-0.1, 0.8603485108521963]],
          "rprc_const": 1.03,
          "rqty_MAr_coeffs": [[0.12653486435693007, -0.25287929128146075],
                              [-0.1214541523871155, -0.3447755370788672],
                              [0.0862107886110073, -0.005952605323304467]],
          "rqty_const": 1.5201956804632193}}