{"config_name": "binance_enjusdt_211days_adg0.56%_bkr100.00%",
 "logging_level": 0,
 "long": {"enabled": true,
          "iprc_MAr_coeffs": [[0.31284497275590867, -0.24417263876389841],
                              [0.1633630571360927, -0.35275542103533947],
                              [-0.23800622508843122, -0.24431880944263412]],
          "iprc_const": 0.9983709062553908,
          "iqty_MAr_coeffs": [[-0.5, -0.07266282338799643],
                              [-0.14451025580423751, -0.3687003672124413],
                              [0.15697707481237236, -0.3738810624536142]],
          "iqty_const": 0.01863767424840959,
          "markup_MAr_coeffs": [[-0.1400328778637631, 0.46972512030930785],
                                [0.13625332589954367, 0.11409185238298006],
                                [0.24034183831042924, 0.3873654221226986]],
          "markup_const": 1.025486452895691,
          "pbr_limit": 0.7426513836209687,
          "pbr_stop_loss": 0.2573486163790312,
          "rprc_MAr_coeffs": [[-0.3468605465872033, -0.004710458233008823],
                              [-0.39819504693320545, 0.22804976080238906],
                              [-0.23787663526964833, 0.05007368152578876]],
          "rprc_PBr_coeffs": [[-0.7734439656892086, -0.7711017121882769]],
          "rprc_const": 0.9714392239157676,
          "rqty_MAr_coeffs": [[-0.15768624105440407, -0.18356853110303015],
                              [0.07891743367367647, 0.41581757672571606],
                              [0.12690213258275465, 0.5]],
          "rqty_const": 1.977473455725956},
 "max_span": 951.5078940283156,
 "min_span": 735.2189748993408,
 "n_spans": 3,
 "shrt": {"enabled": false,
          "iprc_MAr_coeffs": [[0.0, 0.0], [0.0, 0.0], [0.0, 0.0]],
          "iprc_const": 0.0,
          "iqty_MAr_coeffs": [[0.0, 0.0], [0.0, 0.0], [0.0, 0.0]],
          "iqty_const": 0.0,
          "markup_MAr_coeffs": [[0.0, 0.0], [0.0, 0.0], [0.0, 0.0]],
          "markup_const": 0.0,
          "pbr_limit": 0.0,
          "pbr_stop_loss": 0.0,
          "rprc_MAr_coeffs": [[0.0, 0.0], [0.0, 0.0], [0.0, 0.0]],
          "rprc_PBr_coeffs": [[0.0, 0.0]],
          "rprc_const": 0.0,
          "rqty_MAr_coeffs": [[0.0, 0.0], [0.0, 0.0], [0.0, 0.0]],
          "rqty_const": 0.0}}