{"config_name": "binance_uniusdt_211days_adg0.32%_bkr100.00%",
 "logging_level": 0,
 "long": {"enabled": true,
          "iprc_MAr_coeffs": [[-0.3120980375901988, -0.3029660012639064],
                              [0.1727792543405402, -0.3575016115371537],
                              [0.3777805082967578, -0.1655961026968251]],
          "iprc_const": 1.0064641270551615,
          "iqty_MAr_coeffs": [[-0.23486837964728802, 0.08029141162914338],
                              [-0.1155104091846979, -0.35865132781349246],
                              [-0.04702344637252874, -0.09139376088855868]],
          "iqty_const": 0.03494838711466627,
          "markup_MAr_coeffs": [[-0.06465309211620136, -0.4],
                                [0.3767840989516939, 0.3269990654527989],
                                [0.10687622294125658, 0.3431499943223705]],
          "markup_const": 1.021085150705407,
          "pbr_limit": 0.9423047916325449,
          "pbr_stop_loss": 0.04123799436021237,
          "rprc_MAr_coeffs": [[0.2744986126021779, 0.08387960882294968],
                              [-0.25284608442311235, 0.30791200422862625],
                              [0.05821098809292544, -0.25044927498064995]],
          "rprc_PBr_coeffs": [[-0.5585224792822254, 0.08323845065988016]],
          "rprc_const": 0.9753533014148617,
          "rqty_MAr_coeffs": [[-0.10250964259510628, -0.1322893621259103],
                              [-0.29417702581223454, 0.265426412859471],
                              [0.3811291464763902, -0.22188023039378657]],
          "rqty_const": 0.4269601459629562},
 "max_span": 248.02202661671888,
 "min_span": 1354.2816694507042,
 "n_spans": 3,
 "shrt": {"enabled": false,
          "iprc_MAr_coeffs": [[0.09878174395424222, 0.11547661392173318],
                              [-0.3289401672487984, -0.38320152626727194],
                              [0.21077741744430809, -0.048573328958817205]],
          "iprc_const": 0.9946649386846453,
          "iqty_MAr_coeffs": [[-0.05921574662860574, 0.32437335713447335],
                              [0.20213320814836772, 0.21472817255235344],
                              [0.13480527766989808, -0.14455588410597542]],
          "iqty_const": 0.1997235602920531,
          "markup_MAr_coeffs": [[-0.34037381491077384, 0.10635447250822595],
                                [0.1409280135242011, 0.35911692992457017],
                                [-0.3157018009063801, -0.325072041449112]],
          "markup_const": 0.978013792639384,
          "pbr_limit": 0.37473951657493293,
          "pbr_stop_loss": 0.8443094222406754,
          "rprc_MAr_coeffs": [[-0.23487488997710296, 0.17737759118639304],
                              [-0.22095087126404522, 0.2718004040223428],
                              [0.28590472229630626, 0.037128842100604714]],
          "rprc_PBr_coeffs": [[0.24666206773269983, 0.05170833871546712]],
          "rprc_const": 1.0235753417049647,
          "rqty_MAr_coeffs": [[0.22616155465792806, -0.19367539591057048],
                              [0.07435844007301523, -0.1165150585055196],
                              [0.27877108679223844, -0.3128061067998072]],
          "rqty_const": 0.3189965324414093}}