{"config_name": "binance_uniusdt_211days_adg1.08%_bkr99.93%",
 "logging_level": 0,
 "long": {"enabled": true,
          "iprc_MAr_coeffs": [[-0.5988800294161253, -0.4178123226407941],
                              [0.608813612707029, 0.5020194383060724],
                              [-0.1594149762948074, 0.5806470036106975]],
          "iprc_const": 0.9706928187291795,
          "iqty_MAr_coeffs": [[0.39931849973126926, 0.02058572640701801],
                              [-0.6178090126458446, 0.7721641275413409],
                              [0.19378196597150812, 0.5531419600192603]],
          "iqty_const": 0.04212299729017444,
          "markup_MAr_coeffs": [[-0.7774510562203413, -0.03539742088379158],
                                [-0.04553667626041553, 0.8345420415461824],
                                [-0.38518966331405735, 0.8345522870814449]],
          "markup_const": 1.020954240797546,
          "pbr_limit": 0.21782153050705433,
          "pbr_stop_loss": 0.7821784694929457,
          "rprc_MAr_coeffs": [[0.32285245899342196, 0.15893786125234388],
                              [-0.49062772075626093, 0.5164337744238067],
                              [0.8488966255816677, -0.28321676712756644]],
          "rprc_PBr_coeffs": [[0.5424679437883805, -0.2520964795724231]],
          "rprc_const": 0.9721384571749982,
          "rqty_MAr_coeffs": [[-0.3882781372484616, 0.24520067520241495],
                              [-0.1118886678327658, -0.117788257558465],
                              [-0.05622388769561915, 0.23650849082799857]],
          "rqty_const": 2.0},
 "max_span": 4236.970597431189,
 "min_span": 579.5255869402203,
 "n_spans": 3,
 "shrt": {"enabled": false,
          "iprc_MAr_coeffs": [[0.0, 0.0], [0.0, 0.0], [0.0, 0.0]],
          "iprc_const": 0.0,
          "iqty_MAr_coeffs": [[0.0, 0.0], [0.0, 0.0], [0.0, 0.0]],
          "iqty_const": 0.0,
          "markup_MAr_coeffs": [[0.0, 0.0], [0.0, 0.0], [0.0, 0.0]],
          "markup_const": 0.0,
          "pbr_limit": 0.0,
          "pbr_stop_loss": 0.0,
          "rprc_MAr_coeffs": [[0.0, 0.0], [0.0, 0.0], [0.0, 0.0]],
          "rprc_PBr_coeffs": [[0.0, 0.0]],
          "rprc_const": 0.0,
          "rqty_MAr_coeffs": [[0.0, 0.0], [0.0, 0.0], [0.0, 0.0]],
          "rqty_const": 0.0}}