{"config_name": "longonly_binance_sushiusdt_274days_adg0.530%_bkr54.60%_eqbal43.92%",
 "logging_level": 0,
 "long": {"enabled": true,
          "eprice_exp_base": 1.5535551791517022,
          "eprice_pprice_diff": 0.020258299722085194,
          "grid_span": 0.27380123688194896,
          "initial_qty_pct": 0.020777837212458763,
          "markup_range": 0.02,
          "max_n_entry_orders": 26,
          "min_markup": 0.008996643843072763,
          "n_close_orders": 8,
          "pbr_limit": 1.3074328081356963,
          "secondary_pbr_allocation": 0.08916305988412959,
          "secondary_pprice_diff": 0.09341055453300648},
 "shrt": {"enabled": false,
          "eprice_exp_base": 1.618034,
          "eprice_pprice_diff": 0.001,
          "grid_span": 0.03,
          "initial_qty_pct": 0.001,
          "markup_range": 0.004,
          "max_n_entry_orders": 10,
          "min_markup": 0.0005,
          "n_close_orders": 7,
          "pbr_limit": 0.5,
          "secondary_pbr_allocation": 0,
          "secondary_pprice_diff": 0.21}}