{"config_name": "binance_axsusdt_211days_adg1.36%_bkr100.00%",
 "logging_level": 0,
 "long": {"enabled": true,
          "iprc_MAr_coeffs": [[-0.2529481803555919, 0.10136113436174819],
                              [0.5809408371474262, 0.7506248937790534],
                              [0.7596240106065523, -0.5213359818870806]],
          "iprc_const": 0.987832538666242,
          "iqty_MAr_coeffs": [[0.20834854873765296, 0.5956956810156406],
                              [0.3914897946763587, -0.6323348990360407],
                              [0.6814736417181947, -0.5303912080156473]],
          "iqty_const": 0.41617858541015595,
          "markup_MAr_coeffs": [[0.33344699554814605, 0.6752881234041702],
                                [0.45342573634658934, 0.16805702702598496],
                                [-0.176832988067655, 0.5382778357465569]],
          "markup_const": 1.0250575985431465,
          "pbr_limit": 0.6200403096620336,
          "pbr_stop_loss": 0.3303841437678327,
          "rprc_MAr_coeffs": [[-0.6719091037228376, 0.3267613808097482],
                              [-0.42911505709076675, -0.3322763514761709],
                              [0.014454918814016402, 0.17391767374958472]],
          "rprc_PBr_coeffs": [[-0.21039519498453105, -0.19438862113409608]],
          "rprc_const": 0.9844308091046375,
          "rqty_MAr_coeffs": [[0.40184102321981996, -0.05573000825146395],
                              [-0.8122830437548302, 0.3606466528221184],
                              [0.058600773430672895, 0.22443612880526656]],
          "rqty_const": 0.15793156375854256},
 "max_span": 4880.340070071074,
 "min_span": 1011.2405223993208,
 "n_spans": 3,
 "shrt": {"enabled": false,
          "iprc_MAr_coeffs": [[0.0, 0.0], [0.0, 0.0], [0.0, 0.0]],
          "iprc_const": 0.0,
          "iqty_MAr_coeffs": [[0.0, 0.0], [0.0, 0.0], [0.0, 0.0]],
          "iqty_const": 0.0,
          "markup_MAr_coeffs": [[0.0, 0.0], [0.0, 0.0], [0.0, 0.0]],
          "markup_const": 0.0,
          "pbr_limit": 0.0,
          "pbr_stop_loss": 0.0,
          "rprc_MAr_coeffs": [[0.0, 0.0], [0.0, 0.0], [0.0, 0.0]],
          "rprc_PBr_coeffs": [[0.0, 0.0]],
          "rprc_const": 0.0,
          "rqty_MAr_coeffs": [[0.0, 0.0], [0.0, 0.0], [0.0, 0.0]],
          "rqty_const": 0.0}}