{"config_name": "binance_hbarusdt_211days_adg1.34%_bkr99.94%",
 "logging_level": 0,
 "long": {"enabled": true,
          "iprc_MAr_coeffs": [[-0.7079406947528057, 0.16050449024789631],
                              [-0.2904625266901217, 0.4140576637308398],
                              [0.2778553524572937, -0.3612369314549941]],
          "iprc_const": 0.9935722440731383,
          "iqty_MAr_coeffs": [[0.40647684233033055, 0.7160581653043426],
                              [0.13126912128789317, 0.9],
                              [0.22052985859410626, 0.7295153840726857]],
          "iqty_const": 0.07508545387511549,
          "markup_MAr_coeffs": [[-0.6339339165245184, -0.8423834127416858],
                                [-0.8594599416167197, 0.764320510210053],
                                [-0.09486345332862509, 0.870636648169581]],
          "markup_const": 1.0282077139442771,
          "pbr_limit": 0.38931755455681116,
          "pbr_stop_loss": 0.6106824454431888,
          "rprc_MAr_coeffs": [[-0.8498459864418495, -0.788960353195791],
                              [-0.14703011827832993, -0.6288973932148689],
                              [0.34351470820539926, 0.022983679223376675]],
          "rprc_PBr_coeffs": [[-0.012599844283309842, -0.12549763921657797]],
          "rprc_const": 0.9793579770952126,
          "rqty_MAr_coeffs": [[-0.4637817426058235, 0.7810883579097151],
                              [0.6569201397957646, 0.6098051689301726],
                              [-0.23140900527106278, -0.2885069433797698]],
          "rqty_const": 0.9477868075159568},
 "max_span": 3323.8330598492616,
 "min_span": 450.0358588893918,
 "n_spans": 3,
 "shrt": {"enabled": false,
          "iprc_MAr_coeffs": [[0.0, 0.0], [0.0, 0.0], [0.0, 0.0]],
          "iprc_const": 0.0,
          "iqty_MAr_coeffs": [[0.0, 0.0], [0.0, 0.0], [0.0, 0.0]],
          "iqty_const": 0.0,
          "markup_MAr_coeffs": [[0.0, 0.0], [0.0, 0.0], [0.0, 0.0]],
          "markup_const": 0.0,
          "pbr_limit": 0.0,
          "pbr_stop_loss": 0.0,
          "rprc_MAr_coeffs": [[0.0, 0.0], [0.0, 0.0], [0.0, 0.0]],
          "rprc_PBr_coeffs": [[0.0, 0.0]],
          "rprc_const": 0.0,
          "rqty_MAr_coeffs": [[0.0, 0.0], [0.0, 0.0], [0.0, 0.0]],
          "rqty_const": 0.0}}