{"config_name": "binance_adabusd_211days_adg0.67%_bkr99.94%",
 "logging_level": 0,
 "long": {"enabled": true,
          "iprc_MAr_coeffs": [[-0.03127256647098792, -0.3149671980659177],
                              [-0.01425570868421995, 0.07984461318208548],
                              [-0.4195820378388158, 0.9]],
          "iprc_const": 0.9783091270375674,
          "iqty_MAr_coeffs": [[0.058001365012891125, -0.34396416985664163],
                              [-0.9, 0.7772249323450725],
                              [0.45557289100248505, -0.2987149481830568]],
          "iqty_const": 0.028702915164133865,
          "markup_MAr_coeffs": [[-0.2980747356742109, -0.1444805218656917],
                                [0.008045887587301369, -0.39763437383413675],
                                [-0.39864459795614293, 0.6891307072922085]],
          "markup_const": 1.0131143519424362,
          "pbr_limit": 0.570603731433644,
          "pbr_stop_loss": 0.42939626856635604,
          "rprc_MAr_coeffs": [[-0.8780314080895908, 0.036784371896760794],
                              [0.033467744738455325, -0.04128241391005788],
                              [-0.6034340778389097, 0.33218890462956735]],
          "rprc_PBr_coeffs": [[-0.259589648719072, -0.6002446825513998]],
          "rprc_const": 0.9890333594168803,
          "rqty_MAr_coeffs": [[-0.22969613549076134, 0.32912777146015953],
                              [0.14253155138848955, 0.32998025889195387],
                              [0.5216243326737092, -0.65026381759973]],
          "rqty_const": 1.1163363791836096},
 "max_span": 1447.60770217673,
 "min_span": 1178.3050957128664,
 "n_spans": 3,
 "shrt": {"enabled": false,
          "iprc_MAr_coeffs": [[0.0, 0.0], [0.0, 0.0], [0.0, 0.0]],
          "iprc_const": 0.0,
          "iqty_MAr_coeffs": [[0.0, 0.0], [0.0, 0.0], [0.0, 0.0]],
          "iqty_const": 0.0,
          "markup_MAr_coeffs": [[0.0, 0.0], [0.0, 0.0], [0.0, 0.0]],
          "markup_const": 0.0,
          "pbr_limit": 0.0,
          "pbr_stop_loss": 0.0,
          "rprc_MAr_coeffs": [[0.0, 0.0], [0.0, 0.0], [0.0, 0.0]],
          "rprc_PBr_coeffs": [[0.0, 0.0]],
          "rprc_const": 0.0,
          "rqty_MAr_coeffs": [[0.0, 0.0], [0.0, 0.0], [0.0, 0.0]],
          "rqty_const": 0.0}}