{"config_name": "longonly_binance_linkusdt_274days_adg0.633%_bkr57.14%_eqbal57.79%",
 "logging_level": 0,
 "long": {"enabled": true,
          "eprice_exp_base": 1.1325075538992975,
          "eprice_pprice_diff": 0.01944404212558256,
          "grid_span": 0.14332398299423776,
          "initial_qty_pct": 0.0371002438218581,
          "markup_range": 0.008778126078646307,
          "max_n_entry_orders": 11,
          "min_markup": 0.004877773033190265,
          "n_close_orders": 7,
          "pbr_limit": 1.4316790536665724,
          "secondary_pbr_allocation": 0.30753658589942884,
          "secondary_pprice_diff": 0.06751467322341186},
 "shrt": {"enabled": false,
          "eprice_exp_base": 1.618034,
          "eprice_pprice_diff": 0.001,
          "grid_span": 0.03,
          "initial_qty_pct": 0.001,
          "markup_range": 0.004,
          "max_n_entry_orders": 10,
          "min_markup": 0.0005,
          "n_close_orders": 7,
          "pbr_limit": 0.5,
          "secondary_pbr_allocation": 0,
          "secondary_pprice_diff": 0.21}}