{"config_name": "binance_sxpusdt_211days_adg0.60%_bkr100.00%",
 "logging_level": 0,
 "long": {"enabled": true,
          "iprc_MAr_coeffs": [[-0.08360893864473275, 0.39348494878810303],
                              [0.3034370336008173, -0.23430948212826497],
                              [0.1710005926643185, 0.22427679399587166]],
          "iprc_const": 0.9950524335391665,
          "iqty_MAr_coeffs": [[0.2558046025546524, -0.3204458846401642],
                              [0.4, -0.13281717629872086],
                              [-0.4, 0.4]],
          "iqty_const": 0.5,
          "markup_MAr_coeffs": [[-0.26169458868171586, 0.13518879458455785],
                                [-0.3267303750516941, 0.2236117734771088],
                                [-0.029316802074118926, 0.36090475018009355]],
          "markup_const": 1.0121648204543712,
          "pbr_limit": 0.11660675531444475,
          "pbr_stop_loss": 0.8833932446855552,
          "rprc_MAr_coeffs": [[0.34822178419914457, -0.17513411811528798],
                              [-0.11351354046880993, -0.16969855869132391],
                              [-0.4, 0.4]],
          "rprc_PBr_coeffs": [[-0.7535216959177398, -0.03229436300240424]],
          "rprc_const": 0.97,
          "rqty_MAr_coeffs": [[-0.22471370048306322, -0.058974484983756896],
                              [-0.4, 0.19473714297507966],
                              [0.4, 0.15739570026690386]],
          "rqty_const": 1.3490272954291287},
 "max_span": 6330.900599258673,
 "min_span": 1317.9792759200047,
 "n_spans": 3,
 "shrt": {"enabled": false,
          "iprc_MAr_coeffs": [[0.2662931971772984, -0.4],
                              [-0.15927160738238078, 0.10357077006361341],
                              [0.17404766018457038, 0.2119258583771524]],
          "iprc_const": 0.994375058757088,
          "iqty_MAr_coeffs": [[-0.1626045342097895, -0.4],
                              [0.16171863898416416, -0.021095955732714517],
                              [0.2617478051133296, 0.038730277687394336]],
          "iqty_const": 0.01,
          "markup_MAr_coeffs": [[-0.3029227795975225, -0.052297680212666044],
                                [-0.4, 0.4],
                                [0.11151429053101786, 0.2211868914257104]],
          "markup_const": 0.9779351445034218,
          "pbr_limit": 0.18954391045068414,
          "pbr_stop_loss": 0.21956320972287127,
          "rprc_MAr_coeffs": [[-0.22736075208051088, 0.36172458724589224],
                              [-0.23241382209856723, -0.08498380301121941],
                              [-0.19530250087250708, 0.18551961878767667]],
          "rprc_PBr_coeffs": [[1.0, 0.13945400376540953]],
          "rprc_const": 1.0232306479724929,
          "rqty_MAr_coeffs": [[-0.0367012850865396, 0.25868076250151895],
                              [-0.08411183261304882, -0.3875272827443405],
                              [-0.4, -0.1370449286247207]],
          "rqty_const": 0.9540380507526747}}