{"config_name": "binance_rvnusdt_211days_adg1.06%_bkr99.98%",
 "logging_level": 0,
 "long": {"enabled": true,
          "iprc_MAr_coeffs": [[-0.7514145791607727, 0.7721867595183104],
                              [-0.5826911939562422, 0.053724159693626],
                              [0.16375973043308906, -0.5863743802558319]],
          "iprc_const": 0.97782827736077,
          "iqty_MAr_coeffs": [[0.37293595176512784, -0.22504814419888794],
                              [-0.6715691205906701, -0.4614139761706556],
                              [-0.049905367553768454, 0.12694501013332798]],
          "iqty_const": 0.03418086897951505,
          "markup_MAr_coeffs": [[-0.22898485807150343, -0.4510567898794946],
                                [-0.5080825825979453, 0.537038385027694],
                                [0.03919607845635397, 0.45214653354415435]],
          "markup_const": 1.0189558220499777,
          "pbr_limit": 0.2743715189382404,
          "pbr_stop_loss": 0.7256284810617596,
          "rprc_MAr_coeffs": [[-0.4230461465408884, 0.049708893182744705],
                              [-0.6813356717945352, -0.14009561970111903],
                              [0.7254948523116348, -0.13659430668392197]],
          "rprc_PBr_coeffs": [[0.6277462693777087, -0.5597347495045712]],
          "rprc_const": 0.9874936951778555,
          "rqty_MAr_coeffs": [[0.06400434115855834, -0.3590963854218656],
                              [0.1577582989396489, 0.11432411546357064],
                              [0.35756242497630153, -0.11244230154981673]],
          "rqty_const": 0.23450731500967975},
 "max_span": 4315.010092867423,
 "min_span": 366.935204807216,
 "n_spans": 3,
 "shrt": {"enabled": false,
          "iprc_MAr_coeffs": [[0.0, 0.0], [0.0, 0.0], [0.0, 0.0]],
          "iprc_const": 0.0,
          "iqty_MAr_coeffs": [[0.0, 0.0], [0.0, 0.0], [0.0, 0.0]],
          "iqty_const": 0.0,
          "markup_MAr_coeffs": [[0.0, 0.0], [0.0, 0.0], [0.0, 0.0]],
          "markup_const": 0.0,
          "pbr_limit": 0.0,
          "pbr_stop_loss": 0.0,
          "rprc_MAr_coeffs": [[0.0, 0.0], [0.0, 0.0], [0.0, 0.0]],
          "rprc_PBr_coeffs": [[0.0, 0.0]],
          "rprc_const": 0.0,
          "rqty_MAr_coeffs": [[0.0, 0.0], [0.0, 0.0], [0.0, 0.0]],
          "rqty_const": 0.0}}