{"config_name": "binance_thetausdt_211days_adg-100.00%_bkr5.98%",
 "logging_level": 0,
 "long": {"enabled": true,
          "iprc_MAr_coeffs": [[0.03158133986930556, 0.26016106146189466],
                              [-0.15128030039996848, -0.1555146846319121],
                              [0.14799880194911164, 0.11048194297399261]],
          "iprc_const": 0.9707620890919618,
          "iqty_MAr_coeffs": [[0.2900549862296486, 0.2508939955075441],
                              [-0.4, -0.39897749773301383],
                              [-0.09388358420736181, -0.10553130919542207]],
          "iqty_const": 0.35753836874685896,
          "markup_MAr_coeffs": [[-0.17439797475896457, 0.33921744564140555],
                                [0.16511827282738264, -0.08167453590256402],
                                [-0.0869452926213729, -0.0069731815528398045]],
          "markup_const": 1.0040872968419943,
          "pbr_limit": 0.14853945045264821,
          "pbr_stop_loss": 0.704124365396032,
          "rprc_MAr_coeffs": [[0.07011965366773547, 0.05635579609798165],
                              [0.06539063738858464, -0.02889530987751266],
                              [-0.002135793320625523, -0.2858639328603859]],
          "rprc_PBr_coeffs": [[-0.9035937967711594, 0.023611671562375425]],
          "rprc_const": 0.9722057922133769,
          "rqty_MAr_coeffs": [[-0.13168584125808389, 0.28031978150273323],
                              [0.22613817178108875, -0.24115230817219216],
                              [0.23759660557360593, -0.10078583260684292]],
          "rqty_const": 1.8481518756286843},
 "max_span": 8182.392657674336,
 "min_span": 1021.3174787337929,
 "n_spans": 3,
 "shrt": {"enabled": true,
          "iprc_MAr_coeffs": [[-0.3971291695496119, 0.12388796875635026],
                              [-0.0571827878413965, -0.30248287610534275],
                              [0.2908523027204888, -0.3720492471820556]],
          "iprc_const": 1.010771620705984,
          "iqty_MAr_coeffs": [[0.17401916941376222, -0.34004594921306536],
                              [-0.08158577698325045, 0.1154860058218438],
                              [-0.05150741093939684, 0.11818670511957065]],
          "iqty_const": 0.20053224733236533,
          "markup_MAr_coeffs": [[0.16350438081496035, -0.36231270346357775],
                                [-0.09683634853623811, 0.06937244183090123],
                                [0.22347808073172187, 0.3243185009324872]],
          "markup_const": 0.9719419625828123,
          "pbr_limit": 0.8138367825176732,
          "pbr_stop_loss": 0.5612522456792737,
          "rprc_MAr_coeffs": [[-0.22576788356097519, 0.3336051604487709],
                              [-0.3885614766828306, -0.0495402083354525],
                              [0.1702885324765162, -0.4]],
          "rprc_PBr_coeffs": [[0.8033065137352006, 0.8922494266155064]],
          "rprc_const": 1.0013930854406496,
          "rqty_MAr_coeffs": [[-0.3185006409688845, 0.32827837973426144],
                              [-0.09854398355032858, 0.16339458551197666],
                              [-0.17161597587033114, 0.2815521526889395]],
          "rqty_const": 0.23425416677115313}}