{"config_name": "scalp_longonly_binance_filusdt_248days_adg0.00%_bkr5.79%",
 "logging_level": 0,
 "long": {"enabled": true,
          "markup_range": 0.006212464789592051,
          "min_markup": 0.003080338420257565,
          "n_close_orders": 10,
          "primary_ddown_factor": 2.974922719583194,
          "primary_grid_spacing": 0.0032425263982941463,
          "primary_grid_spacing_pbr_weighting": [0.053955876427455425,
                                                 0.06530244534781676],
          "primary_initial_qty_pct": 0.14877337696011694,
          "primary_pbr_limit": 1.236697643672597,
          "secondary_ddown_factor": 1.3629179583739313,
          "secondary_grid_spacing": 0.22598526074701203,
          "secondary_pbr_limit_added": 0.5242803654901603},
 "shrt": {"enabled": false,
          "markup_range": 0.004,
          "min_markup": 0.0005,
          "n_close_orders": 10,
          "primary_ddown_factor": 0.3,
          "primary_grid_spacing": 0.001,
          "primary_grid_spacing_pbr_weighting": [0, 0],
          "primary_initial_qty_pct": 0.001,
          "primary_pbr_limit": 0.3,
          "secondary_ddown_factor": 0.3,
          "secondary_grid_spacing": 0.09,
          "secondary_pbr_limit_added": 0.3}}