{"config_name": "binance_runeusdt_211days_adg0.36%_bkr100.00%",
 "logging_level": 0,
 "long": {"enabled": true,
          "iprc_MAr_coeffs": [[0.08329551327276516, 0.1340016793098804],
                              [-0.4, -0.4],
                              [0.06277122421453846, 0.07083780306816387]],
          "iprc_const": 0.983510171674281,
          "iqty_MAr_coeffs": [[0.09145853721880969, -0.020843480079219656],
                              [0.39508688561170274, 0.22168042297581347],
                              [0.065848901791127, -0.4]],
          "iqty_const": 0.012177544803060531,
          "markup_MAr_coeffs": [[-0.1337564131757175, 0.21108892632911677],
                                [0.20243671572976202, 0.4],
                                [-0.13589152100817786, -0.4]],
          "markup_const": 1.017740183091946,
          "pbr_limit": 0.0,
          "pbr_stop_loss": 0.8776511605797077,
          "rprc_MAr_coeffs": [[-0.07802730215731112, 0.04463157767211945],
                              [-0.15828135755358333, 0.24482903788393803],
                              [-0.2582073992867941, -0.4]],
          "rprc_PBr_coeffs": [[0.042567113684019976, -0.6266478849587823]],
          "rprc_const": 0.9762293025736993,
          "rqty_MAr_coeffs": [[0.10486705966190271, -0.308851594017706],
                              [-0.15222536222419716, -0.3322924771346399],
                              [0.2378032679818776, -0.4]],
          "rqty_const": 1.1414108102751108},
 "max_span": 2024.2786119509205,
 "min_span": 1397.4376452628549,
 "n_spans": 3,
 "shrt": {"enabled": false,
          "iprc_MAr_coeffs": [[-0.3249270644597651, 0.18714232606084727],
                              [0.23671475038123974, -0.1425427444091159],
                              [0.08807441700913715, 0.2820995176613685]],
          "iprc_const": 1.0063654224137397,
          "iqty_MAr_coeffs": [[-0.10402296024485032, -0.4],
                              [-0.31200576511028083, -0.03822075293764086],
                              [0.12600491007717438, -0.4]],
          "iqty_const": 0.29861116257901194,
          "markup_MAr_coeffs": [[0.11753347688915906, -0.11651957019699408],
                                [0.2148246497694379, 0.2658275370648881],
                                [0.08432886306718697, 0.15650819433119836]],
          "markup_const": 0.9949843614690156,
          "pbr_limit": 0.14830093524756086,
          "pbr_stop_loss": 0.6558231136891606,
          "rprc_MAr_coeffs": [[-0.4, -0.1134037402284211],
                              [-0.08063857519666245, 0.24396665161606756],
                              [-0.3928301340112983, 0.20148769001981431]],
          "rprc_PBr_coeffs": [[0.7681838908994841, 0.9002675071844373]],
          "rprc_const": 1.0,
          "rqty_MAr_coeffs": [[0.08658224887093403, -0.4],
                              [0.026118892293681764, 0.08590245965141602],
                              [-0.08454606262253854, -0.3415039946839757]],
          "rqty_const": 2.0}}