{"config_name": "binance_runeusdt_211days_adg0.56%_bkr99.93%",
 "logging_level": 0,
 "long": {"enabled": true,
          "iprc_MAr_coeffs": [[0.009466535187145133, -0.11685886010460253],
                              [0.24854535789124066, -0.014612085464275164],
                              [0.44473567652137624, -0.04673698602799973]],
          "iprc_const": 0.9766565502961992,
          "iqty_MAr_coeffs": [[-0.43539698772828156, 0.36661417372581223],
                              [-0.06338918612547696, -0.4310104070409387],
                              [0.09676491283902171, 0.5]],
          "iqty_const": 0.028388452057136825,
          "markup_MAr_coeffs": [[-0.11256152453447689, -0.143736218032361],
                                [-0.3374389073010355, 0.060969486509722254],
                                [-0.09381599640634661, -0.0008529677568333383]],
          "markup_const": 1.0225402627674818,
          "pbr_limit": 1.0,
          "pbr_stop_loss": 0.0,
          "rprc_MAr_coeffs": [[-0.34428973017180725, -0.09530524743352288],
                              [-0.4539674034132838, -0.5],
                              [-0.22841449242707723, -0.2662940921677018]],
          "rprc_PBr_coeffs": [[0.2018932294179762, -0.8548017818490979]],
          "rprc_const": 0.9711076239557356,
          "rqty_MAr_coeffs": [[-0.06677495047930375, 0.1672438690010714],
                              [-0.00474224922851566, 0.5],
                              [0.41975968746118153, -0.28587824655816846]],
          "rqty_const": 1.893290298515493},
 "max_span": 2748.144322131391,
 "min_span": 1400.288202388491,
 "n_spans": 3,
 "shrt": {"enabled": false,
          "iprc_MAr_coeffs": [[0.0, 0.0], [0.0, 0.0], [0.0, 0.0]],
          "iprc_const": 0.0,
          "iqty_MAr_coeffs": [[0.0, 0.0], [0.0, 0.0], [0.0, 0.0]],
          "iqty_const": 0.0,
          "markup_MAr_coeffs": [[0.0, 0.0], [0.0, 0.0], [0.0, 0.0]],
          "markup_const": 0.0,
          "pbr_limit": 0.0,
          "pbr_stop_loss": 0.0,
          "rprc_MAr_coeffs": [[0.0, 0.0], [0.0, 0.0], [0.0, 0.0]],
          "rprc_PBr_coeffs": [[0.0, 0.0]],
          "rprc_const": 0.0,
          "rqty_MAr_coeffs": [[0.0, 0.0], [0.0, 0.0], [0.0, 0.0]],
          "rqty_const": 0.0}}