{
  "avg_periodic_gain_key": "avg_3days_gain",
  "base_dir": "/Users/erwinhoeckx/passivbot_configs/backtests",
  "break_early_factor": 0.5,
  "c_mult": 1.0,
  "caches_dirpath": "/Users/erwinhoeckx/passivbot_configs/backtests/binance/XLMUSDT/caches/",
  "config_name": "name",
  "do_long": true,
  "do_shrt": true,
  "end_date": "2021-07-01",
  "exchange": "binance",
  "hedge_mode": true,
  "inverse": false,
  "iters": 10,
  "latency_simulation_ms": 750,
  "logging_level": 0,
  "long\u00a3enabled": true,
  "long\u00a3iprc_MAr_coeffs$00$00": 0.39948105341533313,
  "long\u00a3iprc_MAr_coeffs$00$01": 0.07656602733582601,
  "long\u00a3iprc_MAr_coeffs$01$00": 0.11148118972813725,
  "long\u00a3iprc_MAr_coeffs$01$01": 0.049167388516494825,
  "long\u00a3iprc_MAr_coeffs$02$00": -0.1898605988975927,
  "long\u00a3iprc_MAr_coeffs$02$01": -0.3293935508860849,
  "long\u00a3iprc_const": 0.9786415454170431,
  "long\u00a3iqty_MAr_coeffs$00$00": -0.01774123166796482,
  "long\u00a3iqty_MAr_coeffs$00$01": 0.17109540843713456,
  "long\u00a3iqty_MAr_coeffs$01$00": -0.16526554485396155,
  "long\u00a3iqty_MAr_coeffs$01$01": 0.08028682127817621,
  "long\u00a3iqty_MAr_coeffs$02$00": 0.25633924268877006,
  "long\u00a3iqty_MAr_coeffs$02$01": 0.3806963411846276,
  "long\u00a3iqty_const": 0.44809635658307734,
  "long\u00a3markup_MAr_coeffs$00$00": -0.2238784415372888,
  "long\u00a3markup_MAr_coeffs$00$01": 0.2995197117373508,
  "long\u00a3markup_MAr_coeffs$01$00": 0.3390854256774326,
  "long\u00a3markup_MAr_coeffs$01$01": -0.25295074954609553,
  "long\u00a3markup_MAr_coeffs$02$00": 0.09833140048218247,
  "long\u00a3markup_MAr_coeffs$02$01": -0.14338832706249688,
  "long\u00a3markup_const": 1.0240161615836603,
  "long\u00a3pbr_limit": 1.873460699698443,
  "long\u00a3pbr_stop_loss": 0.47061572228552084,
  "long\u00a3rprc_MAr_coeffs$00$00": 0.31875348526031744,
  "long\u00a3rprc_MAr_coeffs$00$01": 0.34928385679197016,
  "long\u00a3rprc_MAr_coeffs$01$00": 0.1688957817493838,
  "long\u00a3rprc_MAr_coeffs$01$01": 0.05935955105381885,
  "long\u00a3rprc_MAr_coeffs$02$00": 0.11390926345098173,
  "long\u00a3rprc_MAr_coeffs$02$01": 0.14992467636774154,
  "long\u00a3rprc_PBr_coeffs$00$00": -0.04999474437423468,
  "long\u00a3rprc_PBr_coeffs$00$01": -0.30016311715158606,
  "long\u00a3rprc_const": 0.9799061164455594,
  "long\u00a3rqty_MAr_coeffs$00$00": 0.3526120838686708,
  "long\u00a3rqty_MAr_coeffs$00$01": -0.03802149275038935,
  "long\u00a3rqty_MAr_coeffs$01$00": 0.1707780105106228,
  "long\u00a3rqty_MAr_coeffs$01$01": -0.262050108971261,
  "long\u00a3rqty_MAr_coeffs$02$00": -0.30862859918771673,
  "long\u00a3rqty_MAr_coeffs$02$01": 0.15609381297248026,
  "long\u00a3rqty_const": 0.9680214878315299,
  "maker_fee": 0.0002,
  "market_type": "futures",
  "max_leverage": 75,
  "max_span": 26733.724171423622,
  "maximum_hrs_no_fills": 72,
  "maximum_hrs_no_fills_same_side": 144,
  "metric": "adjusted_daily_gain",
  "min_cost": 5.0,
  "min_qty": 1.0,
  "min_span": 202.7953674916636,
  "minimum_bankruptcy_distance": 0.5,
  "minimum_equity_balance_ratio": 0.5,
  "minimum_sharpe_ratio": 1,
  "minimum_slice_adg": 1,
  "n_days": 29.999988425925928,
  "n_particles": 48,
  "n_spans": 3,
  "num_cpus": 4,
  "optimize_dirpath": "/Users/erwinhoeckx/passivbot_configs/backtests/binance/XLMUSDT/optimize/2021-07-27T222735/",
  "options": {
    "c1": 1.4962,
    "c2": 1.4962,
    "w": 0.7298
  },
  "periodic_gain_n_days": 3,
  "plots_dirpath": "/Users/erwinhoeckx/passivbot_configs/backtests/binance/XLMUSDT/plots/",
  "price_step": 1e-05,
  "qty_step": 1.0,
  "ranges": {
    "long\u00a3iprc_MAr_coeffs$00$00": [
      -0.4,
      0.4
    ],
    "long\u00a3iprc_MAr_coeffs$00$01": [
      -0.4,
      0.4
    ],
    "long\u00a3iprc_MAr_coeffs$01$00": [
      -0.4,
      0.4
    ],
    "long\u00a3iprc_MAr_coeffs$01$01": [
      -0.4,
      0.4
    ],
    "long\u00a3iprc_MAr_coeffs$02$00": [
      -0.4,
      0.4
    ],
    "long\u00a3iprc_MAr_coeffs$02$01": [
      -0.4,
      0.4
    ],
    "long\u00a3iprc_const": [
      0.97,
      1.01
    ],
    "long\u00a3iqty_MAr_coeffs$00$00": [
      -0.4,
      0.4
    ],
    "long\u00a3iqty_MAr_coeffs$00$01": [
      -0.4,
      0.4
    ],
    "long\u00a3iqty_MAr_coeffs$01$00": [
      -0.4,
      0.4
    ],
    "long\u00a3iqty_MAr_coeffs$01$01": [
      -0.4,
      0.4
    ],
    "long\u00a3iqty_MAr_coeffs$02$00": [
      -0.4,
      0.4
    ],
    "long\u00a3iqty_MAr_coeffs$02$01": [
      -0.4,
      0.4
    ],
    "long\u00a3iqty_const": [
      0.01,
      0.5
    ],
    "long\u00a3markup_MAr_coeffs$00$00": [
      -0.4,
      0.4
    ],
    "long\u00a3markup_MAr_coeffs$00$01": [
      -0.4,
      0.4
    ],
    "long\u00a3markup_MAr_coeffs$01$00": [
      -0.4,
      0.4
    ],
    "long\u00a3markup_MAr_coeffs$01$01": [
      -0.4,
      0.4
    ],
    "long\u00a3markup_MAr_coeffs$02$00": [
      -0.4,
      0.4
    ],
    "long\u00a3markup_MAr_coeffs$02$01": [
      -0.4,
      0.4
    ],
    "long\u00a3markup_const": [
      1,
      1.03
    ],
    "long\u00a3pbr_limit": [
      0.1,
      2
    ],
    "long\u00a3pbr_stop_loss": [
      -0.1,
      0.5
    ],
    "long\u00a3rprc_MAr_coeffs$00$00": [
      -0.4,
      0.4
    ],
    "long\u00a3rprc_MAr_coeffs$00$01": [
      -0.4,
      0.4
    ],
    "long\u00a3rprc_MAr_coeffs$01$00": [
      -0.4,
      0.4
    ],
    "long\u00a3rprc_MAr_coeffs$01$01": [
      -0.4,
      0.4
    ],
    "long\u00a3rprc_MAr_coeffs$02$00": [
      -0.4,
      0.4
    ],
    "long\u00a3rprc_MAr_coeffs$02$01": [
      -0.4,
      0.4
    ],
    "long\u00a3rprc_PBr_coeffs$00$00": [
      -1,
      0.1
    ],
    "long\u00a3rprc_PBr_coeffs$00$01": [
      -1,
      0.1
    ],
    "long\u00a3rprc_const": [
      0.97,
      1
    ],
    "long\u00a3rqty_MAr_coeffs$00$00": [
      -0.4,
      0.4
    ],
    "long\u00a3rqty_MAr_coeffs$00$01": [
      -0.4,
      0.4
    ],
    "long\u00a3rqty_MAr_coeffs$01$00": [
      -0.4,
      0.4
    ],
    "long\u00a3rqty_MAr_coeffs$01$01": [
      -0.4,
      0.4
    ],
    "long\u00a3rqty_MAr_coeffs$02$00": [
      -0.4,
      0.4
    ],
    "long\u00a3rqty_MAr_coeffs$02$01": [
      -0.4,
      0.4
    ],
    "long\u00a3rqty_const": [
      0,
      2
    ],
    "max_span": [
      720,
      30000
    ],
    "min_span": [
      20,
      720
    ],
    "shrt\u00a3iprc_MAr_coeffs$00$00": [
      -0.4,
      0.4
    ],
    "shrt\u00a3iprc_MAr_coeffs$00$01": [
      -0.4,
      0.4
    ],
    "shrt\u00a3iprc_MAr_coeffs$01$00": [
      -0.4,
      0.4
    ],
    "shrt\u00a3iprc_MAr_coeffs$01$01": [
      -0.4,
      0.4
    ],
    "shrt\u00a3iprc_MAr_coeffs$02$00": [
      -0.4,
      0.4
    ],
    "shrt\u00a3iprc_MAr_coeffs$02$01": [
      -0.4,
      0.4
    ],
    "shrt\u00a3iprc_const": [
      0.99,
      1.03
    ],
    "shrt\u00a3iqty_MAr_coeffs$00$00": [
      -0.4,
      0.4
    ],
    "shrt\u00a3iqty_MAr_coeffs$00$01": [
      -0.4,
      0.4
    ],
    "shrt\u00a3iqty_MAr_coeffs$01$00": [
      -0.4,
      0.4
    ],
    "shrt\u00a3iqty_MAr_coeffs$01$01": [
      -0.4,
      0.4
    ],
    "shrt\u00a3iqty_MAr_coeffs$02$00": [
      -0.4,
      0.4
    ],
    "shrt\u00a3iqty_MAr_coeffs$02$01": [
      -0.4,
      0.4
    ],
    "shrt\u00a3iqty_const": [
      0.01,
      0.5
    ],
    "shrt\u00a3markup_MAr_coeffs$00$00": [
      -0.4,
      0.4
    ],
    "shrt\u00a3markup_MAr_coeffs$00$01": [
      -0.4,
      0.4
    ],
    "shrt\u00a3markup_MAr_coeffs$01$00": [
      -0.4,
      0.4
    ],
    "shrt\u00a3markup_MAr_coeffs$01$01": [
      -0.4,
      0.4
    ],
    "shrt\u00a3markup_MAr_coeffs$02$00": [
      -0.4,
      0.4
    ],
    "shrt\u00a3markup_MAr_coeffs$02$01": [
      -0.4,
      0.4
    ],
    "shrt\u00a3markup_const": [
      0.97,
      1
    ],
    "shrt\u00a3pbr_limit": [
      0.1,
      2
    ],
    "shrt\u00a3pbr_stop_loss": [
      -0.1,
      0.5
    ],
    "shrt\u00a3rprc_MAr_coeffs$00$00": [
      -0.4,
      0.4
    ],