{"config_name": "scalp_longonly_binance_c98usdt_13days_adg6.96%_bkr81.93%",
 "logging_level": 0,
 "long": {"enabled": true,
          "markup_range": 0.00913664781724986,
          "min_markup": 0.00322616630324789,
          "n_close_orders": 10,
          "primary_ddown_factor": 2.910811405713754,
          "primary_grid_spacing": 0.0054762855069254695,
          "primary_grid_spacing_pbr_weighting": [0.04480339035505596,
                                                 0.016487149602579597],
          "primary_initial_qty_pct": 0.0026616913928855183,
          "primary_pbr_limit": 1.1840276196626205,
          "secondary_ddown_factor": 1.919511081095098,
          "secondary_grid_spacing": 0.3403296867452362,
          "secondary_pbr_limit_added": 0.7419564087910523},
 "shrt": {"enabled": false,
          "markup_range": 0.004,
          "min_markup": 0.0005,
          "n_close_orders": 10,
          "primary_ddown_factor": 0.3,
          "primary_grid_spacing": 0.001,
          "primary_grid_spacing_pbr_weighting": [0, 0],
          "primary_initial_qty_pct": 0.001,
          "primary_pbr_limit": 0.3,
          "secondary_ddown_factor": 0.3,
          "secondary_grid_spacing": 0.09,
          "secondary_pbr_limit_added": 0.3}}