{"config_name": "binance_sxpusdt_30days_adg-1.23%_bkr100.00%",
 "logging_level": 0,
 "long": {"enabled": true,
          "iprc_MAr_coeffs": [[-0.022826589396903352, 0.24795607209422132],
                              [0.35616514010620315, 0.11585825951006679],
                              [0.3439842598980366, 0.23057242954246782]],
          "iprc_const": 1.009190228714568,
          "iqty_MAr_coeffs": [[-0.2766722112269686, -0.07944241502159849],
                              [0.0890239835103076, -0.21073799864629406],
                              [0.2733161814181213, 0.04574843096779213]],
          "iqty_const": 0.05157816999377248,
          "markup_MAr_coeffs": [[0.3031653236910715, 0.11298222901838195],
                                [0.08155271210233328, 0.34787340190465776],
                                [-0.06615986398621299, -0.06006609169997368]],
          "markup_const": 1.0224945522175322,
          "pbr_limit": 0.13434895129851324,
          "pbr_stop_loss": 0.35905697789409796,
          "rprc_MAr_coeffs": [[-0.05721475073441057, -0.1753941949039974],
                              [0.01655878192447746, -0.18588324036810455],
                              [-0.0364676282267144, 0.36894217074600866]],
          "rprc_PBr_coeffs": [[-0.8514735379227152, -0.5243002766041864]],
          "rprc_const": 0.9982551026969885,
          "rqty_MAr_coeffs": [[0.15225363389908497, 0.18092305058051195],
                              [0.058875159032924285, 0.272880868428229],
                              [0.09779170877273186, 0.045811935811623794]],
          "rqty_const": 1.6437230939519956},
 "max_span": 6378.00081775685,
 "min_span": 176.87742000425956,
 "n_spans": 3,
 "shrt": {"enabled": true,
          "iprc_MAr_coeffs": [[0.08814352799291186, 0.2710230368916876],
                              [0.20001022983799555, 0.36956889020304906],
                              [-0.0065918303910555975, 0.31289577401995816]],
          "iprc_const": 1.008221274684279,
          "iqty_MAr_coeffs": [[0.1942896359326094, 0.15489336972171186],
                              [-0.3280328328096118, 0.17738939270167975],
                              [-0.24768407760057293, 0.014090244396575469]],
          "iqty_const": 0.3540025127173294,
          "markup_MAr_coeffs": [[0.15881928270138845, 0.21595726901421752],
                                [0.12479414763064522, 0.2920746463268733],
                                [0.2772218720988746, 0.004918155815201497]],
          "markup_const": 0.9854241444242606,
          "pbr_limit": 0.3094830258249902,
          "pbr_stop_loss": 0.3641704254313688,
          "rprc_MAr_coeffs": [[-0.13005587780653322, 0.2800295601109022],
                              [0.1539946617493414, -0.3150834202029744],
                              [0.16561840777378012, -0.17346577666383922]],
          "rprc_PBr_coeffs": [[0.20750132585222766, 0.9807682569886335]],
          "rprc_const": 1.019707700041065,
          "rqty_MAr_coeffs": [[0.013517270699277606, -0.169288390149252],
                              [0.349285670939009, -0.060335106702564034],
                              [0.12846576868843917, -0.07466598850136663]],
          "rqty_const": 0.606268144516761}}