{"config_name": "longonly_binance_dydxusdt_22days_adg5.417%_bkr58.86%_eqbal68.26%",
 "logging_level": 0,
 "long": {"enabled": true,
          "eprice_exp_base": 1.618034,
          "eprice_pprice_diff": 0.011603759157018502,
          "grid_span": 0.08252423590307091,
          "initial_qty_pct": 0.08594978161751046,
          "markup_range": 0.008494764569234557,
          "max_n_entry_orders": 12,
          "min_markup": 0.004638098591535554,
          "n_close_orders": 6,
          "pbr_limit": 1.4755433291048625,
          "secondary_pbr_allocation": 0.09480185500476335,
          "secondary_pprice_diff": 0.20083793215417323},
 "shrt": {"enabled": false,
          "eprice_exp_base": 1.618034,
          "eprice_pprice_diff": 0.001,
          "grid_span": 0.03,
          "initial_qty_pct": 0.001,
          "markup_range": 0.004,
          "max_n_entry_orders": 10,
          "min_markup": 0.0005,
          "n_close_orders": 7,
          "pbr_limit": 0.5,
          "secondary_pbr_allocation": 0,
          "secondary_pprice_diff": 0.21}}