{"config_name": "binance_bnbbusd_211days_adg0.31%_bkr99.95%",
 "logging_level": 0,
 "long": {"enabled": true,
          "iprc_MAr_coeffs": [[-0.43680393381524696, -0.13389866408204226],
                              [-0.3072266741772089, 0.6628808968029946],
                              [0.3378162332826034, -0.08268258688753638]],
          "iprc_const": 0.97,
          "iqty_MAr_coeffs": [[0.30051382012381755, 0.14969371408239995],
                              [0.0926897046042932, 0.7141346129611555],
                              [-0.7547031885896834, 0.223120045988292]],
          "iqty_const": 0.06542113820018278,
          "markup_MAr_coeffs": [[-0.8350359935138296, -0.04981480295690956],
                                [-0.5684460259175151, 0.6924604943641743],
                                [-0.13423146869467353, -0.9]],
          "markup_const": 1.0174976195366583,
          "pbr_limit": 0.09776538889715036,
          "pbr_stop_loss": 0.9022346111028496,
          "rprc_MAr_coeffs": [[-0.9, -0.0023012539082585626],
                              [-0.43735931780411114, -0.9],
                              [0.31031557951184213, 0.6335857973219523]],
          "rprc_PBr_coeffs": [[-0.5627228051478693, -0.744967816769365]],
          "rprc_const": 0.9782860627536312,
          "rqty_MAr_coeffs": [[-0.638265405057941, 0.20502130265305238],
                              [0.7796497372969011, 0.9],
                              [-0.368602345425921, 0.7971517016055604]],
          "rqty_const": 1.2590659933157147},
 "max_span": 1440.0,
 "min_span": 626.5071455384797,
 "n_spans": 3,
 "shrt": {"enabled": false,
          "iprc_MAr_coeffs": [[0.0, 0.0], [0.0, 0.0], [0.0, 0.0]],
          "iprc_const": 0.0,
          "iqty_MAr_coeffs": [[0.0, 0.0], [0.0, 0.0], [0.0, 0.0]],
          "iqty_const": 0.0,
          "markup_MAr_coeffs": [[0.0, 0.0], [0.0, 0.0], [0.0, 0.0]],
          "markup_const": 0.0,
          "pbr_limit": 0.0,
          "pbr_stop_loss": 0.0,
          "rprc_MAr_coeffs": [[0.0, 0.0], [0.0, 0.0], [0.0, 0.0]],
          "rprc_PBr_coeffs": [[0.0, 0.0]],
          "rprc_const": 0.0,
          "rqty_MAr_coeffs": [[0.0, 0.0], [0.0, 0.0], [0.0, 0.0]],
          "rqty_const": 0.0}}