{"config_name": "binance_perpusdt_134days_adg0.11%_bkr100.00%",
 "logging_level": 0,
 "long": {"enabled": true,
          "iprc_MAr_coeffs": [[-0.2707540763210631, 0.32541329892367205],
                              [0.22819357746057048, 0.29557543756298715],
                              [-0.1439372414072326, 0.1538179732979981]],
          "iprc_const": 1.0076889141479297,
          "iqty_MAr_coeffs": [[0.08103019199436877, -0.2919365883541237],
                              [-0.2683364269235067, -0.023259106330282466],
                              [-0.013497432940974377, 0.09421354804515998]],
          "iqty_const": 0.29256889111785583,
          "markup_MAr_coeffs": [[0.024768337483372944, -0.35417271579337084],
                                [-0.02456302846230822, -0.1631791642224898],
                                [-0.26062614179997734, 0.31316402700646623]],
          "markup_const": 1.0245285693918689,
          "pbr_limit": 0.9328761864603563,
          "pbr_stop_loss": 0.0517794978511638,
          "rprc_MAr_coeffs": [[-0.09887559303728745, -0.19454452491325275],
                              [-0.08437498640474242, 0.2670775729819251],
                              [-0.11150961088935851, 0.12577085277062125]],
          "rprc_PBr_coeffs": [[-0.2799756538560409, -0.7171266953608325]],
          "rprc_const": 0.9958428637759593,
          "rqty_MAr_coeffs": [[-0.2973558681798152, -0.14805151144722073],
                              [-0.33239557089137683, -0.15607697217702357],
                              [-0.390259926209699, 0.23343185514129736]],
          "rqty_const": 1.1547522777114128},
 "max_span": 682.2398213921316,
 "min_span": 763.23152549643,
 "n_spans": 3,
 "shrt": {"enabled": false,
          "iprc_MAr_coeffs": [[-0.3523395986225229, -0.3708846928417684],
                              [0.22359842193794263, -0.21460767529452243],
                              [-0.187439512281302, -0.21029248114129143]],
          "iprc_const": 1.0217621846093443,
          "iqty_MAr_coeffs": [[-0.4, -0.21443760712475393],
                              [-0.4, -0.20799954429277567],
                              [-0.059057452729841815, -0.06682242829175251]],
          "iqty_const": 0.05746893396085799,
          "markup_MAr_coeffs": [[-0.4, 0.10616159270793217],
                                [-0.07784858624351351, 0.23415036413420226],
                                [0.2838364369126935, -0.004426587245891123]],
          "markup_const": 0.9813537588348847,
          "pbr_limit": 0.13980116293389608,
          "pbr_stop_loss": 0.5525026268142454,
          "rprc_MAr_coeffs": [[-0.3508077999786923, -0.1771789903568238],
                              [0.12790088867130653, 0.11347055156243296],
                              [0.25553608768749575, 0.1703272633014096]],
          "rprc_PBr_coeffs": [[0.41536285790684835, -0.1]],
          "rprc_const": 1.0,
          "rqty_MAr_coeffs": [[0.21858965384208304, -0.04273262023263906],
                              [0.012548649731257706, 0.13236918006723014],
                              [-0.07881233218054087, -0.4]],
          "rqty_const": 0.27522154683864786}}