{"config_name": "scalp_longonly_binance_xlmusdt_248days_adg0.00%_bkr5.61%",
 "logging_level": 0,
 "long": {"enabled": true,
          "markup_range": 0.008424193872775461,
          "min_markup": 0.003771201377197725,
          "n_close_orders": 10,
          "primary_ddown_factor": 2.760049880798622,
          "primary_grid_spacing": 0.024358882233026603,
          "primary_grid_spacing_pbr_weighting": [0.04300116463356686,
                                                 0.023862932153868137],
          "primary_initial_qty_pct": 0.14978795753666965,
          "primary_pbr_limit": 1.224772536785324,
          "secondary_ddown_factor": 0.9608071428330801,
          "secondary_grid_spacing": 0.38421800539936946,
          "secondary_pbr_limit_added": 0.4495722439463608},
 "shrt": {"enabled": false,
          "markup_range": 0.004,
          "min_markup": 0.0005,
          "n_close_orders": 10,
          "primary_ddown_factor": 0.3,
          "primary_grid_spacing": 0.001,
          "primary_grid_spacing_pbr_weighting": [0, 0],
          "primary_initial_qty_pct": 0.001,
          "primary_pbr_limit": 0.3,
          "secondary_ddown_factor": 0.3,
          "secondary_grid_spacing": 0.09,
          "secondary_pbr_limit_added": 0.3}}