{"config_name": "binance_hntbtc_211days_adg0.00%_bkr100.00%",
 "logging_level": 0,
 "long": {"enabled": true,
          "iprc_MAr_coeffs": [[-0.24021959373159502, 0.12283697110759818],
                              [-0.19099829040104974, 0.2674009795624349],
                              [0.1530049074877943, -0.039343996860697346]],
          "iprc_const": 1.0050705938850577,
          "iqty_MAr_coeffs": [[-0.38927710825792294, -0.2754811103542732],
                              [0.04563109170620611, 0.13257007856089661],
                              [0.26570110259129975, 0.042692097934221525]],
          "iqty_const": 0.15597537499375974,
          "markup_MAr_coeffs": [[-0.08111150091418141, 0.278442281715833],
                                [-0.07264664895512163, 0.09275536148187487],
                                [-0.2683925607617235, 0.1437528738516246]],
          "markup_const": 1.0259541943952593,
          "pbr_limit": 0.2753362183731552,
          "pbr_stop_loss": 0.5538790140762798,
          "rprc_MAr_coeffs": [[0.323618727028875, -0.0027760499498987526],
                              [0.20809288806390208, -0.196234469589014],
                              [0.19515060045064148, 0.1594565031892795]],
          "rprc_PBr_coeffs": [[-0.7999551177354727, -0.14283229007722187]],
          "rprc_const": 0.9933818654304689,
          "rqty_MAr_coeffs": [[0.20797075572386095, -0.03402363145289792],
                              [0.1257785424720941, -0.34262471936491495],
                              [-0.08367500974943794, 0.09188994216995888]],
          "rqty_const": 1.2923483357389105},
 "max_span": 2516.5142227923357,
 "min_span": 1313.9202202484944,
 "n_spans": 3,
 "shrt": {"enabled": false,
          "iprc_MAr_coeffs": [[0.0, 0.0], [0.0, 0.0], [0.0, 0.0]],
          "iprc_const": 0.0,
          "iqty_MAr_coeffs": [[0.0, 0.0], [0.0, 0.0], [0.0, 0.0]],
          "iqty_const": 0.0,
          "markup_MAr_coeffs": [[0.0, 0.0], [0.0, 0.0], [0.0, 0.0]],
          "markup_const": 0.0,
          "pbr_limit": 0.0,
          "pbr_stop_loss": 0.0,
          "rprc_MAr_coeffs": [[0.0, 0.0], [0.0, 0.0], [0.0, 0.0]],
          "rprc_PBr_coeffs": [[0.0, 0.0]],
          "rprc_const": 0.0,
          "rqty_MAr_coeffs": [[0.0, 0.0], [0.0, 0.0], [0.0, 0.0]],
          "rqty_const": 0.0}}