{"config_name": "longonly_binance_xtzusdt_274days_adg0.672%_bkr50.87%_eqbal29.39%",
 "logging_level": 0,
 "long": {"enabled": true,
          "eprice_exp_base": 1.059498947525443,
          "eprice_pprice_diff": 0.049925972517623776,
          "grid_span": 0.27061493527630126,
          "initial_qty_pct": 0.150779336524722,
          "markup_range": 0.010534674987858372,
          "max_n_entry_orders": 22,
          "min_markup": 0.009885608540358234,
          "n_close_orders": 8,
          "pbr_limit": 1.254891363687232,
          "secondary_pbr_allocation": 0.1426034020220639,
          "secondary_pprice_diff": 0.4942269334472087},
 "shrt": {"enabled": false,
          "eprice_exp_base": 1.618034,
          "eprice_pprice_diff": 0.001,
          "grid_span": 0.03,
          "initial_qty_pct": 0.001,
          "markup_range": 0.004,
          "max_n_entry_orders": 10,
          "min_markup": 0.0005,
          "n_close_orders": 7,
          "pbr_limit": 0.5,
          "secondary_pbr_allocation": 0,
          "secondary_pprice_diff": 0.21}}