{"config_name": "longonly_binance_xtzusdt_274days_adg0.408%_bkr44.46%_eqbal32.32%",
 "logging_level": 0,
 "long": {"enabled": true,
          "eprice_exp_base": 1.618034,
          "eprice_pprice_diff": 0.015138623546531605,
          "grid_span": 0.24675220878578705,
          "initial_qty_pct": 0.035283371485274245,
          "markup_range": 0.00892387256096445,
          "max_n_entry_orders": 11,
          "min_markup": 0.003911931185433297,
          "n_close_orders": 7,
          "pbr_limit": 1.223371048631523,
          "secondary_pbr_allocation": 0.12049476446024962,
          "secondary_pprice_diff": 0.4911977572033289},
 "shrt": {"enabled": false,
          "eprice_exp_base": 1.618034,
          "eprice_pprice_diff": 0.001,
          "grid_span": 0.03,
          "initial_qty_pct": 0.001,
          "markup_range": 0.004,
          "max_n_entry_orders": 10,
          "min_markup": 0.0005,
          "n_close_orders": 7,
          "pbr_limit": 0.5,
          "secondary_pbr_allocation": 0,
          "secondary_pprice_diff": 0.21}}