{"config_name": "scalp_longonly_binance_eosusdt_248days_adg0.00%_bkr5.95%",
 "logging_level": 0,
 "long": {"enabled": true,
          "markup_range": 0.00929976026027579,
          "min_markup": 0.004564844578056936,
          "n_close_orders": 10,
          "primary_ddown_factor": 2.6722506921537468,
          "primary_grid_spacing": 0.005308207445570841,
          "primary_grid_spacing_pbr_weighting": [0.035998909291383836,
                                                 0.03476526023343949],
          "primary_initial_qty_pct": 0.1274804678738988,
          "primary_pbr_limit": 1.20693316515503,
          "secondary_ddown_factor": 2.5201576602039024,
          "secondary_grid_spacing": 0.15899276668252366,
          "secondary_pbr_limit_added": 0.5885395276180946},
 "shrt": {"enabled": false,
          "markup_range": 0.004,
          "min_markup": 0.0005,
          "n_close_orders": 10,
          "primary_ddown_factor": 0.3,
          "primary_grid_spacing": 0.001,
          "primary_grid_spacing_pbr_weighting": [0, 0],
          "primary_initial_qty_pct": 0.001,
          "primary_pbr_limit": 0.3,
          "secondary_ddown_factor": 0.3,
          "secondary_grid_spacing": 0.09,
          "secondary_pbr_limit_added": 0.3}}