{"config_name": "binance_yfiusdt_211days_adg0.50%_bkr100.00%",
 "logging_level": 0,
 "long": {"enabled": true,
          "iprc_MAr_coeffs": [[-0.3219870639147608, 0.3197488494811715],
                              [0.32736133498390624, -0.1633988570093112],
                              [-0.2579777352397716, 0.2266299465897451]],
          "iprc_const": 0.9976918783719064,
          "iqty_MAr_coeffs": [[0.09612438779708604, 0.29874319942364447],
                              [-0.3069093049587294, -0.09354916495551378],
                              [0.06216981205236937, 0.4]],
          "iqty_const": 0.03731687043616208,
          "markup_MAr_coeffs": [[-0.34815707942743795, 0.12371736198394953],
                                [0.02038153332450757, 0.3130018730788983],
                                [-0.3644847088985749, 0.24062826074019286]],
          "markup_const": 1.0161326605554666,
          "pbr_limit": 0.12390786583760471,
          "pbr_stop_loss": 0.8760921341623953,
          "rprc_MAr_coeffs": [[-0.0496466219779111, -0.1979245554183923],
                              [-0.04132671172861371, 0.4],
                              [-0.12295009651522279, 0.23475383039645645]],
          "rprc_PBr_coeffs": [[-0.011575779723694503, -0.29103754520285224]],
          "rprc_const": 0.9858457632908065,
          "rqty_MAr_coeffs": [[-0.15489378799323147, 0.3811639587048339],
                              [0.2798057831246458, -0.15122463481737106],
                              [-0.4, 0.06476449109441465]],
          "rqty_const": 0.0370369714745015},
 "max_span": 12623.8509723313,
 "min_span": 886.1573840322918,
 "n_spans": 3,
 "shrt": {"enabled": false,
          "iprc_MAr_coeffs": [[0.37041540040279963, -0.2594535558499875],
                              [-0.2262614367148722, -0.10141979570531702],
                              [-0.23265275838151192, 0.20921498383219891]],
          "iprc_const": 1.0100316400093277,
          "iqty_MAr_coeffs": [[0.12905710760054281, 0.31571691353563924],
                              [-0.1382424008135153, -0.10805396434819847],
                              [-0.18988812337324368, 0.38807940414277514]],
          "iqty_const": 0.057140858082362626,
          "markup_MAr_coeffs": [[0.2456765663671548, 0.15520512531471525],
                                [0.06065580952919193, 0.10444974914058255],
                                [-0.03508857505827881, -0.3070309391357489]],
          "markup_const": 0.9745033494957066,
          "pbr_limit": 0.2773853234853231,
          "pbr_stop_loss": 0.314987189297065,
          "rprc_MAr_coeffs": [[-0.035064303740051754, -0.18017067685337784],
                              [0.3140279849119092, -0.11052576490110164],
                              [-0.029160936389033557, 0.18339412117127893]],
          "rprc_PBr_coeffs": [[0.07457262204690183, -0.025448058202421124]],
          "rprc_const": 1.0189821550855365,
          "rqty_MAr_coeffs": [[0.11041998076448123, -0.07963317804532696],
                              [0.07797983786975234, -0.14753152611552908],
                              [0.16697280371849715, -0.19728258396338502]],
          "rqty_const": 1.6498278900373413}}