{"config_name": "scalp_longonly_binance_avaxusdt_248days_adg0.00%_bkr4.10%",
 "logging_level": 0,
 "long": {"enabled": true,
          "markup_range": 0.005193308595005481,
          "min_markup": 0.004730242322577248,
          "n_close_orders": 10,
          "primary_ddown_factor": 1.500684476317641,
          "primary_grid_spacing": 0.00800153974824568,
          "primary_grid_spacing_pbr_weighting": [0.0405896885001724,
                                                 0.04966707065535942],
          "primary_initial_qty_pct": 0.13600453869563695,
          "primary_pbr_limit": 1.2591230668278788,
          "secondary_ddown_factor": 2.146938740212536,
          "secondary_grid_spacing": 0.3804456215204352,
          "secondary_pbr_limit_added": 0.9081036867842063},
 "shrt": {"enabled": false,
          "markup_range": 0.004,
          "min_markup": 0.0005,
          "n_close_orders": 10,
          "primary_ddown_factor": 0.3,
          "primary_grid_spacing": 0.001,
          "primary_grid_spacing_pbr_weighting": [0, 0],
          "primary_initial_qty_pct": 0.001,
          "primary_pbr_limit": 0.3,
          "secondary_ddown_factor": 0.3,
          "secondary_grid_spacing": 0.09,
          "secondary_pbr_limit_added": 0.3}}