{"config_name": "longonly_binance_axsusdt_274days_adg1.099%_bkr49.67%_eqbal50.73%",
 "logging_level": 0,
 "long": {"enabled": true,
          "eprice_exp_base": 2.3523094803292888,
          "eprice_pprice_diff": 0.044496767843243565,
          "grid_span": 0.17778670582173203,
          "initial_qty_pct": 0.07284927425892332,
          "markup_range": 0.007863865401429094,
          "max_n_entry_orders": 13,
          "min_markup": 0.006055268355194374,
          "n_close_orders": 8,
          "pbr_limit": 1.4579890468215417,
          "secondary_pbr_allocation": 0.5849329528746355,
          "secondary_pprice_diff": 0.07202886850880118},
 "shrt": {"enabled": false,
          "eprice_exp_base": 1.618034,
          "eprice_pprice_diff": 0.001,
          "grid_span": 0.03,
          "initial_qty_pct": 0.001,
          "markup_range": 0.004,
          "max_n_entry_orders": 10,
          "min_markup": 0.0005,
          "n_close_orders": 7,
          "pbr_limit": 0.5,
          "secondary_pbr_allocation": 0,
          "secondary_pprice_diff": 0.21}}