{"config_name": "binance_1inchusdt_211days_adg0.24%_bkr100.00%",
 "logging_level": 0,
 "long": {"enabled": true,
          "iprc_MAr_coeffs": [[-0.2513700968911361, 0.10027483927043365],
                              [-0.19408365733683808, 0.12060960892404982],
                              [-0.07380234729814109, 0.12468703944597766]],
          "iprc_const": 1.0012177439386345,
          "iqty_MAr_coeffs": [[0.3773906567541632, -0.25401731750914874],
                              [-0.2849773771046158, -0.06289610428107295],
                              [0.21784925437361913, 0.010661417873691367]],
          "iqty_const": 0.013759927683661115,
          "markup_MAr_coeffs": [[-0.13185231688952648, 0.28824750480480993],
                                [-0.22790216224594056, 0.20580024054372034],
                                [-0.3609610552598046, 0.19244248995814933]],
          "markup_const": 1.0247395786279532,
          "pbr_limit": 0.5475084360130806,
          "pbr_stop_loss": 0.04501183543496424,
          "rprc_MAr_coeffs": [[-0.05412138575724323, 0.24656751348631775],
                              [-0.16018915164589348, 0.26672549430584963],
                              [0.1739669107065943, -0.29061544050063404]],
          "rprc_PBr_coeffs": [[-0.81391886122871, -0.5224652234260068]],
          "rprc_const": 0.9759976120522957,
          "rqty_MAr_coeffs": [[-0.35756605855287243, 0.10465429725370538],
                              [-0.1505091132503613, -0.24684518018748147],
                              [0.11662261251484318, -0.017180448519909877]],
          "rqty_const": 0.6895227549669554},
 "max_span": 472.38324148171785,
 "min_span": 213.69228336646205,
 "n_spans": 3,
 "shrt": {"enabled": false,
          "iprc_MAr_coeffs": [[-0.36350243357462875, -0.29850813652283215],
                              [-0.3678360751415186, 0.33067024929440375],
                              [-0.17792024931319006, 0.12469534511155252]],
          "iprc_const": 1.0053942760161576,
          "iqty_MAr_coeffs": [[0.007952507287598998, 0.3330756685024004],
                              [0.26258836602895835, -0.30594696846061836],
                              [-0.1993591080294443, 0.06542260453659147]],
          "iqty_const": 0.1906578829983699,
          "markup_MAr_coeffs": [[-0.05688242066508672, 0.3235407700041997],
                                [-0.3929439063495864, 0.15562771892648175],
                                [0.18368887181571578, -0.23279273698765546]],
          "markup_const": 0.9957180026637584,
          "pbr_limit": 0.38300194846926716,
          "pbr_stop_loss": 0.32814870979124017,
          "rprc_MAr_coeffs": [[0.2315943418126909, 0.3848076336671875],
                              [-0.04010678977267324, -0.3479058238562498],
                              [0.173601779375348, -0.06200201728336554]],
          "rprc_PBr_coeffs": [[0.6509459380605376, 0.8087781139853153]],
          "rprc_const": 1.0296742656808968,
          "rqty_MAr_coeffs": [[-0.020861087773886424, 0.20671366646533185],
                              [0.04861737579777119, -0.38032602372627833],
                              [-0.37957415972456504, 0.18858031815019494]],
          "rqty_const": 0.4698311483383679}}