{"config_name": "binance_maticusdt_211days_adg1.56%_bkr99.89%",
 "logging_level": 0,
 "long": {"enabled": true,
          "iprc_MAr_coeffs": [[-0.14335040793910858, -0.22256972315327236],
                              [-0.2657814911385486, -0.2995960488245194],
                              [0.5212448908862968, 0.36479792686830953]],
          "iprc_const": 0.9745728684669729,
          "iqty_MAr_coeffs": [[-0.06826960730212417, -0.39981142869660413],
                              [0.7227212328249591, 0.6629752255028724],
                              [0.3377148695179905, 0.3909937368778728]],
          "iqty_const": 0.44944270458807556,
          "markup_MAr_coeffs": [[-0.5704165660306358, 0.4896482075278003],
                                [-0.6884677397929515, -0.3896910553559576],
                                [0.631418723843262, 0.7338111424361261]],
          "markup_const": 1.0205791768849422,
          "pbr_limit": 0.2760558049784797,
          "pbr_stop_loss": 0.7239441950215203,
          "rprc_MAr_coeffs": [[-0.39234247862121296, 0.2771134284623568],
                              [-0.07948009788408454, 0.3509807445646979],
                              [-0.7346067160536874, 0.03550775099425029]],
          "rprc_PBr_coeffs": [[0.2552900018698514, -0.43144402200296106]],
          "rprc_const": 0.9764857683673005,
          "rqty_MAr_coeffs": [[-0.19448416561288356, 0.057463577722391225],
                              [-0.15965324996236957, 0.10109430876595128],
                              [0.2908103258938966, 0.3420207008449722]],
          "rqty_const": 1.959931809031572},
 "max_span": 2822.0834900992336,
 "min_span": 468.8670738634529,
 "n_spans": 3,
 "shrt": {"enabled": false,
          "iprc_MAr_coeffs": [[0.0, 0.0], [0.0, 0.0], [0.0, 0.0]],
          "iprc_const": 0.0,
          "iqty_MAr_coeffs": [[0.0, 0.0], [0.0, 0.0], [0.0, 0.0]],
          "iqty_const": 0.0,
          "markup_MAr_coeffs": [[0.0, 0.0], [0.0, 0.0], [0.0, 0.0]],
          "markup_const": 0.0,
          "pbr_limit": 0.0,
          "pbr_stop_loss": 0.0,
          "rprc_MAr_coeffs": [[0.0, 0.0], [0.0, 0.0], [0.0, 0.0]],
          "rprc_PBr_coeffs": [[0.0, 0.0]],
          "rprc_const": 0.0,
          "rqty_MAr_coeffs": [[0.0, 0.0], [0.0, 0.0], [0.0, 0.0]],
          "rqty_const": 0.0}}