{"config_name": "binance_maticusdt_211days_adg0.86%_bkr100.00%",
 "logging_level": 0,
 "long": {"enabled": true,
          "iprc_MAr_coeffs": [[-0.25743349454868736, 0.3588580276909547],
                              [-0.3100505792499082, -0.12663339489959974],
                              [0.04562317877943504, 0.19954646498425838]],
          "iprc_const": 1.0080680008906542,
          "iqty_MAr_coeffs": [[-0.2957257398632049, -0.23863613522309252],
                              [0.0313964187821569, -0.22552219704652063],
                              [-0.3156011639617113, -0.11517213003657195]],
          "iqty_const": 0.3140593052041162,
          "markup_MAr_coeffs": [[-0.03641450362138122, -0.10638910682163945],
                                [0.08089917007687569, 0.22019834106509817],
                                [0.11545073531818416, 0.36277122893774444]],
          "markup_const": 1.0281506152296314,
          "pbr_limit": 0.02598255266179687,
          "pbr_stop_loss": 0.9160456756959051,
          "rprc_MAr_coeffs": [[0.18040232212358603, -0.08802369277067136],
                              [-0.18199843738481278, 0.2670164510019848],
                              [-0.23871289022083916, 0.021918875133828897]],
          "rprc_PBr_coeffs": [[-0.7262696120592446, -0.36063746073695224]],
          "rprc_const": 0.9986362936617343,
          "rqty_MAr_coeffs": [[-0.19253294834128645, 0.007330422266656824],
                              [-0.08650152897777501, -0.074428275559693],
                              [0.27415796103851336, -0.3874952725119243]],
          "rqty_const": 1.7252867595918495},
 "max_span": 9612.385982155332,
 "min_span": 866.4783994699791,
 "n_spans": 3,
 "shrt": {"enabled": false,
          "iprc_MAr_coeffs": [[-0.20611471455798186, 0.4],
                              [0.4, 0.28698073154811865],
                              [-0.373884796449886, -0.18323126656610178]],
          "iprc_const": 1.03,
          "iqty_MAr_coeffs": [[-0.23258579061565512, 0.24450483125964778],
                              [0.21114799664968065, 0.03434168600978371],
                              [0.11939035965322783, 0.1714953253168789]],
          "iqty_const": 0.4145860227836068,
          "markup_MAr_coeffs": [[0.09599464990813192, 0.13474956077340788],
                                [-0.04946400765933041, -0.19041027884088194],
                                [-0.25494938691893976, 0.35099790172639506]],
          "markup_const": 0.9769601606270572,
          "pbr_limit": 0.47348288550008866,
          "pbr_stop_loss": 0.9197383027785493,
          "rprc_MAr_coeffs": [[-0.31501072429221694, -0.18531032095865665],
                              [-0.2562209386506114, -0.21449982806648027],
                              [0.07286368985939551, 0.3685210988413521]],
          "rprc_PBr_coeffs": [[0.022525168997792114, 0.970870011019772]],
          "rprc_const": 1.026385146351517,
          "rqty_MAr_coeffs": [[0.08276650094520345, 0.25887816555515436],
                              [-0.4, -0.15855525684343114],
                              [0.3221383511232943, -0.30321880472093626]],
          "rqty_const": 0.8665239110826661}}