{"config_name": "binance_zecusdt_211days_adg0.25%_bkr99.91%",
 "logging_level": 0,
 "long": {"enabled": true,
          "iprc_MAr_coeffs": [[-0.8824742355357019, -0.28187570627248015],
                              [0.23975610109500678, 0.41157288312294493],
                              [-0.5671959477218007, -0.4211426852437184]],
          "iprc_const": 0.9747303687484717,
          "iqty_MAr_coeffs": [[-0.7153031553973509, -0.5734292301937643],
                              [0.3643163902863695, 0.3648556333273578],
                              [-0.019967276497536393, 0.02770745846135012]],
          "iqty_const": 0.2615306851280937,
          "markup_MAr_coeffs": [[-0.2772492966137582, 0.149130835633859],
                                [-0.635956005435089, 0.5898774813408673],
                                [0.248979194289317, -0.014115107289788457]],
          "markup_const": 1.0157548575996216,
          "pbr_limit": 0.5746022140020148,
          "pbr_stop_loss": 0.42539778599798517,
          "rprc_MAr_coeffs": [[0.39833322232466445, -0.4263433264798071],
                              [0.6186050089390869, -0.4217410102983849],
                              [0.2694221663794554, -0.27776604794258924]],
          "rprc_PBr_coeffs": [[0.29906013900212897, -0.1764325350860902]],
          "rprc_const": 0.9939325607745263,
          "rqty_MAr_coeffs": [[0.46308369223363677, -0.6243308745623883],
                              [0.5905409519034384, -0.6973282688319614],
                              [-0.20658459799922402, -0.3011174302198024]],
          "rqty_const": 1.8670067715038994},
 "max_span": 4136.542753574368,
 "min_span": 1394.0907481428376,
 "n_spans": 3,
 "shrt": {"enabled": false,
          "iprc_MAr_coeffs": [[0.0, 0.0], [0.0, 0.0], [0.0, 0.0]],
          "iprc_const": 0.0,
          "iqty_MAr_coeffs": [[0.0, 0.0], [0.0, 0.0], [0.0, 0.0]],
          "iqty_const": 0.0,
          "markup_MAr_coeffs": [[0.0, 0.0], [0.0, 0.0], [0.0, 0.0]],
          "markup_const": 0.0,
          "pbr_limit": 0.0,
          "pbr_stop_loss": 0.0,
          "rprc_MAr_coeffs": [[0.0, 0.0], [0.0, 0.0], [0.0, 0.0]],
          "rprc_PBr_coeffs": [[0.0, 0.0]],
          "rprc_const": 0.0,
          "rqty_MAr_coeffs": [[0.0, 0.0], [0.0, 0.0], [0.0, 0.0]],
          "rqty_const": 0.0}}