{"config_name": "scalp_longonly_binance_bnbusdt_248days_adg0.00%_bkr1.51%",
 "logging_level": 0,
 "long": {"enabled": true,
          "markup_range": 0.005722715823554987,
          "min_markup": 0.004056694411304012,
          "n_close_orders": 10,
          "primary_ddown_factor": 2.654344396802099,
          "primary_grid_spacing": 0.008223911021400663,
          "primary_grid_spacing_pbr_weighting": [0.0032914257575941165,
                                                 0.06593004951020208],
          "primary_initial_qty_pct": 0.1225350510264305,
          "primary_pbr_limit": 1.2130079292242868,
          "secondary_ddown_factor": 2.108404569795057,
          "secondary_grid_spacing": 0.3930725051624993,
          "secondary_pbr_limit_added": 0.8057289333713328},
 "shrt": {"enabled": false,
          "markup_range": 0.004,
          "min_markup": 0.0005,
          "n_close_orders": 10,
          "primary_ddown_factor": 0.3,
          "primary_grid_spacing": 0.001,
          "primary_grid_spacing_pbr_weighting": [0, 0],
          "primary_initial_qty_pct": 0.001,
          "primary_pbr_limit": 0.3,
          "secondary_ddown_factor": 0.3,
          "secondary_grid_spacing": 0.09,
          "secondary_pbr_limit_added": 0.3}}